Date,Origin,Destination,Distance_NM,BDI_Index,VLSFO_Price,Is_Monsoon,Freight_Rate_USD
2021-01-01,Hay Point (Australia),Indian East Coast (Paradip/Vizag/Gangavaram),4800,1250,533.68,0,15.58
2021-01-02,Hay Point (Australia),Indian East Coast (Paradip/Vizag/Gangavaram),4800,1219,536.35,0,16.85
2021-01-03,Hay Point (Australia),Indian East Coast (Paradip/Vizag/Gangavaram),4800,1287,540.91,0,15.75
2021-01-04,Hay Point (Australia),Indian East Coast (Paradip/Vizag/Gangavaram),4800,1363,538.85,0,17.67
2021-01-05,Hay Point (Australia),Indian East Coast (Paradip/Vizag/Gangavaram),4800,1279,538.55,0,15.56
2021-01-06,Hay Point (Australia),Indian East Coast (Paradip/Vizag/Gangavaram),4800,1232,540.89,0,15.98
2021-01-07,Hay Point (Australia),Indian East Coast (Paradip/Vizag/Gangavaram),4800,1267,541.35,0,16.71
2021-01-08,Hay Point (Australia),Indian East Coast (Paradip/Vizag/Gangavaram),4800,1276,538.61,0,16.81
2021-01-09,Hay Point (Australia),Indian East Coast (Paradip/Vizag/Gangavaram),4800,1301,540.03,0,16.29
2021-01-10,Hay Point (Australia),Indian East Coast (Paradip/Vizag/Gangavaram),4800,1280,541.89,0,16.74
2021-01-11,Hay Point (Australia),Indian East Coast (Paradip/Vizag/Gangavaram),4800,1355,542.41,0,16.92
2021-01-12,Hay Point (Australia),Indian East Coast (Paradip/Vizag/Gangavaram),4800,1421,543.28,0,16.44
2021-01-13,Hay Point (Australia),Indian East Coast (Paradip/Vizag/Gangavaram),4800,1447,542.85,0,17.67
2021-01-14,Hay Point (Australia),Indian East Coast (Paradip/Vizag/Gangavaram),4800,1530,547.13,0,18.59
2021-01-15,Hay Point (Australia),Indian East Coast (Paradip/Vizag/Gangavaram),4800,1574,544.94,0,18.37
2021-01-16,Hay Point (Australia),Indian East Coast (Paradip/Vizag/Gangavaram),4800,1544,543.6,0,17.75
2021-01-17,Hay Point (Australia),Indian East Coast (Paradip/Vizag/Gangavaram),4800,1583,543.88,0,17.75
2021-01-18,Hay Point (Australia),Indian East Coast (Paradip/Vizag/Gangavaram),4800,1547,546.51,0,16.91
2021-01-19,Hay Point (Australia),Indian East Coast (Paradip/Vizag/Gangavaram),4800,1614,542.67,0,18.56
2021-01-20,Hay Point (Australia),Indian East Coast (Paradip/Vizag/Gangavaram),4800,1628,539.34,0,17.47
2021-01-21,Hay Point (Australia),Indian East Coast (Paradip/Vizag/Gangavaram),4800,1634,534.02,0,17.68
2021-01-22,Hay Point (Australia),Indian East Coast (Paradip/Vizag/Gangavaram),4800,1612,534.33,0,19.23
2021-01-23,Hay Point (Australia),Indian East Coast (Paradip/Vizag/Gangavaram),4800,1697,531.5,0,19.58
2021-01-24,Hay Point (Australia),Indian East Coast (Paradip/Vizag/Gangavaram),4800,1702,530.66,0,19.2
2021-01-25,Hay Point (Australia),Indian East Coast (Paradip/Vizag/Gangavaram),4800,1693,532.66,0,21.21
2021-01-26,Hay Point (Australia),Indian East Coast (Paradip/Vizag/Gangavaram),4800,1688,531.11,0,21.05
2021-01-27,Hay Point (Australia),Indian East Coast (Paradip/Vizag/Gangavaram),4800,1733,531.93,0,21.59
2021-01-28,Hay Point (Australia),Indian East Coast (Paradip/Vizag/Gangavaram),4800,1767,531.3,0,24.69
2021-01-29,Hay Point (Australia),Indian East Coast (Paradip/Vizag/Gangavaram),4800,1802,533.31,0,24.33
2021-01-30,Hay Point (Australia),Indian East Coast (Paradip/Vizag/Gangavaram),4800,1837,534.78,0,23.73
2021-01-31,Hay Point (Australia),Indian East Coast (Paradip/Vizag/Gangavaram),4800,1966,533.06,0,25.96
2021-02-01,Hay Point (Australia),Indian East Coast (Paradip/Vizag/Gangavaram),4800,1949,532.77,0,24.61
2021-02-02,Hay Point (Australia),Indian East Coast (Paradip/Vizag/Gangavaram),4800,1928,535.76,0,25.13
2021-02-03,Hay Point (Australia),Indian East Coast (Paradip/Vizag/Gangavaram),4800,1891,536.98,0,23.06
2021-02-04,Hay Point (Australia),Indian East Coast (Paradip/Vizag/Gangavaram),4800,1934,533.33,0,23.29
2021-02-05,Hay Point (Australia),Indian East Coast (Paradip/Vizag/Gangavaram),4800,2004,535.25,0,23.84
2021-02-06,Hay Point (Australia),Indian East Coast (Paradip/Vizag/Gangavaram),4800,2004,532.43,0,21.26
2021-02-07,Hay Point (Australia),Indian East Coast (Paradip/Vizag/Gangavaram),4800,1963,536.4,0,20.99
2021-02-08,Hay Point (Australia),Indian East Coast (Paradip/Vizag/Gangavaram),4800,1925,539.31,0,20.26
2021-02-09,Hay Point (Australia),Indian East Coast (Paradip/Vizag/Gangavaram),4800,1970,540.21,0,19.52
2021-02-10,Hay Point (Australia),Indian East Coast (Paradip/Vizag/Gangavaram),4800,2018,540.75,0,19.95
2021-02-11,Hay Point (Australia),Indian East Coast (Paradip/Vizag/Gangavaram),4800,2054,540.28,0,19.76
2021-02-12,Hay Point (Australia),Indian East Coast (Paradip/Vizag/Gangavaram),4800,2022,542.23,0,19.91
2021-02-13,Hay Point (Australia),Indian East Coast (Paradip/Vizag/Gangavaram),4800,2041,541.31,0,19.9
2021-02-14,Hay Point (Australia),Indian East Coast (Paradip/Vizag/Gangavaram),4800,2053,542.04,0,20.18
2021-02-15,Hay Point (Australia),Indian East Coast (Paradip/Vizag/Gangavaram),4800,2070,544.49,0,19.95
2021-02-16,Hay Point (Australia),Indian East Coast (Paradip/Vizag/Gangavaram),4800,2123,543.03,0,19.78
2021-02-17,Hay Point (Australia),Indian East Coast (Paradip/Vizag/Gangavaram),4800,2138,541.43,0,20.31
2021-02-18,Hay Point (Australia),Indian East Coast (Paradip/Vizag/Gangavaram),4800,2178,538.24,0,20.8
2021-02-19,Hay Point (Australia),Indian East Coast (Paradip/Vizag/Gangavaram),4800,2183,535.4,0,20.26
2021-02-20,Hay Point (Australia),Indian East Coast (Paradip/Vizag/Gangavaram),4800,2200,530.48,0,20.53
2021-02-21,Hay Point (Australia),Indian East Coast (Paradip/Vizag/Gangavaram),4800,2236,532.51,0,20.83
2021-02-22,Hay Point (Australia),Indian East Coast (Paradip/Vizag/Gangavaram),4800,2156,537.47,0,19.38
2021-02-23,Hay Point (Australia),Indian East Coast (Paradip/Vizag/Gangavaram),4800,2141,541.38,0,20.45
2021-02-24,Hay Point (Australia),Indian East Coast (Paradip/Vizag/Gangavaram),4800,2118,536.99,0,20.37
2021-02-25,Hay Point (Australia),Indian East Coast (Paradip/Vizag/Gangavaram),4800,2087,538.98,0,19.9
2021-02-26,Hay Point (Australia),Indian East Coast (Paradip/Vizag/Gangavaram),4800,2078,542.86,0,21.78
2021-02-27,Hay Point (Australia),Indian East Coast (Paradip/Vizag/Gangavaram),4800,2166,541.63,0,20.39
2021-02-28,Hay Point (Australia),Indian East Coast (Paradip/Vizag/Gangavaram),4800,2121,541.91,0,20.19
2021-03-01,Hay Point (Australia),Indian East Coast (Paradip/Vizag/Gangavaram),4800,2179,536.45,0,20.07
2021-03-02,Hay Point (Australia),Indian East Coast (Paradip/Vizag/Gangavaram),4800,2089,537.17,0,20.08
2021-03-03,Hay Point (Australia),Indian East Coast (Paradip/Vizag/Gangavaram),4800,2077,534.26,0,18.65
2021-03-04,Hay Point (Australia),Indian East Coast (Paradip/Vizag/Gangavaram),4800,2092,534.78,0,19.98
2021-03-05,Hay Point (Australia),Indian East Coast (Paradip/Vizag/Gangavaram),4800,2130,530.51,0,19.53
2021-03-06,Hay Point (Australia),Indian East Coast (Paradip/Vizag/Gangavaram),4800,2174,531.96,0,20.56
2021-03-07,Hay Point (Australia),Indian East Coast (Paradip/Vizag/Gangavaram),4800,2221,534.71,0,19.27
2021-03-08,Hay Point (Australia),Indian East Coast (Paradip/Vizag/Gangavaram),4800,2204,532.54,0,19.77
2021-03-09,Hay Point (Australia),Indian East Coast (Paradip/Vizag/Gangavaram),4800,2181,529.4,0,21.58
2021-03-10,Hay Point (Australia),Indian East Coast (Paradip/Vizag/Gangavaram),4800,2232,523.48,0,21.39
2021-03-11,Hay Point (Australia),Indian East Coast (Paradip/Vizag/Gangavaram),4800,2223,522.69,0,21.17
2021-03-12,Hay Point (Australia),Indian East Coast (Paradip/Vizag/Gangavaram),4800,2155,521.05,0,20.93
2021-03-13,Hay Point (Australia),Indian East Coast (Paradip/Vizag/Gangavaram),4800,2097,516.76,0,19.63
2021-03-14,Hay Point (Australia),Indian East Coast (Paradip/Vizag/Gangavaram),4800,2054,517.91,0,19.13
2021-03-15,Hay Point (Australia),Indian East Coast (Paradip/Vizag/Gangavaram),4800,2089,516.6,0,19.04
2021-03-16,Hay Point (Australia),Indian East Coast (Paradip/Vizag/Gangavaram),4800,2104,513.59,0,20.6
2021-03-17,Hay Point (Australia),Indian East Coast (Paradip/Vizag/Gangavaram),4800,2149,511.99,0,19.84
2021-03-18,Hay Point (Australia),Indian East Coast (Paradip/Vizag/Gangavaram),4800,2131,514.8,0,21.38
2021-03-19,Hay Point (Australia),Indian East Coast (Paradip/Vizag/Gangavaram),4800,2146,516.33,0,19.55
2021-03-20,Hay Point (Australia),Indian East Coast (Paradip/Vizag/Gangavaram),4800,2186,515.87,0,21.58
2021-03-21,Hay Point (Australia),Indian East Coast (Paradip/Vizag/Gangavaram),4800,2173,517.43,0,20.31
2021-03-22,Hay Point (Australia),Indian East Coast (Paradip/Vizag/Gangavaram),4800,2203,514.15,0,21.32
2021-03-23,Hay Point (Australia),Indian East Coast (Paradip/Vizag/Gangavaram),4800,2170,514.11,0,21.25
2021-03-24,Hay Point (Australia),Indian East Coast (Paradip/Vizag/Gangavaram),4800,2266,514.38,0,19.58
2021-03-25,Hay Point (Australia),Indian East Coast (Paradip/Vizag/Gangavaram),4800,2514,512.96,0,21.34
2021-03-26,Hay Point (Australia),Indian East Coast (Paradip/Vizag/Gangavaram),4800,2702,514.0,0,21.93
2021-03-27,Hay Point (Australia),Indian East Coast (Paradip/Vizag/Gangavaram),4800,2856,511.72,0,22.47
2021-03-28,Hay Point (Australia),Indian East Coast (Paradip/Vizag/Gangavaram),4800,2723,512.95,0,23.34
2021-03-29,Hay Point (Australia),Indian East Coast (Paradip/Vizag/Gangavaram),4800,2474,514.29,0,22.01
2021-03-30,Hay Point (Australia),Indian East Coast (Paradip/Vizag/Gangavaram),4800,2249,506.18,0,20.77
2021-03-31,Hay Point (Australia),Indian East Coast (Paradip/Vizag/Gangavaram),4800,2171,509.25,0,20.19
2021-04-01,Hay Point (Australia),Indian East Coast (Paradip/Vizag/Gangavaram),4800,2213,500.78,0,19.3
2021-04-02,Hay Point (Australia),Indian East Coast (Paradip/Vizag/Gangavaram),4800,2212,498.91,0,21.18
2021-04-03,Hay Point (Australia),Indian East Coast (Paradip/Vizag/Gangavaram),4800,2192,501.51,0,19.69
2021-04-04,Hay Point (Australia),Indian East Coast (Paradip/Vizag/Gangavaram),4800,2193,500.45,0,20.71
2021-04-05,Hay Point (Australia),Indian East Coast (Paradip/Vizag/Gangavaram),4800,2105,496.26,0,19.97
2021-04-06,Hay Point (Australia),Indian East Coast (Paradip/Vizag/Gangavaram),4800,2034,493.08,0,19.63
2021-04-07,Hay Point (Australia),Indian East Coast (Paradip/Vizag/Gangavaram),4800,1971,495.66,0,19.07
2021-04-08,Hay Point (Australia),Indian East Coast (Paradip/Vizag/Gangavaram),4800,1929,490.21,0,17.58
2021-04-09,Hay Point (Australia),Indian East Coast (Paradip/Vizag/Gangavaram),4800,1966,493.05,0,18.9
2021-04-10,Hay Point (Australia),Indian East Coast (Paradip/Vizag/Gangavaram),4800,1929,492.67,0,18.86
2021-04-11,Hay Point (Australia),Indian East Coast (Paradip/Vizag/Gangavaram),4800,1923,489.19,0,17.9
2021-04-12,Hay Point (Australia),Indian East Coast (Paradip/Vizag/Gangavaram),4800,2009,487.37,0,19.32
2021-04-13,Hay Point (Australia),Indian East Coast (Paradip/Vizag/Gangavaram),4800,2001,484.35,0,18.76
2021-04-14,Hay Point (Australia),Indian East Coast (Paradip/Vizag/Gangavaram),4800,2053,486.45,0,18.53
2021-04-15,Hay Point (Australia),Indian East Coast (Paradip/Vizag/Gangavaram),4800,2012,488.19,0,19.58
2021-04-16,Hay Point (Australia),Indian East Coast (Paradip/Vizag/Gangavaram),4800,2013,483.25,0,18.37
2021-04-17,Hay Point (Australia),Indian East Coast (Paradip/Vizag/Gangavaram),4800,1972,481.88,0,18.33
2021-04-18,Hay Point (Australia),Indian East Coast (Paradip/Vizag/Gangavaram),4800,1967,479.26,0,17.87
2021-04-19,Hay Point (Australia),Indian East Coast (Paradip/Vizag/Gangavaram),4800,2026,482.49,0,19.95
2021-04-20,Hay Point (Australia),Indian East Coast (Paradip/Vizag/Gangavaram),4800,1942,478.54,0,18.25
2021-04-21,Hay Point (Australia),Indian East Coast (Paradip/Vizag/Gangavaram),4800,1980,482.61,0,18.94
2021-04-22,Hay Point (Australia),Indian East Coast (Paradip/Vizag/Gangavaram),4800,2006,482.22,0,18.83
2021-04-23,Hay Point (Australia),Indian East Coast (Paradip/Vizag/Gangavaram),4800,1986,478.76,0,19.26
2021-04-24,Hay Point (Australia),Indian East Coast (Paradip/Vizag/Gangavaram),4800,1919,476.61,0,18.87
2021-04-25,Hay Point (Australia),Indian East Coast (Paradip/Vizag/Gangavaram),4800,1938,474.12,0,18.87
2021-04-26,Hay Point (Australia),Indian East Coast (Paradip/Vizag/Gangavaram),4800,1923,470.33,0,19.25
2021-04-27,Hay Point (Australia),Indian East Coast (Paradip/Vizag/Gangavaram),4800,1951,470.27,0,19.36
2021-04-28,Hay Point (Australia),Indian East Coast (Paradip/Vizag/Gangavaram),4800,1966,466.6,0,18.05
2021-04-29,Hay Point (Australia),Indian East Coast (Paradip/Vizag/Gangavaram),4800,2068,460.33,0,18.55
2021-04-30,Hay Point (Australia),Indian East Coast (Paradip/Vizag/Gangavaram),4800,2064,458.96,0,18.52
2021-05-01,Hay Point (Australia),Indian East Coast (Paradip/Vizag/Gangavaram),4800,2018,453.71,0,18.41
2021-05-02,Hay Point (Australia),Indian East Coast (Paradip/Vizag/Gangavaram),4800,2040,451.32,0,18.05
2021-05-03,Hay Point (Australia),Indian East Coast (Paradip/Vizag/Gangavaram),4800,2063,448.49,0,17.85
2021-05-04,Hay Point (Australia),Indian East Coast (Paradip/Vizag/Gangavaram),4800,2147,445.76,0,18.18
2021-05-05,Hay Point (Australia),Indian East Coast (Paradip/Vizag/Gangavaram),4800,2200,450.84,0,19.25
2021-05-06,Hay Point (Australia),Indian East Coast (Paradip/Vizag/Gangavaram),4800,2225,450.62,0,19.58
2021-05-07,Hay Point (Australia),Indian East Coast (Paradip/Vizag/Gangavaram),4800,2310,450.91,0,19.58
2021-05-08,Hay Point (Australia),Indian East Coast (Paradip/Vizag/Gangavaram),4800,2246,445.7,0,19.79
2021-05-09,Hay Point (Australia),Indian East Coast (Paradip/Vizag/Gangavaram),4800,2214,443.53,0,19.0
2021-05-10,Hay Point (Australia),Indian East Coast (Paradip/Vizag/Gangavaram),4800,2168,443.73,0,19.42
2021-05-11,Hay Point (Australia),Indian East Coast (Paradip/Vizag/Gangavaram),4800,2153,440.55,0,19.45
2021-05-12,Hay Point (Australia),Indian East Coast (Paradip/Vizag/Gangavaram),4800,2084,442.61,0,19.88
2021-05-13,Hay Point (Australia),Indian East Coast (Paradip/Vizag/Gangavaram),4800,2128,438.94,0,19.18
2021-05-14,Hay Point (Australia),Indian East Coast (Paradip/Vizag/Gangavaram),4800,2123,437.75,0,17.74
2021-05-15,Hay Point (Australia),Indian East Coast (Paradip/Vizag/Gangavaram),4800,2050,435.74,0,18.25
2021-05-16,Hay Point (Australia),Indian East Coast (Paradip/Vizag/Gangavaram),4800,2004,435.76,0,17.75
2021-05-17,Hay Point (Australia),Indian East Coast (Paradip/Vizag/Gangavaram),4800,2033,433.6,0,18.71
2021-05-18,Hay Point (Australia),Indian East Coast (Paradip/Vizag/Gangavaram),4800,2090,432.43,0,17.91
2021-05-19,Hay Point (Australia),Indian East Coast (Paradip/Vizag/Gangavaram),4800,2208,431.35,0,19.4
2021-05-20,Hay Point (Australia),Indian East Coast (Paradip/Vizag/Gangavaram),4800,2373,428.91,0,19.22
2021-05-21,Hay Point (Australia),Indian East Coast (Paradip/Vizag/Gangavaram),4800,2395,429.79,0,20.35
2021-05-22,Hay Point (Australia),Indian East Coast (Paradip/Vizag/Gangavaram),4800,2338,429.99,0,20.05
2021-05-23,Hay Point (Australia),Indian East Coast (Paradip/Vizag/Gangavaram),4800,2221,429.29,0,19.3
2021-05-24,Hay Point (Australia),Indian East Coast (Paradip/Vizag/Gangavaram),4800,2239,427.66,0,19.04
2021-05-25,Hay Point (Australia),Indian East Coast (Paradip/Vizag/Gangavaram),4800,2198,429.36,0,19.46
2021-05-26,Hay Point (Australia),Indian East Coast (Paradip/Vizag/Gangavaram),4800,2179,428.25,0,19.11
2021-05-27,Hay Point (Australia),Indian East Coast (Paradip/Vizag/Gangavaram),4800,2151,426.94,0,19.87
2021-05-28,Hay Point (Australia),Indian East Coast (Paradip/Vizag/Gangavaram),4800,2149,426.75,0,17.89
2021-05-29,Hay Point (Australia),Indian East Coast (Paradip/Vizag/Gangavaram),4800,2214,430.88,0,18.47
2021-05-30,Hay Point (Australia),Indian East Coast (Paradip/Vizag/Gangavaram),4800,2226,426.75,0,21.17
2021-05-31,Hay Point (Australia),Indian East Coast (Paradip/Vizag/Gangavaram),4800,2221,428.35,0,19.18
2021-06-01,Hay Point (Australia),Indian East Coast (Paradip/Vizag/Gangavaram),4800,2167,422.7,1,21.26
2021-06-02,Hay Point (Australia),Indian East Coast (Paradip/Vizag/Gangavaram),4800,2080,422.79,1,20.98
2021-06-03,Hay Point (Australia),Indian East Coast (Paradip/Vizag/Gangavaram),4800,2062,426.57,1,18.66
2021-06-04,Hay Point (Australia),Indian East Coast (Paradip/Vizag/Gangavaram),4800,2068,427.39,1,21.47
2021-06-05,Hay Point (Australia),Indian East Coast (Paradip/Vizag/Gangavaram),4800,2173,427.34,1,22.44
2021-06-06,Hay Point (Australia),Indian East Coast (Paradip/Vizag/Gangavaram),4800,2185,425.3,1,21.12
2021-06-07,Hay Point (Australia),Indian East Coast (Paradip/Vizag/Gangavaram),4800,2243,424.86,1,22.78
2021-06-08,Hay Point (Australia),Indian East Coast (Paradip/Vizag/Gangavaram),4800,2218,423.64,1,22.75
2021-06-09,Hay Point (Australia),Indian East Coast (Paradip/Vizag/Gangavaram),4800,2156,420.97,1,19.92
2021-06-10,Hay Point (Australia),Indian East Coast (Paradip/Vizag/Gangavaram),4800,2108,419.65,1,20.37
2021-06-11,Hay Point (Australia),Indian East Coast (Paradip/Vizag/Gangavaram),4800,2074,419.65,1,20.53
2021-06-12,Hay Point (Australia),Indian East Coast (Paradip/Vizag/Gangavaram),4800,2199,417.02,1,21.15
2021-06-13,Hay Point (Australia),Indian East Coast (Paradip/Vizag/Gangavaram),4800,2157,414.27,1,20.93
2021-06-14,Hay Point (Australia),Indian East Coast (Paradip/Vizag/Gangavaram),4800,2208,410.02,1,21.51
2021-06-15,Hay Point (Australia),Indian East Coast (Paradip/Vizag/Gangavaram),4800,2161,410.53,1,22.04
2021-06-16,Hay Point (Australia),Indian East Coast (Paradip/Vizag/Gangavaram),4800,2216,411.45,1,21.69
2021-06-17,Hay Point (Australia),Indian East Coast (Paradip/Vizag/Gangavaram),4800,2240,411.51,1,21.87
2021-06-18,Hay Point (Australia),Indian East Coast (Paradip/Vizag/Gangavaram),4800,2232,413.57,1,22.42
2021-06-19,Hay Point (Australia),Indian East Coast (Paradip/Vizag/Gangavaram),4800,2231,413.23,1,22.42
2021-06-20,Hay Point (Australia),Indian East Coast (Paradip/Vizag/Gangavaram),4800,2197,413.72,1,21.89
2021-06-21,Hay Point (Australia),Indian East Coast (Paradip/Vizag/Gangavaram),4800,2224,413.96,1,22.74
2021-06-22,Hay Point (Australia),Indian East Coast (Paradip/Vizag/Gangavaram),4800,2200,413.13,1,22.22
2021-06-23,Hay Point (Australia),Indian East Coast (Paradip/Vizag/Gangavaram),4800,2135,411.09,1,21.38
2021-06-24,Hay Point (Australia),Indian East Coast (Paradip/Vizag/Gangavaram),4800,2069,416.52,1,21.67
2021-06-25,Hay Point (Australia),Indian East Coast (Paradip/Vizag/Gangavaram),4800,2085,414.69,1,20.81
2021-06-26,Hay Point (Australia),Indian East Coast (Paradip/Vizag/Gangavaram),4800,2178,412.28,1,22.23
2021-06-27,Hay Point (Australia),Indian East Coast (Paradip/Vizag/Gangavaram),4800,2189,412.86,1,22.49
2021-06-28,Hay Point (Australia),Indian East Coast (Paradip/Vizag/Gangavaram),4800,2185,412.93,1,21.92
2021-06-29,Hay Point (Australia),Indian East Coast (Paradip/Vizag/Gangavaram),4800,2202,408.5,1,21.22
2021-06-30,Hay Point (Australia),Indian East Coast (Paradip/Vizag/Gangavaram),4800,2275,410.93,1,21.03
2021-07-01,Hay Point (Australia),Indian East Coast (Paradip/Vizag/Gangavaram),4800,2286,410.06,1,22.9
2021-07-02,Hay Point (Australia),Indian East Coast (Paradip/Vizag/Gangavaram),4800,2262,406.41,1,21.72
2021-07-03,Hay Point (Australia),Indian East Coast (Paradip/Vizag/Gangavaram),4800,2321,409.02,1,21.88
2021-07-04,Hay Point (Australia),Indian East Coast (Paradip/Vizag/Gangavaram),4800,2341,410.09,1,24.14
2021-07-05,Hay Point (Australia),Indian East Coast (Paradip/Vizag/Gangavaram),4800,2422,406.01,1,21.89
2021-07-06,Hay Point (Australia),Indian East Coast (Paradip/Vizag/Gangavaram),4800,2425,410.21,1,23.27
2021-07-07,Hay Point (Australia),Indian East Coast (Paradip/Vizag/Gangavaram),4800,2350,411.36,1,22.4
2021-07-08,Hay Point (Australia),Indian East Coast (Paradip/Vizag/Gangavaram),4800,2270,410.68,1,21.45
2021-07-09,Hay Point (Australia),Indian East Coast (Paradip/Vizag/Gangavaram),4800,2358,414.36,1,22.78
2021-07-10,Hay Point (Australia),Indian East Coast (Paradip/Vizag/Gangavaram),4800,2448,414.14,1,25.36
2021-07-11,Hay Point (Australia),Indian East Coast (Paradip/Vizag/Gangavaram),4800,2429,413.41,1,22.64
2021-07-12,Hay Point (Australia),Indian East Coast (Paradip/Vizag/Gangavaram),4800,2400,410.95,1,24.58
2021-07-13,Hay Point (Australia),Indian East Coast (Paradip/Vizag/Gangavaram),4800,2473,411.87,1,23.46
2021-07-14,Hay Point (Australia),Indian East Coast (Paradip/Vizag/Gangavaram),4800,2402,412.5,1,22.82
2021-07-15,Hay Point (Australia),Indian East Coast (Paradip/Vizag/Gangavaram),4800,2345,411.88,1,21.35
2021-07-16,Hay Point (Australia),Indian East Coast (Paradip/Vizag/Gangavaram),4800,2374,409.05,1,21.31
2021-07-17,Hay Point (Australia),Indian East Coast (Paradip/Vizag/Gangavaram),4800,2346,408.73,1,21.47
2021-07-18,Hay Point (Australia),Indian East Coast (Paradip/Vizag/Gangavaram),4800,2339,407.86,1,21.24
2021-07-19,Hay Point (Australia),Indian East Coast (Paradip/Vizag/Gangavaram),4800,2324,403.56,1,22.44
2021-07-20,Hay Point (Australia),Indian East Coast (Paradip/Vizag/Gangavaram),4800,2337,398.87,1,22.04
2021-07-21,Hay Point (Australia),Indian East Coast (Paradip/Vizag/Gangavaram),4800,2408,399.72,1,24.21
2021-07-22,Hay Point (Australia),Indian East Coast (Paradip/Vizag/Gangavaram),4800,2404,391.95,1,20.61
2021-07-23,Hay Point (Australia),Indian East Coast (Paradip/Vizag/Gangavaram),4800,2430,391.81,1,21.87
2021-07-24,Hay Point (Australia),Indian East Coast (Paradip/Vizag/Gangavaram),4800,2307,389.82,1,21.43
2021-07-25,Hay Point (Australia),Indian East Coast (Paradip/Vizag/Gangavaram),4800,2299,392.68,1,20.94
2021-07-26,Hay Point (Australia),Indian East Coast (Paradip/Vizag/Gangavaram),4800,2246,390.63,1,21.84
2021-07-27,Hay Point (Australia),Indian East Coast (Paradip/Vizag/Gangavaram),4800,2175,391.72,1,21.8
2021-07-28,Hay Point (Australia),Indian East Coast (Paradip/Vizag/Gangavaram),4800,2125,389.93,1,21.1
2021-07-29,Hay Point (Australia),Indian East Coast (Paradip/Vizag/Gangavaram),4800,2106,389.53,1,20.67
2021-07-30,Hay Point (Australia),Indian East Coast (Paradip/Vizag/Gangavaram),4800,2157,390.82,1,20.68
2021-07-31,Hay Point (Australia),Indian East Coast (Paradip/Vizag/Gangavaram),4800,2082,388.85,1,20.39
2021-08-01,Hay Point (Australia),Indian East Coast (Paradip/Vizag/Gangavaram),4800,2085,390.84,1,21.18
2021-08-02,Hay Point (Australia),Indian East Coast (Paradip/Vizag/Gangavaram),4800,2059,387.42,1,21.06
2021-08-03,Hay Point (Australia),Indian East Coast (Paradip/Vizag/Gangavaram),4800,2042,387.49,1,21.97
2021-08-04,Hay Point (Australia),Indian East Coast (Paradip/Vizag/Gangavaram),4800,2099,389.28,1,20.92
2021-08-05,Hay Point (Australia),Indian East Coast (Paradip/Vizag/Gangavaram),4800,2128,390.34,1,21.03
2021-08-06,Hay Point (Australia),Indian East Coast (Paradip/Vizag/Gangavaram),4800,2199,394.82,1,20.14
2021-08-07,Hay Point (Australia),Indian East Coast (Paradip/Vizag/Gangavaram),4800,2187,392.01,1,20.55
2021-08-08,Hay Point (Australia),Indian East Coast (Paradip/Vizag/Gangavaram),4800,2144,387.53,1,22.54
2021-08-09,Hay Point (Australia),Indian East Coast (Paradip/Vizag/Gangavaram),4800,2129,384.08,1,22.06
2021-08-10,Hay Point (Australia),Indian East Coast (Paradip/Vizag/Gangavaram),4800,2140,385.14,1,19.33
2021-08-11,Hay Point (Australia),Indian East Coast (Paradip/Vizag/Gangavaram),4800,2146,385.75,1,21.2
2021-08-12,Hay Point (Australia),Indian East Coast (Paradip/Vizag/Gangavaram),4800,2083,385.28,1,19.09
2021-08-13,Hay Point (Australia),Indian East Coast (Paradip/Vizag/Gangavaram),4800,2087,381.48,1,19.56
2021-08-14,Hay Point (Australia),Indian East Coast (Paradip/Vizag/Gangavaram),4800,2097,382.82,1,21.51
2021-08-15,Hay Point (Australia),Indian East Coast (Paradip/Vizag/Gangavaram),4800,2234,378.73,1,20.33
2021-08-16,Hay Point (Australia),Indian East Coast (Paradip/Vizag/Gangavaram),4800,2329,381.13,1,21.66
2021-08-17,Hay Point (Australia),Indian East Coast (Paradip/Vizag/Gangavaram),4800,2272,388.15,1,19.2
2021-08-18,Hay Point (Australia),Indian East Coast (Paradip/Vizag/Gangavaram),4800,2247,388.39,1,21.39
2021-08-19,Hay Point (Australia),Indian East Coast (Paradip/Vizag/Gangavaram),4800,2158,389.21,1,20.94
2021-08-20,Hay Point (Australia),Indian East Coast (Paradip/Vizag/Gangavaram),4800,2120,387.11,1,21.14
2021-08-21,Hay Point (Australia),Indian East Coast (Paradip/Vizag/Gangavaram),4800,2133,381.42,1,20.84
2021-08-22,Hay Point (Australia),Indian East Coast (Paradip/Vizag/Gangavaram),4800,2194,379.02,1,21.77
2021-08-23,Hay Point (Australia),Indian East Coast (Paradip/Vizag/Gangavaram),4800,2147,375.28,1,20.51
2021-08-24,Hay Point (Australia),Indian East Coast (Paradip/Vizag/Gangavaram),4800,2105,370.57,1,19.7
2021-08-25,Hay Point (Australia),Indian East Coast (Paradip/Vizag/Gangavaram),4800,1982,374.49,1,19.46
2021-08-26,Hay Point (Australia),Indian East Coast (Paradip/Vizag/Gangavaram),4800,1973,374.45,1,18.49
2021-08-27,Hay Point (Australia),Indian East Coast (Paradip/Vizag/Gangavaram),4800,1914,374.71,1,17.89
2021-08-28,Hay Point (Australia),Indian East Coast (Paradip/Vizag/Gangavaram),4800,1886,373.1,1,18.28
2021-08-29,Hay Point (Australia),Indian East Coast (Paradip/Vizag/Gangavaram),4800,1840,371.85,1,19.28
2021-08-30,Hay Point (Australia),Indian East Coast (Paradip/Vizag/Gangavaram),4800,1839,373.69,1,19.04
2021-08-31,Hay Point (Australia),Indian East Coast (Paradip/Vizag/Gangavaram),4800,1746,372.83,1,18.9
2021-09-01,Hay Point (Australia),Indian East Coast (Paradip/Vizag/Gangavaram),4800,1671,373.49,1,17.3
2021-09-02,Hay Point (Australia),Indian East Coast (Paradip/Vizag/Gangavaram),4800,1799,372.17,1,17.68
2021-09-03,Hay Point (Australia),Indian East Coast (Paradip/Vizag/Gangavaram),4800,1738,370.45,1,18.97
2021-09-04,Hay Point (Australia),Indian East Coast (Paradip/Vizag/Gangavaram),4800,1691,365.84,1,16.25
2021-09-05,Hay Point (Australia),Indian East Coast (Paradip/Vizag/Gangavaram),4800,1813,359.67,1,18.36
2021-09-06,Hay Point (Australia),Indian East Coast (Paradip/Vizag/Gangavaram),4800,1996,358.17,1,19.16
2021-09-07,Hay Point (Australia),Indian East Coast (Paradip/Vizag/Gangavaram),4800,1948,357.54,1,19.43
2021-09-08,Hay Point (Australia),Indian East Coast (Paradip/Vizag/Gangavaram),4800,1949,353.25,1,18.75
2021-09-09,Hay Point (Australia),Indian East Coast (Paradip/Vizag/Gangavaram),4800,1995,352.36,1,19.7
2021-09-10,Hay Point (Australia),Indian East Coast (Paradip/Vizag/Gangavaram),4800,2125,351.72,1,20.39
2021-09-11,Hay Point (Australia),Indian East Coast (Paradip/Vizag/Gangavaram),4800,2094,345.06,1,19.97
2021-09-12,Hay Point (Australia),Indian East Coast (Paradip/Vizag/Gangavaram),4800,2111,341.77,1,19.21
2021-09-13,Hay Point (Australia),Indian East Coast (Paradip/Vizag/Gangavaram),4800,2194,342.08,1,19.98
2021-09-14,Hay Point (Australia),Indian East Coast (Paradip/Vizag/Gangavaram),4800,2256,342.34,1,20.33
2021-09-15,Hay Point (Australia),Indian East Coast (Paradip/Vizag/Gangavaram),4800,2268,338.4,1,21.11
2021-09-16,Hay Point (Australia),Indian East Coast (Paradip/Vizag/Gangavaram),4800,2297,338.04,1,20.61
2021-09-17,Hay Point (Australia),Indian East Coast (Paradip/Vizag/Gangavaram),4800,2244,340.02,1,20.49
2021-09-18,Hay Point (Australia),Indian East Coast (Paradip/Vizag/Gangavaram),4800,2268,341.33,1,21.35
2021-09-19,Hay Point (Australia),Indian East Coast (Paradip/Vizag/Gangavaram),4800,2291,340.27,1,21.19
2021-09-20,Hay Point (Australia),Indian East Coast (Paradip/Vizag/Gangavaram),4800,2349,338.19,1,20.66
2021-09-21,Hay Point (Australia),Indian East Coast (Paradip/Vizag/Gangavaram),4800,2350,335.68,1,22.36
2021-09-22,Hay Point (Australia),Indian East Coast (Paradip/Vizag/Gangavaram),4800,2425,336.15,1,20.73
2021-09-23,Hay Point (Australia),Indian East Coast (Paradip/Vizag/Gangavaram),4800,2540,335.87,1,21.77
2021-09-24,Hay Point (Australia),Indian East Coast (Paradip/Vizag/Gangavaram),4800,2588,336.78,1,22.55
2021-09-25,Hay Point (Australia),Indian East Coast (Paradip/Vizag/Gangavaram),4800,2650,336.34,1,23.18
2021-09-26,Hay Point (Australia),Indian East Coast (Paradip/Vizag/Gangavaram),4800,2686,337.76,1,22.78
2021-09-27,Hay Point (Australia),Indian East Coast (Paradip/Vizag/Gangavaram),4800,2716,337.21,1,22.33
2021-09-28,Hay Point (Australia),Indian East Coast (Paradip/Vizag/Gangavaram),4800,2687,338.54,1,23.55
2021-09-29,Hay Point (Australia),Indian East Coast (Paradip/Vizag/Gangavaram),4800,2739,340.1,1,23.03
2021-09-30,Hay Point (Australia),Indian East Coast (Paradip/Vizag/Gangavaram),4800,2754,337.1,1,24.24
2021-10-01,Hay Point (Australia),Indian East Coast (Paradip/Vizag/Gangavaram),4800,2947,331.38,0,21.7
2021-10-02,Hay Point (Australia),Indian East Coast (Paradip/Vizag/Gangavaram),4800,3090,334.77,0,22.84
2021-10-03,Hay Point (Australia),Indian East Coast (Paradip/Vizag/Gangavaram),4800,3128,334.66,0,22.1
2021-10-04,Hay Point (Australia),Indian East Coast (Paradip/Vizag/Gangavaram),4800,3065,329.19,0,21.75
2021-10-05,Hay Point (Australia),Indian East Coast (Paradip/Vizag/Gangavaram),4800,2970,326.44,0,20.53
2021-10-06,Hay Point (Australia),Indian East Coast (Paradip/Vizag/Gangavaram),4800,3070,327.73,0,22.93
2021-10-07,Hay Point (Australia),Indian East Coast (Paradip/Vizag/Gangavaram),4800,3084,326.16,0,21.91
2021-10-08,Hay Point (Australia),Indian East Coast (Paradip/Vizag/Gangavaram),4800,3113,323.96,0,22.6
2021-10-09,Hay Point (Australia),Indian East Coast (Paradip/Vizag/Gangavaram),4800,2947,326.97,0,22.15
2021-10-10,Hay Point (Australia),Indian East Coast (Paradip/Vizag/Gangavaram),4800,3010,323.31,0,21.84
2021-10-11,Hay Point (Australia),Indian East Coast (Paradip/Vizag/Gangavaram),4800,3026,320.33,0,21.49
2021-10-12,Hay Point (Australia),Indian East Coast (Paradip/Vizag/Gangavaram),4800,2905,320.1,0,20.36
2021-10-13,Hay Point (Australia),Indian East Coast (Paradip/Vizag/Gangavaram),4800,2838,320.35,0,19.96
2021-10-14,Hay Point (Australia),Indian East Coast (Paradip/Vizag/Gangavaram),4800,2832,320.9,0,20.37
2021-10-15,Hay Point (Australia),Indian East Coast (Paradip/Vizag/Gangavaram),4800,2804,322.57,0,20.12
2021-10-16,Hay Point (Australia),Indian East Coast (Paradip/Vizag/Gangavaram),4800,2745,322.3,0,20.17
2021-10-17,Hay Point (Australia),Indian East Coast (Paradip/Vizag/Gangavaram),4800,2700,322.83,0,19.31
2021-10-18,Hay Point (Australia),Indian East Coast (Paradip/Vizag/Gangavaram),4800,2641,321.32,0,20.69
2021-10-19,Hay Point (Australia),Indian East Coast (Paradip/Vizag/Gangavaram),4800,2613,320.68,0,19.97
2021-10-20,Hay Point (Australia),Indian East Coast (Paradip/Vizag/Gangavaram),4800,2686,320.17,0,19.77
2021-10-21,Hay Point (Australia),Indian East Coast (Paradip/Vizag/Gangavaram),4800,2436,319.95,0,20.04
2021-10-22,Hay Point (Australia),Indian East Coast (Paradip/Vizag/Gangavaram),4800,2377,321.25,0,18.74
2021-10-23,Hay Point (Australia),Indian East Coast (Paradip/Vizag/Gangavaram),4800,2348,321.96,0,18.51
2021-10-24,Hay Point (Australia),Indian East Coast (Paradip/Vizag/Gangavaram),4800,2326,321.28,0,18.09
2021-10-25,Hay Point (Australia),Indian East Coast (Paradip/Vizag/Gangavaram),4800,2253,318.28,0,17.72
2021-10-26,Hay Point (Australia),Indian East Coast (Paradip/Vizag/Gangavaram),4800,2083,317.66,0,17.61
2021-10-27,Hay Point (Australia),Indian East Coast (Paradip/Vizag/Gangavaram),4800,2067,316.79,0,16.92
2021-10-28,Hay Point (Australia),Indian East Coast (Paradip/Vizag/Gangavaram),4800,2147,316.51,0,16.79
2021-10-29,Hay Point (Australia),Indian East Coast (Paradip/Vizag/Gangavaram),4800,1997,321.72,0,16.51
2021-10-30,Hay Point (Australia),Indian East Coast (Paradip/Vizag/Gangavaram),4800,2014,319.5,0,17.79
2021-10-31,Hay Point (Australia),Indian East Coast (Paradip/Vizag/Gangavaram),4800,1950,319.85,0,16.14
2021-11-01,Hay Point (Australia),Indian East Coast (Paradip/Vizag/Gangavaram),4800,1906,321.96,0,16.29
2021-11-02,Hay Point (Australia),Indian East Coast (Paradip/Vizag/Gangavaram),4800,1801,321.43,0,15.43
2021-11-03,Hay Point (Australia),Indian East Coast (Paradip/Vizag/Gangavaram),4800,1747,327.0,0,15.31
2021-11-04,Hay Point (Australia),Indian East Coast (Paradip/Vizag/Gangavaram),4800,1795,325.18,0,15.47
2021-11-05,Hay Point (Australia),Indian East Coast (Paradip/Vizag/Gangavaram),4800,1797,325.27,0,15.13
2021-11-06,Hay Point (Australia),Indian East Coast (Paradip/Vizag/Gangavaram),4800,1866,322.31,0,16.03
2021-11-07,Hay Point (Australia),Indian East Coast (Paradip/Vizag/Gangavaram),4800,1899,320.57,0,15.6
2021-11-08,Hay Point (Australia),Indian East Coast (Paradip/Vizag/Gangavaram),4800,1888,320.46,0,16.03
2021-11-09,Hay Point (Australia),Indian East Coast (Paradip/Vizag/Gangavaram),4800,1954,321.97,0,16.69
2021-11-10,Hay Point (Australia),Indian East Coast (Paradip/Vizag/Gangavaram),4800,1944,322.06,0,17.16
2021-11-11,Hay Point (Australia),Indian East Coast (Paradip/Vizag/Gangavaram),4800,1958,324.7,0,16.88
2021-11-12,Hay Point (Australia),Indian East Coast (Paradip/Vizag/Gangavaram),4800,1912,323.66,0,15.17
2021-11-13,Hay Point (Australia),Indian East Coast (Paradip/Vizag/Gangavaram),4800,1890,321.98,0,15.97
2021-11-14,Hay Point (Australia),Indian East Coast (Paradip/Vizag/Gangavaram),4800,1831,328.56,0,15.3
2021-11-15,Hay Point (Australia),Indian East Coast (Paradip/Vizag/Gangavaram),4800,1869,328.85,0,16.15
2021-11-16,Hay Point (Australia),Indian East Coast (Paradip/Vizag/Gangavaram),4800,1789,326.12,0,15.65
2021-11-17,Hay Point (Australia),Indian East Coast (Paradip/Vizag/Gangavaram),4800,1819,323.46,0,15.79
2021-11-18,Hay Point (Australia),Indian East Coast (Paradip/Vizag/Gangavaram),4800,1794,320.12,0,15.65
2021-11-19,Hay Point (Australia),Indian East Coast (Paradip/Vizag/Gangavaram),4800,1844,321.9,0,16.14
2021-11-20,Hay Point (Australia),Indian East Coast (Paradip/Vizag/Gangavaram),4800,1870,320.14,0,16.92
2021-11-21,Hay Point (Australia),Indian East Coast (Paradip/Vizag/Gangavaram),4800,1953,319.72,0,16.15
2021-11-22,Hay Point (Australia),Indian East Coast (Paradip/Vizag/Gangavaram),4800,1973,318.79,0,17.06
2021-11-23,Hay Point (Australia),Indian East Coast (Paradip/Vizag/Gangavaram),4800,1865,320.01,0,16.2
2021-11-24,Hay Point (Australia),Indian East Coast (Paradip/Vizag/Gangavaram),4800,1844,316.95,0,16.09
2021-11-25,Hay Point (Australia),Indian East Coast (Paradip/Vizag/Gangavaram),4800,1762,313.27,0,14.62
2021-11-26,Hay Point (Australia),Indian East Coast (Paradip/Vizag/Gangavaram),4800,1720,313.12,0,14.87
2021-11-27,Hay Point (Australia),Indian East Coast (Paradip/Vizag/Gangavaram),4800,1789,314.0,0,15.85
2021-11-28,Hay Point (Australia),Indian East Coast (Paradip/Vizag/Gangavaram),4800,1809,314.15,0,16.08
2021-11-29,Hay Point (Australia),Indian East Coast (Paradip/Vizag/Gangavaram),4800,1753,311.2,0,14.72
2021-11-30,Hay Point (Australia),Indian East Coast (Paradip/Vizag/Gangavaram),4800,1682,312.29,0,14.86
2021-12-01,Hay Point (Australia),Indian East Coast (Paradip/Vizag/Gangavaram),4800,1671,309.52,0,15.68
2021-12-02,Hay Point (Australia),Indian East Coast (Paradip/Vizag/Gangavaram),4800,1592,307.36,0,14.08
2021-12-03,Hay Point (Australia),Indian East Coast (Paradip/Vizag/Gangavaram),4800,1545,304.05,0,14.57
2021-12-04,Hay Point (Australia),Indian East Coast (Paradip/Vizag/Gangavaram),4800,1553,306.85,0,14.68
2021-12-05,Hay Point (Australia),Indian East Coast (Paradip/Vizag/Gangavaram),4800,1607,307.84,0,14.34
2021-12-06,Hay Point (Australia),Indian East Coast (Paradip/Vizag/Gangavaram),4800,1629,308.75,0,14.68
2021-12-07,Hay Point (Australia),Indian East Coast (Paradip/Vizag/Gangavaram),4800,1491,311.41,0,13.74
2021-12-08,Hay Point (Australia),Indian East Coast (Paradip/Vizag/Gangavaram),4800,1500,318.33,0,14.3
2021-12-09,Hay Point (Australia),Indian East Coast (Paradip/Vizag/Gangavaram),4800,1495,312.96,0,13.62
2021-12-10,Hay Point (Australia),Indian East Coast (Paradip/Vizag/Gangavaram),4800,1510,310.22,0,14.18
2021-12-11,Hay Point (Australia),Indian East Coast (Paradip/Vizag/Gangavaram),4800,1589,307.83,0,15.43
2021-12-12,Hay Point (Australia),Indian East Coast (Paradip/Vizag/Gangavaram),4800,1464,304.79,0,13.99
2021-12-13,Hay Point (Australia),Indian East Coast (Paradip/Vizag/Gangavaram),4800,1423,301.14,0,12.99
2021-12-14,Hay Point (Australia),Indian East Coast (Paradip/Vizag/Gangavaram),4800,1449,299.61,0,14.05
2021-12-15,Hay Point (Australia),Indian East Coast (Paradip/Vizag/Gangavaram),4800,1354,295.59,0,13.41
2021-12-16,Hay Point (Australia),Indian East Coast (Paradip/Vizag/Gangavaram),4800,1430,295.8,0,13.18
2021-12-17,Hay Point (Australia),Indian East Coast (Paradip/Vizag/Gangavaram),4800,1442,295.23,0,13.82
2021-12-18,Hay Point (Australia),Indian East Coast (Paradip/Vizag/Gangavaram),4800,1481,295.84,0,13.38
2021-12-19,Hay Point (Australia),Indian East Coast (Paradip/Vizag/Gangavaram),4800,1439,296.52,0,12.87
2021-12-20,Hay Point (Australia),Indian East Coast (Paradip/Vizag/Gangavaram),4800,1475,297.46,0,14.41
2021-12-21,Hay Point (Australia),Indian East Coast (Paradip/Vizag/Gangavaram),4800,1524,295.75,0,13.95
2021-12-22,Hay Point (Australia),Indian East Coast (Paradip/Vizag/Gangavaram),4800,1524,300.83,0,14.39
2021-12-23,Hay Point (Australia),Indian East Coast (Paradip/Vizag/Gangavaram),4800,1525,300.78,0,13.99
2021-12-24,Hay Point (Australia),Indian East Coast (Paradip/Vizag/Gangavaram),4800,1527,295.03,0,14.27
2021-12-25,Hay Point (Australia),Indian East Coast (Paradip/Vizag/Gangavaram),4800,1466,291.62,0,13.28
2021-12-26,Hay Point (Australia),Indian East Coast (Paradip/Vizag/Gangavaram),4800,1447,286.2,0,13.11
2021-12-27,Hay Point (Australia),Indian East Coast (Paradip/Vizag/Gangavaram),4800,1428,285.58,0,13.32
2021-12-28,Hay Point (Australia),Indian East Coast (Paradip/Vizag/Gangavaram),4800,1439,284.57,0,13.94
2021-12-29,Hay Point (Australia),Indian East Coast (Paradip/Vizag/Gangavaram),4800,1483,282.63,0,13.83
2021-12-30,Hay Point (Australia),Indian East Coast (Paradip/Vizag/Gangavaram),4800,1412,287.43,0,13.44
2021-12-31,Hay Point (Australia),Indian East Coast (Paradip/Vizag/Gangavaram),4800,1395,288.26,0,13.59
2022-01-01,Hay Point (Australia),Indian East Coast (Paradip/Vizag/Gangavaram),4800,1466,289.58,0,14.0
2022-01-02,Hay Point (Australia),Indian East Coast (Paradip/Vizag/Gangavaram),4800,1413,286.39,0,13.65
2022-01-03,Hay Point (Australia),Indian East Coast (Paradip/Vizag/Gangavaram),4800,1357,283.02,0,12.96
2022-01-04,Hay Point (Australia),Indian East Coast (Paradip/Vizag/Gangavaram),4800,1358,282.47,0,12.96
2022-01-05,Hay Point (Australia),Indian East Coast (Paradip/Vizag/Gangavaram),4800,1395,282.29,0,12.91
2022-01-06,Hay Point (Australia),Indian East Coast (Paradip/Vizag/Gangavaram),4800,1385,280.0,0,12.99
2022-01-07,Hay Point (Australia),Indian East Coast (Paradip/Vizag/Gangavaram),4800,1447,280.0,0,13.22
2022-01-08,Hay Point (Australia),Indian East Coast (Paradip/Vizag/Gangavaram),4800,1481,280.0,0,12.99
2022-01-09,Hay Point (Australia),Indian East Coast (Paradip/Vizag/Gangavaram),4800,1513,280.0,0,13.84
2022-01-10,Hay Point (Australia),Indian East Coast (Paradip/Vizag/Gangavaram),4800,1527,280.0,0,13.57
2022-01-11,Hay Point (Australia),Indian East Coast (Paradip/Vizag/Gangavaram),4800,1638,280.0,0,14.65
2022-01-12,Hay Point (Australia),Indian East Coast (Paradip/Vizag/Gangavaram),4800,1606,280.0,0,13.17
2022-01-13,Hay Point (Australia),Indian East Coast (Paradip/Vizag/Gangavaram),4800,1476,280.0,0,13.33
2022-01-14,Hay Point (Australia),Indian East Coast (Paradip/Vizag/Gangavaram),4800,1549,280.0,0,13.55
2022-01-15,Hay Point (Australia),Indian East Coast (Paradip/Vizag/Gangavaram),4800,1505,280.0,0,13.84
2022-01-16,Hay Point (Australia),Indian East Coast (Paradip/Vizag/Gangavaram),4800,1494,280.0,0,13.97
2022-01-17,Hay Point (Australia),Indian East Coast (Paradip/Vizag/Gangavaram),4800,1550,280.0,0,14.72
2022-01-18,Hay Point (Australia),Indian East Coast (Paradip/Vizag/Gangavaram),4800,1442,280.0,0,13.74
2022-01-19,Hay Point (Australia),Indian East Coast (Paradip/Vizag/Gangavaram),4800,1358,280.0,0,12.96
2022-01-20,Hay Point (Australia),Indian East Coast (Paradip/Vizag/Gangavaram),4800,1258,280.0,0,12.7
2022-01-21,Hay Point (Australia),Indian East Coast (Paradip/Vizag/Gangavaram),4800,1205,280.0,0,12.01
2022-01-22,Hay Point (Australia),Indian East Coast (Paradip/Vizag/Gangavaram),4800,1221,280.0,0,12.66
2022-01-23,Hay Point (Australia),Indian East Coast (Paradip/Vizag/Gangavaram),4800,1241,280.0,0,11.85
2022-01-24,Hay Point (Australia),Indian East Coast (Paradip/Vizag/Gangavaram),4800,1247,280.0,0,12.19
2022-01-25,Hay Point (Australia),Indian East Coast (Paradip/Vizag/Gangavaram),4800,1160,280.0,0,12.23
2022-01-26,Hay Point (Australia),Indian East Coast (Paradip/Vizag/Gangavaram),4800,1026,280.0,0,11.71
2022-01-27,Hay Point (Australia),Indian East Coast (Paradip/Vizag/Gangavaram),4800,1027,280.0,0,10.4
2022-01-28,Hay Point (Australia),Indian East Coast (Paradip/Vizag/Gangavaram),4800,998,280.0,0,11.71
2022-01-29,Hay Point (Australia),Indian East Coast (Paradip/Vizag/Gangavaram),4800,1022,280.0,0,11.25
2022-01-30,Hay Point (Australia),Indian East Coast (Paradip/Vizag/Gangavaram),4800,1057,280.0,0,10.55
2022-01-31,Hay Point (Australia),Indian East Coast (Paradip/Vizag/Gangavaram),4800,1061,280.0,0,10.57
2022-02-01,Hay Point (Australia),Indian East Coast (Paradip/Vizag/Gangavaram),4800,1098,280.0,0,11.33
2022-02-02,Hay Point (Australia),Indian East Coast (Paradip/Vizag/Gangavaram),4800,1105,280.0,0,12.25
2022-02-03,Hay Point (Australia),Indian East Coast (Paradip/Vizag/Gangavaram),4800,1127,280.0,0,12.06
2022-02-04,Hay Point (Australia),Indian East Coast (Paradip/Vizag/Gangavaram),4800,1081,280.0,0,12.41
2022-02-05,Hay Point (Australia),Indian East Coast (Paradip/Vizag/Gangavaram),4800,1065,280.0,0,12.22
2022-02-06,Hay Point (Australia),Indian East Coast (Paradip/Vizag/Gangavaram),4800,1071,280.0,0,12.74
2022-02-07,Hay Point (Australia),Indian East Coast (Paradip/Vizag/Gangavaram),4800,1110,280.0,0,13.69
2022-02-08,Hay Point (Australia),Indian East Coast (Paradip/Vizag/Gangavaram),4800,1081,280.0,0,13.9
2022-02-09,Hay Point (Australia),Indian East Coast (Paradip/Vizag/Gangavaram),4800,1103,280.0,0,14.54
2022-02-10,Hay Point (Australia),Indian East Coast (Paradip/Vizag/Gangavaram),4800,1081,280.0,0,13.74
2022-02-11,Hay Point (Australia),Indian East Coast (Paradip/Vizag/Gangavaram),4800,1067,280.0,0,15.02
2022-02-12,Hay Point (Australia),Indian East Coast (Paradip/Vizag/Gangavaram),4800,1106,280.0,0,14.06
2022-02-13,Hay Point (Australia),Indian East Coast (Paradip/Vizag/Gangavaram),4800,988,280.0,0,13.16
2022-02-14,Hay Point (Australia),Indian East Coast (Paradip/Vizag/Gangavaram),4800,913,280.0,0,12.23
2022-02-15,Hay Point (Australia),Indian East Coast (Paradip/Vizag/Gangavaram),4800,829,280.0,0,12.1
2022-02-16,Hay Point (Australia),Indian East Coast (Paradip/Vizag/Gangavaram),4800,702,280.0,0,10.64
2022-02-17,Hay Point (Australia),Indian East Coast (Paradip/Vizag/Gangavaram),4800,670,280.0,0,9.98
2022-02-18,Hay Point (Australia),Indian East Coast (Paradip/Vizag/Gangavaram),4800,718,280.0,0,10.49
2022-02-19,Hay Point (Australia),Indian East Coast (Paradip/Vizag/Gangavaram),4800,706,280.0,0,10.75
2022-02-20,Hay Point (Australia),Indian East Coast (Paradip/Vizag/Gangavaram),4800,722,280.0,0,10.07
2022-02-21,Hay Point (Australia),Indian East Coast (Paradip/Vizag/Gangavaram),4800,786,280.0,0,10.73
2022-02-22,Hay Point (Australia),Indian East Coast (Paradip/Vizag/Gangavaram),4800,860,280.0,0,11.13
2022-02-23,Hay Point (Australia),Indian East Coast (Paradip/Vizag/Gangavaram),4800,855,280.0,0,10.43
2022-02-24,Hay Point (Australia),Indian East Coast (Paradip/Vizag/Gangavaram),4800,929,280.0,0,10.89
2022-02-25,Hay Point (Australia),Indian East Coast (Paradip/Vizag/Gangavaram),4800,930,280.0,0,10.64
2022-02-26,Hay Point (Australia),Indian East Coast (Paradip/Vizag/Gangavaram),4800,880,280.0,0,10.76
2022-02-27,Hay Point (Australia),Indian East Coast (Paradip/Vizag/Gangavaram),4800,846,280.0,0,10.4
2022-02-28,Hay Point (Australia),Indian East Coast (Paradip/Vizag/Gangavaram),4800,764,280.0,0,9.76
2022-03-01,Hay Point (Australia),Indian East Coast (Paradip/Vizag/Gangavaram),4800,718,280.0,0,9.53
2022-03-02,Hay Point (Australia),Indian East Coast (Paradip/Vizag/Gangavaram),4800,702,280.0,0,9.68
2022-03-03,Hay Point (Australia),Indian East Coast (Paradip/Vizag/Gangavaram),4800,752,280.0,0,10.32
2022-03-04,Hay Point (Australia),Indian East Coast (Paradip/Vizag/Gangavaram),4800,851,280.0,0,10.48
2022-03-05,Hay Point (Australia),Indian East Coast (Paradip/Vizag/Gangavaram),4800,775,280.0,0,9.75
2022-03-06,Hay Point (Australia),Indian East Coast (Paradip/Vizag/Gangavaram),4800,800,280.0,0,10.24
2022-03-07,Hay Point (Australia),Indian East Coast (Paradip/Vizag/Gangavaram),4800,744,280.0,0,9.72
2022-03-08,Hay Point (Australia),Indian East Coast (Paradip/Vizag/Gangavaram),4800,776,280.0,0,10.41
2022-03-09,Hay Point (Australia),Indian East Coast (Paradip/Vizag/Gangavaram),4800,772,280.0,0,10.13
2022-03-10,Hay Point (Australia),Indian East Coast (Paradip/Vizag/Gangavaram),4800,672,280.0,0,9.8
2022-03-11,Hay Point (Australia),Indian East Coast (Paradip/Vizag/Gangavaram),4800,733,280.0,0,9.62
2022-03-12,Hay Point (Australia),Indian East Coast (Paradip/Vizag/Gangavaram),4800,704,280.0,0,9.64
2022-03-13,Hay Point (Australia),Indian East Coast (Paradip/Vizag/Gangavaram),4800,679,280.0,0,9.52
2022-03-14,Hay Point (Australia),Indian East Coast (Paradip/Vizag/Gangavaram),4800,625,280.0,0,9.29
2022-03-15,Hay Point (Australia),Indian East Coast (Paradip/Vizag/Gangavaram),4800,596,280.0,0,9.57
2022-03-16,Hay Point (Australia),Indian East Coast (Paradip/Vizag/Gangavaram),4800,632,280.0,0,9.99
2022-03-17,Hay Point (Australia),Indian East Coast (Paradip/Vizag/Gangavaram),4800,630,280.0,0,9.75
2022-03-18,Hay Point (Australia),Indian East Coast (Paradip/Vizag/Gangavaram),4800,659,280.0,0,9.77
2022-03-19,Hay Point (Australia),Indian East Coast (Paradip/Vizag/Gangavaram),4800,690,280.0,0,10.12
2022-03-20,Hay Point (Australia),Indian East Coast (Paradip/Vizag/Gangavaram),4800,778,280.0,0,10.02
2022-03-21,Hay Point (Australia),Indian East Coast (Paradip/Vizag/Gangavaram),4800,763,280.0,0,10.09
2022-03-22,Hay Point (Australia),Indian East Coast (Paradip/Vizag/Gangavaram),4800,679,280.0,0,9.7
2022-03-23,Hay Point (Australia),Indian East Coast (Paradip/Vizag/Gangavaram),4800,753,280.0,0,9.91
2022-03-24,Hay Point (Australia),Indian East Coast (Paradip/Vizag/Gangavaram),4800,740,280.0,0,9.17
2022-03-25,Hay Point (Australia),Indian East Coast (Paradip/Vizag/Gangavaram),4800,816,280.0,0,10.45
2022-03-26,Hay Point (Australia),Indian East Coast (Paradip/Vizag/Gangavaram),4800,846,280.0,0,10.7
2022-03-27,Hay Point (Australia),Indian East Coast (Paradip/Vizag/Gangavaram),4800,842,280.0,0,10.52
2022-03-28,Hay Point (Australia),Indian East Coast (Paradip/Vizag/Gangavaram),4800,869,280.0,0,11.1
2022-03-29,Hay Point (Australia),Indian East Coast (Paradip/Vizag/Gangavaram),4800,997,280.0,0,10.82
2022-03-30,Hay Point (Australia),Indian East Coast (Paradip/Vizag/Gangavaram),4800,1131,280.0,0,11.65
2022-03-31,Hay Point (Australia),Indian East Coast (Paradip/Vizag/Gangavaram),4800,1131,280.0,0,11.68
2022-04-01,Hay Point (Australia),Indian East Coast (Paradip/Vizag/Gangavaram),4800,1138,280.0,0,11.97
2022-04-02,Hay Point (Australia),Indian East Coast (Paradip/Vizag/Gangavaram),4800,1205,280.0,0,12.66
2022-04-03,Hay Point (Australia),Indian East Coast (Paradip/Vizag/Gangavaram),4800,1143,280.0,0,12.82
2022-04-04,Hay Point (Australia),Indian East Coast (Paradip/Vizag/Gangavaram),4800,1161,280.0,0,11.91
2022-04-05,Hay Point (Australia),Indian East Coast (Paradip/Vizag/Gangavaram),4800,1155,280.0,0,11.67
2022-04-06,Hay Point (Australia),Indian East Coast (Paradip/Vizag/Gangavaram),4800,1172,280.0,0,11.78
2022-04-07,Hay Point (Australia),Indian East Coast (Paradip/Vizag/Gangavaram),4800,1111,280.0,0,12.54
2022-04-08,Hay Point (Australia),Indian East Coast (Paradip/Vizag/Gangavaram),4800,1000,285.4,0,12.04
2022-04-09,Hay Point (Australia),Indian East Coast (Paradip/Vizag/Gangavaram),4800,859,290.78,0,10.87
2022-04-10,Hay Point (Australia),Indian East Coast (Paradip/Vizag/Gangavaram),4800,787,289.26,0,9.91
2022-04-11,Hay Point (Australia),Indian East Coast (Paradip/Vizag/Gangavaram),4800,762,293.3,0,9.85
2022-04-12,Hay Point (Australia),Indian East Coast (Paradip/Vizag/Gangavaram),4800,749,299.27,0,10.45
2022-04-13,Hay Point (Australia),Indian East Coast (Paradip/Vizag/Gangavaram),4800,891,305.44,0,11.54
2022-04-14,Hay Point (Australia),Indian East Coast (Paradip/Vizag/Gangavaram),4800,971,307.22,0,10.84
2022-04-15,Hay Point (Australia),Indian East Coast (Paradip/Vizag/Gangavaram),4800,904,313.35,0,11.22
2022-04-16,Hay Point (Australia),Indian East Coast (Paradip/Vizag/Gangavaram),4800,931,318.87,0,12.03
2022-04-17,Hay Point (Australia),Indian East Coast (Paradip/Vizag/Gangavaram),4800,904,328.89,0,11.35
2022-04-18,Hay Point (Australia),Indian East Coast (Paradip/Vizag/Gangavaram),4800,887,329.9,0,11.89
2022-04-19,Hay Point (Australia),Indian East Coast (Paradip/Vizag/Gangavaram),4800,902,331.58,0,11.75
2022-04-20,Hay Point (Australia),Indian East Coast (Paradip/Vizag/Gangavaram),4800,948,333.83,0,11.67
2022-04-21,Hay Point (Australia),Indian East Coast (Paradip/Vizag/Gangavaram),4800,925,335.6,0,11.53
2022-04-22,Hay Point (Australia),Indian East Coast (Paradip/Vizag/Gangavaram),4800,1001,336.29,0,12.01
2022-04-23,Hay Point (Australia),Indian East Coast (Paradip/Vizag/Gangavaram),4800,918,331.89,0,11.11
2022-04-24,Hay Point (Australia),Indian East Coast (Paradip/Vizag/Gangavaram),4800,919,333.83,0,11.4
2022-04-25,Hay Point (Australia),Indian East Coast (Paradip/Vizag/Gangavaram),4800,1105,337.97,0,13.41
2022-04-26,Hay Point (Australia),Indian East Coast (Paradip/Vizag/Gangavaram),4800,1115,339.76,0,12.57
2022-04-27,Hay Point (Australia),Indian East Coast (Paradip/Vizag/Gangavaram),4800,1211,348.15,0,13.7
2022-04-28,Hay Point (Australia),Indian East Coast (Paradip/Vizag/Gangavaram),4800,1207,351.31,0,13.19
2022-04-29,Hay Point (Australia),Indian East Coast (Paradip/Vizag/Gangavaram),4800,1238,357.94,0,13.46
2022-04-30,Hay Point (Australia),Indian East Coast (Paradip/Vizag/Gangavaram),4800,1222,361.75,0,13.81
2022-05-01,Hay Point (Australia),Indian East Coast (Paradip/Vizag/Gangavaram),4800,1198,367.09,0,13.26
2022-05-02,Hay Point (Australia),Indian East Coast (Paradip/Vizag/Gangavaram),4800,1131,370.93,0,13.41
2022-05-03,Hay Point (Australia),Indian East Coast (Paradip/Vizag/Gangavaram),4800,1153,377.71,0,12.58
2022-05-04,Hay Point (Australia),Indian East Coast (Paradip/Vizag/Gangavaram),4800,1082,380.9,0,13.34
2022-05-05,Hay Point (Australia),Indian East Coast (Paradip/Vizag/Gangavaram),4800,1121,385.26,0,12.29
2022-05-06,Hay Point (Australia),Indian East Coast (Paradip/Vizag/Gangavaram),4800,1188,389.24,0,13.56
2022-05-07,Hay Point (Australia),Indian East Coast (Paradip/Vizag/Gangavaram),4800,1201,391.41,0,14.52
2022-05-08,Hay Point (Australia),Indian East Coast (Paradip/Vizag/Gangavaram),4800,1167,395.44,0,14.52
2022-05-09,Hay Point (Australia),Indian East Coast (Paradip/Vizag/Gangavaram),4800,1186,404.41,0,13.13
2022-05-10,Hay Point (Australia),Indian East Coast (Paradip/Vizag/Gangavaram),4800,1150,406.52,0,13.04
2022-05-11,Hay Point (Australia),Indian East Coast (Paradip/Vizag/Gangavaram),4800,1203,410.48,0,13.59
2022-05-12,Hay Point (Australia),Indian East Coast (Paradip/Vizag/Gangavaram),4800,1060,416.67,0,13.54
2022-05-13,Hay Point (Australia),Indian East Coast (Paradip/Vizag/Gangavaram),4800,1026,422.5,0,12.76
2022-05-14,Hay Point (Australia),Indian East Coast (Paradip/Vizag/Gangavaram),4800,880,425.21,0,12.85
2022-05-15,Hay Point (Australia),Indian East Coast (Paradip/Vizag/Gangavaram),4800,773,421.36,0,12.32
2022-05-16,Hay Point (Australia),Indian East Coast (Paradip/Vizag/Gangavaram),4800,866,425.34,0,12.68
2022-05-17,Hay Point (Australia),Indian East Coast (Paradip/Vizag/Gangavaram),4800,923,421.83,0,12.97
2022-05-18,Hay Point (Australia),Indian East Coast (Paradip/Vizag/Gangavaram),4800,868,428.3,0,12.77
2022-05-19,Hay Point (Australia),Indian East Coast (Paradip/Vizag/Gangavaram),4800,762,431.17,0,12.06
2022-05-20,Hay Point (Australia),Indian East Coast (Paradip/Vizag/Gangavaram),4800,563,436.25,0,10.47
2022-05-21,Hay Point (Australia),Indian East Coast (Paradip/Vizag/Gangavaram),4800,533,436.08,0,11.09
2022-05-22,Hay Point (Australia),Indian East Coast (Paradip/Vizag/Gangavaram),4800,702,434.08,0,11.48
2022-05-23,Hay Point (Australia),Indian East Coast (Paradip/Vizag/Gangavaram),4800,731,436.95,0,12.13
2022-05-24,Hay Point (Australia),Indian East Coast (Paradip/Vizag/Gangavaram),4800,694,438.95,0,12.27
2022-05-25,Hay Point (Australia),Indian East Coast (Paradip/Vizag/Gangavaram),4800,725,439.64,0,12.85
2022-05-26,Hay Point (Australia),Indian East Coast (Paradip/Vizag/Gangavaram),4800,623,441.82,0,11.42
2022-05-27,Hay Point (Australia),Indian East Coast (Paradip/Vizag/Gangavaram),4800,607,451.23,0,11.74
2022-05-28,Hay Point (Australia),Indian East Coast (Paradip/Vizag/Gangavaram),4800,617,455.3,0,11.51
2022-05-29,Hay Point (Australia),Indian East Coast (Paradip/Vizag/Gangavaram),4800,614,459.88,0,11.56
2022-05-30,Hay Point (Australia),Indian East Coast (Paradip/Vizag/Gangavaram),4800,667,463.83,0,12.48
2022-05-31,Hay Point (Australia),Indian East Coast (Paradip/Vizag/Gangavaram),4800,689,469.42,0,12.57
2022-06-01,Hay Point (Australia),Indian East Coast (Paradip/Vizag/Gangavaram),4800,730,470.4,1,14.55
2022-06-02,Hay Point (Australia),Indian East Coast (Paradip/Vizag/Gangavaram),4800,684,466.22,1,14.3
2022-06-03,Hay Point (Australia),Indian East Coast (Paradip/Vizag/Gangavaram),4800,739,467.04,1,14.81
2022-06-04,Hay Point (Australia),Indian East Coast (Paradip/Vizag/Gangavaram),4800,835,470.49,1,15.33
2022-06-05,Hay Point (Australia),Indian East Coast (Paradip/Vizag/Gangavaram),4800,769,469.01,1,13.76
2022-06-06,Hay Point (Australia),Indian East Coast (Paradip/Vizag/Gangavaram),4800,710,469.61,1,16.23
2022-06-07,Hay Point (Australia),Indian East Coast (Paradip/Vizag/Gangavaram),4800,788,468.71,1,13.78
2022-06-08,Hay Point (Australia),Indian East Coast (Paradip/Vizag/Gangavaram),4800,771,473.7,1,15.4
2022-06-09,Hay Point (Australia),Indian East Coast (Paradip/Vizag/Gangavaram),4800,848,476.55,1,15.86
2022-06-10,Hay Point (Australia),Indian East Coast (Paradip/Vizag/Gangavaram),4800,814,479.05,1,15.11
2022-06-11,Hay Point (Australia),Indian East Coast (Paradip/Vizag/Gangavaram),4800,892,481.38,1,15.69
2022-06-12,Hay Point (Australia),Indian East Coast (Paradip/Vizag/Gangavaram),4800,889,481.83,1,15.95
2022-06-13,Hay Point (Australia),Indian East Coast (Paradip/Vizag/Gangavaram),4800,894,482.82,1,15.26
2022-06-14,Hay Point (Australia),Indian East Coast (Paradip/Vizag/Gangavaram),4800,974,479.97,1,15.75
2022-06-15,Hay Point (Australia),Indian East Coast (Paradip/Vizag/Gangavaram),4800,940,474.3,1,17.09
2022-06-16,Hay Point (Australia),Indian East Coast (Paradip/Vizag/Gangavaram),4800,875,474.9,1,15.33
2022-06-17,Hay Point (Australia),Indian East Coast (Paradip/Vizag/Gangavaram),4800,840,475.88,1,16.21
2022-06-18,Hay Point (Australia),Indian East Coast (Paradip/Vizag/Gangavaram),4800,858,479.18,1,15.79
2022-06-19,Hay Point (Australia),Indian East Coast (Paradip/Vizag/Gangavaram),4800,762,483.37,1,15.21
2022-06-20,Hay Point (Australia),Indian East Coast (Paradip/Vizag/Gangavaram),4800,793,487.47,1,15.6
2022-06-21,Hay Point (Australia),Indian East Coast (Paradip/Vizag/Gangavaram),4800,757,484.5,1,14.45
2022-06-22,Hay Point (Australia),Indian East Coast (Paradip/Vizag/Gangavaram),4800,817,483.19,1,14.88
2022-06-23,Hay Point (Australia),Indian East Coast (Paradip/Vizag/Gangavaram),4800,678,484.06,1,13.91
2022-06-24,Hay Point (Australia),Indian East Coast (Paradip/Vizag/Gangavaram),4800,634,490.42,1,15.13
2022-06-25,Hay Point (Australia),Indian East Coast (Paradip/Vizag/Gangavaram),4800,542,493.84,1,13.86
2022-06-26,Hay Point (Australia),Indian East Coast (Paradip/Vizag/Gangavaram),4800,502,496.19,1,13.35
2022-06-27,Hay Point (Australia),Indian East Coast (Paradip/Vizag/Gangavaram),4800,522,494.35,1,13.6
2022-06-28,Hay Point (Australia),Indian East Coast (Paradip/Vizag/Gangavaram),4800,518,491.08,1,13.85
2022-06-29,Hay Point (Australia),Indian East Coast (Paradip/Vizag/Gangavaram),4800,511,492.27,1,13.5
2022-06-30,Hay Point (Australia),Indian East Coast (Paradip/Vizag/Gangavaram),4800,509,488.25,1,14.0
2022-07-01,Hay Point (Australia),Indian East Coast (Paradip/Vizag/Gangavaram),4800,528,486.48,1,13.68
2022-07-02,Hay Point (Australia),Indian East Coast (Paradip/Vizag/Gangavaram),4800,479,484.98,1,13.63
2022-07-03,Hay Point (Australia),Indian East Coast (Paradip/Vizag/Gangavaram),4800,526,488.03,1,12.76
2022-07-04,Hay Point (Australia),Indian East Coast (Paradip/Vizag/Gangavaram),4800,570,485.72,1,13.47
2022-07-05,Hay Point (Australia),Indian East Coast (Paradip/Vizag/Gangavaram),4800,596,477.65,1,13.88
2022-07-06,Hay Point (Australia),Indian East Coast (Paradip/Vizag/Gangavaram),4800,632,477.52,1,14.4
2022-07-07,Hay Point (Australia),Indian East Coast (Paradip/Vizag/Gangavaram),4800,652,474.05,1,14.43
2022-07-08,Hay Point (Australia),Indian East Coast (Paradip/Vizag/Gangavaram),4800,767,472.51,1,14.59
2022-07-09,Hay Point (Australia),Indian East Coast (Paradip/Vizag/Gangavaram),4800,761,470.56,1,13.93
2022-07-10,Hay Point (Australia),Indian East Coast (Paradip/Vizag/Gangavaram),4800,744,468.03,1,14.51
2022-07-11,Hay Point (Australia),Indian East Coast (Paradip/Vizag/Gangavaram),4800,702,468.33,1,14.04
2022-07-12,Hay Point (Australia),Indian East Coast (Paradip/Vizag/Gangavaram),4800,647,462.24,1,13.77
2022-07-13,Hay Point (Australia),Indian East Coast (Paradip/Vizag/Gangavaram),4800,582,458.86,1,13.81
2022-07-14,Hay Point (Australia),Indian East Coast (Paradip/Vizag/Gangavaram),4800,540,458.68,1,12.94
2022-07-15,Hay Point (Australia),Indian East Coast (Paradip/Vizag/Gangavaram),4800,544,454.91,1,11.88
2022-07-16,Hay Point (Australia),Indian East Coast (Paradip/Vizag/Gangavaram),4800,570,448.38,1,13.81
2022-07-17,Hay Point (Australia),Indian East Coast (Paradip/Vizag/Gangavaram),4800,579,447.99,1,13.18
2022-07-18,Hay Point (Australia),Indian East Coast (Paradip/Vizag/Gangavaram),4800,544,448.78,1,13.29
2022-07-19,Hay Point (Australia),Indian East Coast (Paradip/Vizag/Gangavaram),4800,602,446.35,1,14.04
2022-07-20,Hay Point (Australia),Indian East Coast (Paradip/Vizag/Gangavaram),4800,649,438.66,1,13.77
2022-07-21,Hay Point (Australia),Indian East Coast (Paradip/Vizag/Gangavaram),4800,645,438.18,1,13.88
2022-07-22,Hay Point (Australia),Indian East Coast (Paradip/Vizag/Gangavaram),4800,614,431.22,1,13.21
2022-07-23,Hay Point (Australia),Indian East Coast (Paradip/Vizag/Gangavaram),4800,650,429.57,1,13.78
2022-07-24,Hay Point (Australia),Indian East Coast (Paradip/Vizag/Gangavaram),4800,665,424.64,1,12.81
2022-07-25,Hay Point (Australia),Indian East Coast (Paradip/Vizag/Gangavaram),4800,590,418.92,1,12.86
2022-07-26,Hay Point (Australia),Indian East Coast (Paradip/Vizag/Gangavaram),4800,594,415.13,1,13.57
2022-07-27,Hay Point (Australia),Indian East Coast (Paradip/Vizag/Gangavaram),4800,616,412.01,1,13.19
2022-07-28,Hay Point (Australia),Indian East Coast (Paradip/Vizag/Gangavaram),4800,573,407.61,1,13.25
2022-07-29,Hay Point (Australia),Indian East Coast (Paradip/Vizag/Gangavaram),4800,592,406.54,1,12.28
2022-07-30,Hay Point (Australia),Indian East Coast (Paradip/Vizag/Gangavaram),4800,520,402.63,1,12.95
2022-07-31,Hay Point (Australia),Indian East Coast (Paradip/Vizag/Gangavaram),4800,604,402.59,1,13.67
2022-08-01,Hay Point (Australia),Indian East Coast (Paradip/Vizag/Gangavaram),4800,681,400.62,1,12.53
2022-08-02,Hay Point (Australia),Indian East Coast (Paradip/Vizag/Gangavaram),4800,672,395.98,1,13.32
2022-08-03,Hay Point (Australia),Indian East Coast (Paradip/Vizag/Gangavaram),4800,698,390.87,1,14.05
2022-08-04,Hay Point (Australia),Indian East Coast (Paradip/Vizag/Gangavaram),4800,570,383.63,1,11.76
2022-08-05,Hay Point (Australia),Indian East Coast (Paradip/Vizag/Gangavaram),4800,516,381.65,1,11.87
2022-08-06,Hay Point (Australia),Indian East Coast (Paradip/Vizag/Gangavaram),4800,512,377.91,1,12.34
2022-08-07,Hay Point (Australia),Indian East Coast (Paradip/Vizag/Gangavaram),4800,465,368.69,1,11.79
2022-08-08,Hay Point (Australia),Indian East Coast (Paradip/Vizag/Gangavaram),4800,518,364.46,1,11.46
2022-08-09,Hay Point (Australia),Indian East Coast (Paradip/Vizag/Gangavaram),4800,640,359.25,1,12.16
2022-08-10,Hay Point (Australia),Indian East Coast (Paradip/Vizag/Gangavaram),4800,583,360.78,1,10.92
2022-08-11,Hay Point (Australia),Indian East Coast (Paradip/Vizag/Gangavaram),4800,547,353.4,1,11.07
2022-08-12,Hay Point (Australia),Indian East Coast (Paradip/Vizag/Gangavaram),4800,572,346.75,1,11.62
2022-08-13,Hay Point (Australia),Indian East Coast (Paradip/Vizag/Gangavaram),4800,671,347.06,1,12.13
2022-08-14,Hay Point (Australia),Indian East Coast (Paradip/Vizag/Gangavaram),4800,611,348.06,1,12.44
2022-08-15,Hay Point (Australia),Indian East Coast (Paradip/Vizag/Gangavaram),4800,635,343.36,1,12.13
2022-08-16,Hay Point (Australia),Indian East Coast (Paradip/Vizag/Gangavaram),4800,744,339.0,1,12.97
2022-08-17,Hay Point (Australia),Indian East Coast (Paradip/Vizag/Gangavaram),4800,659,338.05,1,11.24
2022-08-18,Hay Point (Australia),Indian East Coast (Paradip/Vizag/Gangavaram),4800,597,329.14,1,11.83
2022-08-19,Hay Point (Australia),Indian East Coast (Paradip/Vizag/Gangavaram),4800,585,321.52,1,11.26
2022-08-20,Hay Point (Australia),Indian East Coast (Paradip/Vizag/Gangavaram),4800,568,318.24,1,11.58
2022-08-21,Hay Point (Australia),Indian East Coast (Paradip/Vizag/Gangavaram),4800,625,319.98,1,12.41
2022-08-22,Hay Point (Australia),Indian East Coast (Paradip/Vizag/Gangavaram),4800,649,316.35,1,10.8
2022-08-23,Hay Point (Australia),Indian East Coast (Paradip/Vizag/Gangavaram),4800,561,314.23,1,10.22
2022-08-24,Hay Point (Australia),Indian East Coast (Paradip/Vizag/Gangavaram),4800,603,314.97,1,10.74
2022-08-25,Hay Point (Australia),Indian East Coast (Paradip/Vizag/Gangavaram),4800,583,318.4,1,11.59
2022-08-26,Hay Point (Australia),Indian East Coast (Paradip/Vizag/Gangavaram),4800,666,314.58,1,12.16
2022-08-27,Hay Point (Australia),Indian East Coast (Paradip/Vizag/Gangavaram),4800,641,312.34,1,11.16
2022-08-28,Hay Point (Australia),Indian East Coast (Paradip/Vizag/Gangavaram),4800,617,315.16,1,11.38
2022-08-29,Hay Point (Australia),Indian East Coast (Paradip/Vizag/Gangavaram),4800,659,308.93,1,11.08
2022-08-30,Hay Point (Australia),Indian East Coast (Paradip/Vizag/Gangavaram),4800,712,309.71,1,11.19
2022-08-31,Hay Point (Australia),Indian East Coast (Paradip/Vizag/Gangavaram),4800,746,304.98,1,11.84
2022-09-01,Hay Point (Australia),Indian East Coast (Paradip/Vizag/Gangavaram),4800,662,303.37,1,11.52
2022-09-02,Hay Point (Australia),Indian East Coast (Paradip/Vizag/Gangavaram),4800,702,300.88,1,11.53
2022-09-03,Hay Point (Australia),Indian East Coast (Paradip/Vizag/Gangavaram),4800,656,296.52,1,11.94
2022-09-04,Hay Point (Australia),Indian East Coast (Paradip/Vizag/Gangavaram),4800,681,292.16,1,11.3
2022-09-05,Hay Point (Australia),Indian East Coast (Paradip/Vizag/Gangavaram),4800,614,291.3,1,10.74
2022-09-06,Hay Point (Australia),Indian East Coast (Paradip/Vizag/Gangavaram),4800,652,292.47,1,11.02
2022-09-07,Hay Point (Australia),Indian East Coast (Paradip/Vizag/Gangavaram),4800,620,290.66,1,10.77
2022-09-08,Hay Point (Australia),Indian East Coast (Paradip/Vizag/Gangavaram),4800,564,289.47,1,11.12
2022-09-09,Hay Point (Australia),Indian East Coast (Paradip/Vizag/Gangavaram),4800,619,289.72,1,10.71
2022-09-10,Hay Point (Australia),Indian East Coast (Paradip/Vizag/Gangavaram),4800,647,285.86,1,11.27
2022-09-11,Hay Point (Australia),Indian East Coast (Paradip/Vizag/Gangavaram),4800,627,286.74,1,11.06
2022-09-12,Hay Point (Australia),Indian East Coast (Paradip/Vizag/Gangavaram),4800,721,287.92,1,11.84
2022-09-13,Hay Point (Australia),Indian East Coast (Paradip/Vizag/Gangavaram),4800,709,294.03,1,11.51
2022-09-14,Hay Point (Australia),Indian East Coast (Paradip/Vizag/Gangavaram),4800,723,292.14,1,11.36
2022-09-15,Hay Point (Australia),Indian East Coast (Paradip/Vizag/Gangavaram),4800,749,290.1,1,11.87
2022-09-16,Hay Point (Australia),Indian East Coast (Paradip/Vizag/Gangavaram),4800,726,291.5,1,11.44
2022-09-17,Hay Point (Australia),Indian East Coast (Paradip/Vizag/Gangavaram),4800,765,293.12,1,12.12
2022-09-18,Hay Point (Australia),Indian East Coast (Paradip/Vizag/Gangavaram),4800,746,291.16,1,11.74
2022-09-19,Hay Point (Australia),Indian East Coast (Paradip/Vizag/Gangavaram),4800,736,289.64,1,12.21
2022-09-20,Hay Point (Australia),Indian East Coast (Paradip/Vizag/Gangavaram),4800,823,290.79,1,12.15
2022-09-21,Hay Point (Australia),Indian East Coast (Paradip/Vizag/Gangavaram),4800,775,288.31,1,11.98
2022-09-22,Hay Point (Australia),Indian East Coast (Paradip/Vizag/Gangavaram),4800,654,287.06,1,10.9
2022-09-23,Hay Point (Australia),Indian East Coast (Paradip/Vizag/Gangavaram),4800,759,287.27,1,11.17
2022-09-24,Hay Point (Australia),Indian East Coast (Paradip/Vizag/Gangavaram),4800,912,290.04,1,11.9
2022-09-25,Hay Point (Australia),Indian East Coast (Paradip/Vizag/Gangavaram),4800,897,288.56,1,11.94
2022-09-26,Hay Point (Australia),Indian East Coast (Paradip/Vizag/Gangavaram),4800,798,283.81,1,11.29
2022-09-27,Hay Point (Australia),Indian East Coast (Paradip/Vizag/Gangavaram),4800,793,280.0,1,11.96
2022-09-28,Hay Point (Australia),Indian East Coast (Paradip/Vizag/Gangavaram),4800,790,280.0,1,11.83
2022-09-29,Hay Point (Australia),Indian East Coast (Paradip/Vizag/Gangavaram),4800,792,280.0,1,11.44
2022-09-30,Hay Point (Australia),Indian East Coast (Paradip/Vizag/Gangavaram),4800,743,280.0,1,11.56
2022-10-01,Hay Point (Australia),Indian East Coast (Paradip/Vizag/Gangavaram),4800,790,280.0,0,9.87
2022-10-02,Hay Point (Australia),Indian East Coast (Paradip/Vizag/Gangavaram),4800,832,280.0,0,10.78
2022-10-03,Hay Point (Australia),Indian East Coast (Paradip/Vizag/Gangavaram),4800,762,280.0,0,9.71
2022-10-04,Hay Point (Australia),Indian East Coast (Paradip/Vizag/Gangavaram),4800,815,280.0,0,9.73
2022-10-05,Hay Point (Australia),Indian East Coast (Paradip/Vizag/Gangavaram),4800,941,280.0,0,11.34
2022-10-06,Hay Point (Australia),Indian East Coast (Paradip/Vizag/Gangavaram),4800,959,280.0,0,11.01
2022-10-07,Hay Point (Australia),Indian East Coast (Paradip/Vizag/Gangavaram),4800,949,280.0,0,11.67
2022-10-08,Hay Point (Australia),Indian East Coast (Paradip/Vizag/Gangavaram),4800,950,280.0,0,10.4
2022-10-09,Hay Point (Australia),Indian East Coast (Paradip/Vizag/Gangavaram),4800,993,280.0,0,11.84
2022-10-10,Hay Point (Australia),Indian East Coast (Paradip/Vizag/Gangavaram),4800,906,280.0,0,10.98
2022-10-11,Hay Point (Australia),Indian East Coast (Paradip/Vizag/Gangavaram),4800,927,280.0,0,11.04
2022-10-12,Hay Point (Australia),Indian East Coast (Paradip/Vizag/Gangavaram),4800,916,280.0,0,10.36
2022-10-13,Hay Point (Australia),Indian East Coast (Paradip/Vizag/Gangavaram),4800,1029,280.0,0,11.48
2022-10-14,Hay Point (Australia),Indian East Coast (Paradip/Vizag/Gangavaram),4800,1027,280.0,0,11.18
2022-10-15,Hay Point (Australia),Indian East Coast (Paradip/Vizag/Gangavaram),4800,1127,280.0,0,11.4
2022-10-16,Hay Point (Australia),Indian East Coast (Paradip/Vizag/Gangavaram),4800,1071,280.0,0,10.99
2022-10-17,Hay Point (Australia),Indian East Coast (Paradip/Vizag/Gangavaram),4800,1110,280.0,0,10.69
2022-10-18,Hay Point (Australia),Indian East Coast (Paradip/Vizag/Gangavaram),4800,1133,282.37,0,11.87
2022-10-19,Hay Point (Australia),Indian East Coast (Paradip/Vizag/Gangavaram),4800,1091,280.74,0,11.72
2022-10-20,Hay Point (Australia),Indian East Coast (Paradip/Vizag/Gangavaram),4800,1107,282.09,0,11.85
2022-10-21,Hay Point (Australia),Indian East Coast (Paradip/Vizag/Gangavaram),4800,1181,282.76,0,11.84
2022-10-22,Hay Point (Australia),Indian East Coast (Paradip/Vizag/Gangavaram),4800,1167,283.26,0,11.56
2022-10-23,Hay Point (Australia),Indian East Coast (Paradip/Vizag/Gangavaram),4800,1079,283.72,0,11.53
2022-10-24,Hay Point (Australia),Indian East Coast (Paradip/Vizag/Gangavaram),4800,1086,284.79,0,11.26
2022-10-25,Hay Point (Australia),Indian East Coast (Paradip/Vizag/Gangavaram),4800,1045,287.88,0,11.54
2022-10-26,Hay Point (Australia),Indian East Coast (Paradip/Vizag/Gangavaram),4800,1036,292.41,0,11.69
2022-10-27,Hay Point (Australia),Indian East Coast (Paradip/Vizag/Gangavaram),4800,1042,293.18,0,12.5
2022-10-28,Hay Point (Australia),Indian East Coast (Paradip/Vizag/Gangavaram),4800,959,296.19,0,11.43
2022-10-29,Hay Point (Australia),Indian East Coast (Paradip/Vizag/Gangavaram),4800,884,295.07,0,11.42
2022-10-30,Hay Point (Australia),Indian East Coast (Paradip/Vizag/Gangavaram),4800,927,297.94,0,10.72
2022-10-31,Hay Point (Australia),Indian East Coast (Paradip/Vizag/Gangavaram),4800,913,296.66,0,10.66
2022-11-01,Hay Point (Australia),Indian East Coast (Paradip/Vizag/Gangavaram),4800,788,300.43,0,10.39
2022-11-02,Hay Point (Australia),Indian East Coast (Paradip/Vizag/Gangavaram),4800,852,307.24,0,10.34
2022-11-03,Hay Point (Australia),Indian East Coast (Paradip/Vizag/Gangavaram),4800,886,307.71,0,10.97
2022-11-04,Hay Point (Australia),Indian East Coast (Paradip/Vizag/Gangavaram),4800,864,302.55,0,10.56
2022-11-05,Hay Point (Australia),Indian East Coast (Paradip/Vizag/Gangavaram),4800,810,301.86,0,10.27
2022-11-06,Hay Point (Australia),Indian East Coast (Paradip/Vizag/Gangavaram),4800,877,306.02,0,11.64
2022-11-07,Hay Point (Australia),Indian East Coast (Paradip/Vizag/Gangavaram),4800,915,308.33,0,11.08
2022-11-08,Hay Point (Australia),Indian East Coast (Paradip/Vizag/Gangavaram),4800,1064,309.82,0,11.34
2022-11-09,Hay Point (Australia),Indian East Coast (Paradip/Vizag/Gangavaram),4800,1100,313.38,0,12.98
2022-11-10,Hay Point (Australia),Indian East Coast (Paradip/Vizag/Gangavaram),4800,1133,315.51,0,12.35
2022-11-11,Hay Point (Australia),Indian East Coast (Paradip/Vizag/Gangavaram),4800,1134,319.64,0,12.72
2022-11-12,Hay Point (Australia),Indian East Coast (Paradip/Vizag/Gangavaram),4800,1190,322.97,0,12.43
2022-11-13,Hay Point (Australia),Indian East Coast (Paradip/Vizag/Gangavaram),4800,1234,327.93,0,12.79
2022-11-14,Hay Point (Australia),Indian East Coast (Paradip/Vizag/Gangavaram),4800,1311,329.73,0,13.61
2022-11-15,Hay Point (Australia),Indian East Coast (Paradip/Vizag/Gangavaram),4800,1288,333.01,0,13.47
2022-11-16,Hay Point (Australia),Indian East Coast (Paradip/Vizag/Gangavaram),4800,1270,333.01,0,13.69
2022-11-17,Hay Point (Australia),Indian East Coast (Paradip/Vizag/Gangavaram),4800,1251,332.2,0,13.44
2022-11-18,Hay Point (Australia),Indian East Coast (Paradip/Vizag/Gangavaram),4800,1303,337.67,0,13.46
2022-11-19,Hay Point (Australia),Indian East Coast (Paradip/Vizag/Gangavaram),4800,1392,339.09,0,14.04
2022-11-20,Hay Point (Australia),Indian East Coast (Paradip/Vizag/Gangavaram),4800,1371,342.12,0,13.89
2022-11-21,Hay Point (Australia),Indian East Coast (Paradip/Vizag/Gangavaram),4800,1353,343.29,0,13.69
2022-11-22,Hay Point (Australia),Indian East Coast (Paradip/Vizag/Gangavaram),4800,1376,342.53,0,13.73
2022-11-23,Hay Point (Australia),Indian East Coast (Paradip/Vizag/Gangavaram),4800,1367,343.4,0,14.37
2022-11-24,Hay Point (Australia),Indian East Coast (Paradip/Vizag/Gangavaram),4800,1425,348.15,0,14.48
2022-11-25,Hay Point (Australia),Indian East Coast (Paradip/Vizag/Gangavaram),4800,1306,350.5,0,13.49
2022-11-26,Hay Point (Australia),Indian East Coast (Paradip/Vizag/Gangavaram),4800,1269,346.69,0,13.94
2022-11-27,Hay Point (Australia),Indian East Coast (Paradip/Vizag/Gangavaram),4800,1235,346.95,0,12.48
2022-11-28,Hay Point (Australia),Indian East Coast (Paradip/Vizag/Gangavaram),4800,1119,352.64,0,13.64
2022-11-29,Hay Point (Australia),Indian East Coast (Paradip/Vizag/Gangavaram),4800,1082,352.91,0,12.76
2022-11-30,Hay Point (Australia),Indian East Coast (Paradip/Vizag/Gangavaram),4800,1049,348.86,0,12.82
2022-12-01,Hay Point (Australia),Indian East Coast (Paradip/Vizag/Gangavaram),4800,1056,354.86,0,12.39
2022-12-02,Hay Point (Australia),Indian East Coast (Paradip/Vizag/Gangavaram),4800,1136,357.56,0,12.33
2022-12-03,Hay Point (Australia),Indian East Coast (Paradip/Vizag/Gangavaram),4800,1139,358.23,0,13.0
2022-12-04,Hay Point (Australia),Indian East Coast (Paradip/Vizag/Gangavaram),4800,1098,358.07,0,13.13
2022-12-05,Hay Point (Australia),Indian East Coast (Paradip/Vizag/Gangavaram),4800,1113,361.87,0,12.92
2022-12-06,Hay Point (Australia),Indian East Coast (Paradip/Vizag/Gangavaram),4800,1188,361.25,0,13.37
2022-12-07,Hay Point (Australia),Indian East Coast (Paradip/Vizag/Gangavaram),4800,1150,365.23,0,12.31
2022-12-08,Hay Point (Australia),Indian East Coast (Paradip/Vizag/Gangavaram),4800,1117,367.56,0,12.25
2022-12-09,Hay Point (Australia),Indian East Coast (Paradip/Vizag/Gangavaram),4800,1166,369.08,0,13.69
2022-12-10,Hay Point (Australia),Indian East Coast (Paradip/Vizag/Gangavaram),4800,1170,370.34,0,12.89
2022-12-11,Hay Point (Australia),Indian East Coast (Paradip/Vizag/Gangavaram),4800,1223,370.72,0,14.5
2022-12-12,Hay Point (Australia),Indian East Coast (Paradip/Vizag/Gangavaram),4800,1237,374.43,0,13.68
2022-12-13,Hay Point (Australia),Indian East Coast (Paradip/Vizag/Gangavaram),4800,1291,372.94,0,13.96
2022-12-14,Hay Point (Australia),Indian East Coast (Paradip/Vizag/Gangavaram),4800,1247,369.39,0,14.37
2022-12-15,Hay Point (Australia),Indian East Coast (Paradip/Vizag/Gangavaram),4800,1261,371.92,0,13.46
2022-12-16,Hay Point (Australia),Indian East Coast (Paradip/Vizag/Gangavaram),4800,1265,374.5,0,14.73
2022-12-17,Hay Point (Australia),Indian East Coast (Paradip/Vizag/Gangavaram),4800,1213,376.67,0,13.58
2022-12-18,Hay Point (Australia),Indian East Coast (Paradip/Vizag/Gangavaram),4800,1144,378.64,0,13.42
2022-12-19,Hay Point (Australia),Indian East Coast (Paradip/Vizag/Gangavaram),4800,1201,378.64,0,13.37
2022-12-20,Hay Point (Australia),Indian East Coast (Paradip/Vizag/Gangavaram),4800,1200,381.64,0,13.49
2022-12-21,Hay Point (Australia),Indian East Coast (Paradip/Vizag/Gangavaram),4800,1162,382.39,0,14.39
2022-12-22,Hay Point (Australia),Indian East Coast (Paradip/Vizag/Gangavaram),4800,1176,381.93,0,13.36
2022-12-23,Hay Point (Australia),Indian East Coast (Paradip/Vizag/Gangavaram),4800,1258,381.95,0,14.48
2022-12-24,Hay Point (Australia),Indian East Coast (Paradip/Vizag/Gangavaram),4800,1149,388.31,0,13.03
2022-12-25,Hay Point (Australia),Indian East Coast (Paradip/Vizag/Gangavaram),4800,1088,384.46,0,13.42
2022-12-26,Hay Point (Australia),Indian East Coast (Paradip/Vizag/Gangavaram),4800,1060,386.68,0,13.6
2022-12-27,Hay Point (Australia),Indian East Coast (Paradip/Vizag/Gangavaram),4800,1165,382.98,0,13.49
2022-12-28,Hay Point (Australia),Indian East Coast (Paradip/Vizag/Gangavaram),4800,1202,383.56,0,13.44
2022-12-29,Hay Point (Australia),Indian East Coast (Paradip/Vizag/Gangavaram),4800,1264,383.25,0,13.91
2022-12-30,Hay Point (Australia),Indian East Coast (Paradip/Vizag/Gangavaram),4800,1219,378.44,0,13.14
2022-12-31,Hay Point (Australia),Indian East Coast (Paradip/Vizag/Gangavaram),4800,1178,380.37,0,13.88
2023-01-01,Hay Point (Australia),Indian East Coast (Paradip/Vizag/Gangavaram),4800,1224,380.2,0,13.87
2023-01-02,Hay Point (Australia),Indian East Coast (Paradip/Vizag/Gangavaram),4800,1247,375.36,0,13.63
2023-01-03,Hay Point (Australia),Indian East Coast (Paradip/Vizag/Gangavaram),4800,1297,378.51,0,14.06
2023-01-04,Hay Point (Australia),Indian East Coast (Paradip/Vizag/Gangavaram),4800,1305,383.28,0,14.04
2023-01-05,Hay Point (Australia),Indian East Coast (Paradip/Vizag/Gangavaram),4800,1338,388.2,0,14.6
2023-01-06,Hay Point (Australia),Indian East Coast (Paradip/Vizag/Gangavaram),4800,1364,390.05,0,14.87
2023-01-07,Hay Point (Australia),Indian East Coast (Paradip/Vizag/Gangavaram),4800,1423,391.04,0,15.21
2023-01-08,Hay Point (Australia),Indian East Coast (Paradip/Vizag/Gangavaram),4800,1482,395.52,0,16.9
2023-01-09,Hay Point (Australia),Indian East Coast (Paradip/Vizag/Gangavaram),4800,1405,400.96,0,16.0
2023-01-10,Hay Point (Australia),Indian East Coast (Paradip/Vizag/Gangavaram),4800,1297,404.91,0,17.21
2023-01-11,Hay Point (Australia),Indian East Coast (Paradip/Vizag/Gangavaram),4800,1372,403.21,0,18.26
2023-01-12,Hay Point (Australia),Indian East Coast (Paradip/Vizag/Gangavaram),4800,1455,404.62,0,20.05
2023-01-13,Hay Point (Australia),Indian East Coast (Paradip/Vizag/Gangavaram),4800,1413,406.68,0,18.93
2023-01-14,Hay Point (Australia),Indian East Coast (Paradip/Vizag/Gangavaram),4800,1327,402.62,0,19.43
2023-01-15,Hay Point (Australia),Indian East Coast (Paradip/Vizag/Gangavaram),4800,1352,404.76,0,20.53
2023-01-16,Hay Point (Australia),Indian East Coast (Paradip/Vizag/Gangavaram),4800,1422,411.81,0,20.61
2023-01-17,Hay Point (Australia),Indian East Coast (Paradip/Vizag/Gangavaram),4800,1537,414.41,0,21.25
2023-01-18,Hay Point (Australia),Indian East Coast (Paradip/Vizag/Gangavaram),4800,1579,419.28,0,21.22
2023-01-19,Hay Point (Australia),Indian East Coast (Paradip/Vizag/Gangavaram),4800,1570,420.64,0,18.63
2023-01-20,Hay Point (Australia),Indian East Coast (Paradip/Vizag/Gangavaram),4800,1533,421.3,0,18.4
2023-01-21,Hay Point (Australia),Indian East Coast (Paradip/Vizag/Gangavaram),4800,1547,423.19,0,16.85
2023-01-22,Hay Point (Australia),Indian East Coast (Paradip/Vizag/Gangavaram),4800,1544,421.83,0,17.3
2023-01-23,Hay Point (Australia),Indian East Coast (Paradip/Vizag/Gangavaram),4800,1501,420.07,0,15.33
2023-01-24,Hay Point (Australia),Indian East Coast (Paradip/Vizag/Gangavaram),4800,1629,424.37,0,16.29
2023-01-25,Hay Point (Australia),Indian East Coast (Paradip/Vizag/Gangavaram),4800,1739,428.95,0,16.31
2023-01-26,Hay Point (Australia),Indian East Coast (Paradip/Vizag/Gangavaram),4800,1809,427.11,0,17.06
2023-01-27,Hay Point (Australia),Indian East Coast (Paradip/Vizag/Gangavaram),4800,1763,430.6,0,16.25
2023-01-28,Hay Point (Australia),Indian East Coast (Paradip/Vizag/Gangavaram),4800,1817,431.21,0,17.43
2023-01-29,Hay Point (Australia),Indian East Coast (Paradip/Vizag/Gangavaram),4800,1858,432.99,0,17.34
2023-01-30,Hay Point (Australia),Indian East Coast (Paradip/Vizag/Gangavaram),4800,1886,435.09,0,17.21
2023-01-31,Hay Point (Australia),Indian East Coast (Paradip/Vizag/Gangavaram),4800,1958,438.64,0,18.69
2023-02-01,Hay Point (Australia),Indian East Coast (Paradip/Vizag/Gangavaram),4800,1994,439.71,0,18.86
2023-02-02,Hay Point (Australia),Indian East Coast (Paradip/Vizag/Gangavaram),4800,2034,444.39,0,18.82
2023-02-03,Hay Point (Australia),Indian East Coast (Paradip/Vizag/Gangavaram),4800,2068,446.08,0,19.56
2023-02-04,Hay Point (Australia),Indian East Coast (Paradip/Vizag/Gangavaram),4800,2085,448.62,0,18.3
2023-02-05,Hay Point (Australia),Indian East Coast (Paradip/Vizag/Gangavaram),4800,1984,447.19,0,19.15
2023-02-06,Hay Point (Australia),Indian East Coast (Paradip/Vizag/Gangavaram),4800,1990,453.9,0,17.9
2023-02-07,Hay Point (Australia),Indian East Coast (Paradip/Vizag/Gangavaram),4800,1960,456.02,0,18.94
2023-02-08,Hay Point (Australia),Indian East Coast (Paradip/Vizag/Gangavaram),4800,1892,458.79,0,17.62
2023-02-09,Hay Point (Australia),Indian East Coast (Paradip/Vizag/Gangavaram),4800,1989,455.25,0,18.02
2023-02-10,Hay Point (Australia),Indian East Coast (Paradip/Vizag/Gangavaram),4800,2086,453.85,0,19.73
2023-02-11,Hay Point (Australia),Indian East Coast (Paradip/Vizag/Gangavaram),4800,2159,458.05,0,19.66
2023-02-12,Hay Point (Australia),Indian East Coast (Paradip/Vizag/Gangavaram),4800,2169,459.66,0,20.01
2023-02-13,Hay Point (Australia),Indian East Coast (Paradip/Vizag/Gangavaram),4800,2240,455.28,0,19.78
2023-02-14,Hay Point (Australia),Indian East Coast (Paradip/Vizag/Gangavaram),4800,2234,458.93,0,19.79
2023-02-15,Hay Point (Australia),Indian East Coast (Paradip/Vizag/Gangavaram),4800,2239,458.28,0,19.57
2023-02-16,Hay Point (Australia),Indian East Coast (Paradip/Vizag/Gangavaram),4800,2173,462.94,0,20.09
2023-02-17,Hay Point (Australia),Indian East Coast (Paradip/Vizag/Gangavaram),4800,2191,463.52,0,19.68
2023-02-18,Hay Point (Australia),Indian East Coast (Paradip/Vizag/Gangavaram),4800,2191,464.89,0,20.03
2023-02-19,Hay Point (Australia),Indian East Coast (Paradip/Vizag/Gangavaram),4800,2115,468.92,0,19.61
2023-02-20,Hay Point (Australia),Indian East Coast (Paradip/Vizag/Gangavaram),4800,2112,467.29,0,18.15
2023-02-21,Hay Point (Australia),Indian East Coast (Paradip/Vizag/Gangavaram),4800,2107,465.4,0,19.49
2023-02-22,Hay Point (Australia),Indian East Coast (Paradip/Vizag/Gangavaram),4800,2205,465.68,0,19.15
2023-02-23,Hay Point (Australia),Indian East Coast (Paradip/Vizag/Gangavaram),4800,2251,468.74,0,20.18
2023-02-24,Hay Point (Australia),Indian East Coast (Paradip/Vizag/Gangavaram),4800,2246,465.92,0,21.11
2023-02-25,Hay Point (Australia),Indian East Coast (Paradip/Vizag/Gangavaram),4800,2255,462.19,0,19.51
2023-02-26,Hay Point (Australia),Indian East Coast (Paradip/Vizag/Gangavaram),4800,2253,465.23,0,19.99
2023-02-27,Hay Point (Australia),Indian East Coast (Paradip/Vizag/Gangavaram),4800,2237,464.39,0,20.08
2023-02-28,Hay Point (Australia),Indian East Coast (Paradip/Vizag/Gangavaram),4800,2174,464.12,0,18.56
2023-03-01,Hay Point (Australia),Indian East Coast (Paradip/Vizag/Gangavaram),4800,2164,459.86,0,18.91
2023-03-02,Hay Point (Australia),Indian East Coast (Paradip/Vizag/Gangavaram),4800,2122,458.81,0,19.84
2023-03-03,Hay Point (Australia),Indian East Coast (Paradip/Vizag/Gangavaram),4800,2054,459.58,0,17.16
2023-03-04,Hay Point (Australia),Indian East Coast (Paradip/Vizag/Gangavaram),4800,2086,462.89,0,18.52
2023-03-05,Hay Point (Australia),Indian East Coast (Paradip/Vizag/Gangavaram),4800,2109,461.58,0,20.03
2023-03-06,Hay Point (Australia),Indian East Coast (Paradip/Vizag/Gangavaram),4800,2013,466.87,0,19.36
2023-03-07,Hay Point (Australia),Indian East Coast (Paradip/Vizag/Gangavaram),4800,2011,465.79,0,18.89
2023-03-08,Hay Point (Australia),Indian East Coast (Paradip/Vizag/Gangavaram),4800,2071,464.71,0,19.53
2023-03-09,Hay Point (Australia),Indian East Coast (Paradip/Vizag/Gangavaram),4800,2133,469.66,0,19.79
2023-03-10,Hay Point (Australia),Indian East Coast (Paradip/Vizag/Gangavaram),4800,2191,471.01,0,19.83
2023-03-11,Hay Point (Australia),Indian East Coast (Paradip/Vizag/Gangavaram),4800,2192,470.28,0,19.47
2023-03-12,Hay Point (Australia),Indian East Coast (Paradip/Vizag/Gangavaram),4800,2146,470.62,0,19.55
2023-03-13,Hay Point (Australia),Indian East Coast (Paradip/Vizag/Gangavaram),4800,2087,475.06,0,19.14
2023-03-14,Hay Point (Australia),Indian East Coast (Paradip/Vizag/Gangavaram),4800,2110,479.81,0,20.14
2023-03-15,Hay Point (Australia),Indian East Coast (Paradip/Vizag/Gangavaram),4800,2134,478.35,0,20.98
2023-03-16,Hay Point (Australia),Indian East Coast (Paradip/Vizag/Gangavaram),4800,2207,478.99,0,20.66
2023-03-17,Hay Point (Australia),Indian East Coast (Paradip/Vizag/Gangavaram),4800,2267,479.98,0,19.88
2023-03-18,Hay Point (Australia),Indian East Coast (Paradip/Vizag/Gangavaram),4800,2258,478.05,0,19.5
2023-03-19,Hay Point (Australia),Indian East Coast (Paradip/Vizag/Gangavaram),4800,2188,478.64,0,20.15
2023-03-20,Hay Point (Australia),Indian East Coast (Paradip/Vizag/Gangavaram),4800,2171,479.4,0,19.73
2023-03-21,Hay Point (Australia),Indian East Coast (Paradip/Vizag/Gangavaram),4800,2185,483.24,0,19.88
2023-03-22,Hay Point (Australia),Indian East Coast (Paradip/Vizag/Gangavaram),4800,2175,487.26,0,19.81
2023-03-23,Hay Point (Australia),Indian East Coast (Paradip/Vizag/Gangavaram),4800,2145,487.1,0,19.95
2023-03-24,Hay Point (Australia),Indian East Coast (Paradip/Vizag/Gangavaram),4800,2162,487.25,0,19.01
2023-03-25,Hay Point (Australia),Indian East Coast (Paradip/Vizag/Gangavaram),4800,2136,489.78,0,20.45
2023-03-26,Hay Point (Australia),Indian East Coast (Paradip/Vizag/Gangavaram),4800,2105,488.91,0,20.83
2023-03-27,Hay Point (Australia),Indian East Coast (Paradip/Vizag/Gangavaram),4800,2127,491.23,0,21.04
2023-03-28,Hay Point (Australia),Indian East Coast (Paradip/Vizag/Gangavaram),4800,2109,491.71,0,19.76
2023-03-29,Hay Point (Australia),Indian East Coast (Paradip/Vizag/Gangavaram),4800,2127,489.79,0,18.71
2023-03-30,Hay Point (Australia),Indian East Coast (Paradip/Vizag/Gangavaram),4800,2147,487.89,0,20.39
2023-03-31,Hay Point (Australia),Indian East Coast (Paradip/Vizag/Gangavaram),4800,2088,492.54,0,20.84
2023-04-01,Hay Point (Australia),Indian East Coast (Paradip/Vizag/Gangavaram),4800,2067,492.81,0,18.84
2023-04-02,Hay Point (Australia),Indian East Coast (Paradip/Vizag/Gangavaram),4800,2153,497.98,0,20.08
2023-04-03,Hay Point (Australia),Indian East Coast (Paradip/Vizag/Gangavaram),4800,2093,497.27,0,20.75
2023-04-04,Hay Point (Australia),Indian East Coast (Paradip/Vizag/Gangavaram),4800,1982,498.76,0,19.28
2023-04-05,Hay Point (Australia),Indian East Coast (Paradip/Vizag/Gangavaram),4800,1890,505.96,0,20.22
2023-04-06,Hay Point (Australia),Indian East Coast (Paradip/Vizag/Gangavaram),4800,1905,503.76,0,18.64
2023-04-07,Hay Point (Australia),Indian East Coast (Paradip/Vizag/Gangavaram),4800,1920,499.28,0,17.93
2023-04-08,Hay Point (Australia),Indian East Coast (Paradip/Vizag/Gangavaram),4800,1926,503.46,0,19.59
2023-04-09,Hay Point (Australia),Indian East Coast (Paradip/Vizag/Gangavaram),4800,2005,501.89,0,18.25
2023-04-10,Hay Point (Australia),Indian East Coast (Paradip/Vizag/Gangavaram),4800,1868,502.5,0,18.22
2023-04-11,Hay Point (Australia),Indian East Coast (Paradip/Vizag/Gangavaram),4800,1904,501.57,0,18.57
2023-04-12,Hay Point (Australia),Indian East Coast (Paradip/Vizag/Gangavaram),4800,2003,502.97,0,20.0
2023-04-13,Hay Point (Australia),Indian East Coast (Paradip/Vizag/Gangavaram),4800,1951,501.04,0,19.24
2023-04-14,Hay Point (Australia),Indian East Coast (Paradip/Vizag/Gangavaram),4800,1942,501.2,0,19.01
2023-04-15,Hay Point (Australia),Indian East Coast (Paradip/Vizag/Gangavaram),4800,1913,503.08,0,18.62
2023-04-16,Hay Point (Australia),Indian East Coast (Paradip/Vizag/Gangavaram),4800,1878,500.98,0,18.97
2023-04-17,Hay Point (Australia),Indian East Coast (Paradip/Vizag/Gangavaram),4800,1874,499.72,0,20.97
2023-04-18,Hay Point (Australia),Indian East Coast (Paradip/Vizag/Gangavaram),4800,1968,499.42,0,19.76
2023-04-19,Hay Point (Australia),Indian East Coast (Paradip/Vizag/Gangavaram),4800,2081,496.16,0,19.57
2023-04-20,Hay Point (Australia),Indian East Coast (Paradip/Vizag/Gangavaram),4800,2070,495.65,0,18.66
2023-04-21,Hay Point (Australia),Indian East Coast (Paradip/Vizag/Gangavaram),4800,2183,496.6,0,19.76
2023-04-22,Hay Point (Australia),Indian East Coast (Paradip/Vizag/Gangavaram),4800,2190,496.13,0,19.32
2023-04-23,Hay Point (Australia),Indian East Coast (Paradip/Vizag/Gangavaram),4800,2291,496.01,0,20.37
2023-04-24,Hay Point (Australia),Indian East Coast (Paradip/Vizag/Gangavaram),4800,2286,496.57,0,21.47
2023-04-25,Hay Point (Australia),Indian East Coast (Paradip/Vizag/Gangavaram),4800,2295,495.4,0,21.6
2023-04-26,Hay Point (Australia),Indian East Coast (Paradip/Vizag/Gangavaram),4800,2316,497.89,0,21.42
2023-04-27,Hay Point (Australia),Indian East Coast (Paradip/Vizag/Gangavaram),4800,2491,502.39,0,21.73
2023-04-28,Hay Point (Australia),Indian East Coast (Paradip/Vizag/Gangavaram),4800,2532,501.73,0,21.51
2023-04-29,Hay Point (Australia),Indian East Coast (Paradip/Vizag/Gangavaram),4800,2486,503.64,0,22.78
2023-04-30,Hay Point (Australia),Indian East Coast (Paradip/Vizag/Gangavaram),4800,2533,503.58,0,21.08
2023-05-01,Hay Point (Australia),Indian East Coast (Paradip/Vizag/Gangavaram),4800,2506,505.16,0,20.75
2023-05-02,Hay Point (Australia),Indian East Coast (Paradip/Vizag/Gangavaram),4800,2473,510.0,0,22.93
2023-05-03,Hay Point (Australia),Indian East Coast (Paradip/Vizag/Gangavaram),4800,2518,511.96,0,22.74
2023-05-04,Hay Point (Australia),Indian East Coast (Paradip/Vizag/Gangavaram),4800,2513,507.7,0,19.84
2023-05-05,Hay Point (Australia),Indian East Coast (Paradip/Vizag/Gangavaram),4800,2522,509.5,0,21.39
2023-05-06,Hay Point (Australia),Indian East Coast (Paradip/Vizag/Gangavaram),4800,2517,513.42,0,21.38
2023-05-07,Hay Point (Australia),Indian East Coast (Paradip/Vizag/Gangavaram),4800,2529,513.38,0,22.83
2023-05-08,Hay Point (Australia),Indian East Coast (Paradip/Vizag/Gangavaram),4800,2546,516.64,0,21.41
2023-05-09,Hay Point (Australia),Indian East Coast (Paradip/Vizag/Gangavaram),4800,2432,515.31,0,20.98
2023-05-10,Hay Point (Australia),Indian East Coast (Paradip/Vizag/Gangavaram),4800,2465,511.81,0,21.79
2023-05-11,Hay Point (Australia),Indian East Coast (Paradip/Vizag/Gangavaram),4800,2407,512.73,0,20.86
2023-05-12,Hay Point (Australia),Indian East Coast (Paradip/Vizag/Gangavaram),4800,2325,508.49,0,21.7
2023-05-13,Hay Point (Australia),Indian East Coast (Paradip/Vizag/Gangavaram),4800,2323,508.37,0,20.2
2023-05-14,Hay Point (Australia),Indian East Coast (Paradip/Vizag/Gangavaram),4800,2328,512.4,0,19.93
2023-05-15,Hay Point (Australia),Indian East Coast (Paradip/Vizag/Gangavaram),4800,2290,507.72,0,20.81
2023-05-16,Hay Point (Australia),Indian East Coast (Paradip/Vizag/Gangavaram),4800,2338,504.76,0,20.46
2023-05-17,Hay Point (Australia),Indian East Coast (Paradip/Vizag/Gangavaram),4800,2265,502.46,0,20.68
2023-05-18,Hay Point (Australia),Indian East Coast (Paradip/Vizag/Gangavaram),4800,2245,502.79,0,20.12
2023-05-19,Hay Point (Australia),Indian East Coast (Paradip/Vizag/Gangavaram),4800,2217,502.3,0,20.08
2023-05-20,Hay Point (Australia),Indian East Coast (Paradip/Vizag/Gangavaram),4800,2219,506.6,0,21.0
2023-05-21,Hay Point (Australia),Indian East Coast (Paradip/Vizag/Gangavaram),4800,2238,509.69,0,20.01
2023-05-22,Hay Point (Australia),Indian East Coast (Paradip/Vizag/Gangavaram),4800,2187,511.53,0,20.8
2023-05-23,Hay Point (Australia),Indian East Coast (Paradip/Vizag/Gangavaram),4800,2232,512.4,0,21.23
2023-05-24,Hay Point (Australia),Indian East Coast (Paradip/Vizag/Gangavaram),4800,2240,513.95,0,20.74
2023-05-25,Hay Point (Australia),Indian East Coast (Paradip/Vizag/Gangavaram),4800,2140,512.08,0,19.92
2023-05-26,Hay Point (Australia),Indian East Coast (Paradip/Vizag/Gangavaram),4800,2039,514.88,0,19.72
2023-05-27,Hay Point (Australia),Indian East Coast (Paradip/Vizag/Gangavaram),4800,2050,512.31,0,18.98
2023-05-28,Hay Point (Australia),Indian East Coast (Paradip/Vizag/Gangavaram),4800,2048,515.04,0,18.79
2023-05-29,Hay Point (Australia),Indian East Coast (Paradip/Vizag/Gangavaram),4800,2053,518.72,0,19.52
2023-05-30,Hay Point (Australia),Indian East Coast (Paradip/Vizag/Gangavaram),4800,2062,519.74,0,19.73
2023-05-31,Hay Point (Australia),Indian East Coast (Paradip/Vizag/Gangavaram),4800,2084,519.7,0,20.45
2023-06-01,Hay Point (Australia),Indian East Coast (Paradip/Vizag/Gangavaram),4800,2146,521.23,1,22.83
2023-06-02,Hay Point (Australia),Indian East Coast (Paradip/Vizag/Gangavaram),4800,2092,513.88,1,23.33
2023-06-03,Hay Point (Australia),Indian East Coast (Paradip/Vizag/Gangavaram),4800,2036,515.13,1,22.57
2023-06-04,Hay Point (Australia),Indian East Coast (Paradip/Vizag/Gangavaram),4800,1987,515.24,1,24.61
2023-06-05,Hay Point (Australia),Indian East Coast (Paradip/Vizag/Gangavaram),4800,2015,515.52,1,23.7
2023-06-06,Hay Point (Australia),Indian East Coast (Paradip/Vizag/Gangavaram),4800,2096,517.85,1,24.26
2023-06-07,Hay Point (Australia),Indian East Coast (Paradip/Vizag/Gangavaram),4800,2081,518.05,1,22.34
2023-06-08,Hay Point (Australia),Indian East Coast (Paradip/Vizag/Gangavaram),4800,1952,515.35,1,22.6
2023-06-09,Hay Point (Australia),Indian East Coast (Paradip/Vizag/Gangavaram),4800,1872,515.36,1,21.61
2023-06-10,Hay Point (Australia),Indian East Coast (Paradip/Vizag/Gangavaram),4800,1843,515.94,1,20.71
2023-06-11,Hay Point (Australia),Indian East Coast (Paradip/Vizag/Gangavaram),4800,1830,516.63,1,20.86
2023-06-12,Hay Point (Australia),Indian East Coast (Paradip/Vizag/Gangavaram),4800,1826,517.45,1,20.93
2023-06-13,Hay Point (Australia),Indian East Coast (Paradip/Vizag/Gangavaram),4800,1846,520.65,1,21.35
2023-06-14,Hay Point (Australia),Indian East Coast (Paradip/Vizag/Gangavaram),4800,1846,518.07,1,21.95
2023-06-15,Hay Point (Australia),Indian East Coast (Paradip/Vizag/Gangavaram),4800,1921,518.91,1,22.79
2023-06-16,Hay Point (Australia),Indian East Coast (Paradip/Vizag/Gangavaram),4800,1899,522.78,1,21.4
2023-06-17,Hay Point (Australia),Indian East Coast (Paradip/Vizag/Gangavaram),4800,1867,518.41,1,21.25
2023-06-18,Hay Point (Australia),Indian East Coast (Paradip/Vizag/Gangavaram),4800,1909,519.25,1,22.25
2023-06-19,Hay Point (Australia),Indian East Coast (Paradip/Vizag/Gangavaram),4800,1840,518.0,1,21.56
2023-06-20,Hay Point (Australia),Indian East Coast (Paradip/Vizag/Gangavaram),4800,1879,517.32,1,21.77
2023-06-21,Hay Point (Australia),Indian East Coast (Paradip/Vizag/Gangavaram),4800,1900,515.19,1,21.22
2023-06-22,Hay Point (Australia),Indian East Coast (Paradip/Vizag/Gangavaram),4800,1907,515.06,1,20.2
2023-06-23,Hay Point (Australia),Indian East Coast (Paradip/Vizag/Gangavaram),4800,2009,520.39,1,21.44
2023-06-24,Hay Point (Australia),Indian East Coast (Paradip/Vizag/Gangavaram),4800,1986,517.26,1,20.87
2023-06-25,Hay Point (Australia),Indian East Coast (Paradip/Vizag/Gangavaram),4800,2112,514.39,1,21.88
2023-06-26,Hay Point (Australia),Indian East Coast (Paradip/Vizag/Gangavaram),4800,2107,511.15,1,23.3
2023-06-27,Hay Point (Australia),Indian East Coast (Paradip/Vizag/Gangavaram),4800,2044,516.15,1,21.02
2023-06-28,Hay Point (Australia),Indian East Coast (Paradip/Vizag/Gangavaram),4800,2058,515.18,1,24.38
2023-06-29,Hay Point (Australia),Indian East Coast (Paradip/Vizag/Gangavaram),4800,2008,515.4,1,24.55
2023-06-30,Hay Point (Australia),Indian East Coast (Paradip/Vizag/Gangavaram),4800,1977,514.58,1,22.38
2023-07-01,Hay Point (Australia),Indian East Coast (Paradip/Vizag/Gangavaram),4800,2011,512.29,1,21.75
2023-07-02,Hay Point (Australia),Indian East Coast (Paradip/Vizag/Gangavaram),4800,2052,511.92,1,21.95
2023-07-03,Hay Point (Australia),Indian East Coast (Paradip/Vizag/Gangavaram),4800,2027,518.87,1,21.87
2023-07-04,Hay Point (Australia),Indian East Coast (Paradip/Vizag/Gangavaram),4800,2091,522.92,1,22.82
2023-07-05,Hay Point (Australia),Indian East Coast (Paradip/Vizag/Gangavaram),4800,2163,520.85,1,22.65
2023-07-06,Hay Point (Australia),Indian East Coast (Paradip/Vizag/Gangavaram),4800,2247,522.86,1,22.82
2023-07-07,Hay Point (Australia),Indian East Coast (Paradip/Vizag/Gangavaram),4800,2278,520.84,1,23.5
2023-07-08,Hay Point (Australia),Indian East Coast (Paradip/Vizag/Gangavaram),4800,2354,516.24,1,25.09
2023-07-09,Hay Point (Australia),Indian East Coast (Paradip/Vizag/Gangavaram),4800,2249,519.25,1,24.76
2023-07-10,Hay Point (Australia),Indian East Coast (Paradip/Vizag/Gangavaram),4800,2233,522.63,1,22.36
2023-07-11,Hay Point (Australia),Indian East Coast (Paradip/Vizag/Gangavaram),4800,2187,525.69,1,22.89
2023-07-12,Hay Point (Australia),Indian East Coast (Paradip/Vizag/Gangavaram),4800,2198,524.63,1,23.61
2023-07-13,Hay Point (Australia),Indian East Coast (Paradip/Vizag/Gangavaram),4800,2169,524.38,1,23.38
2023-07-14,Hay Point (Australia),Indian East Coast (Paradip/Vizag/Gangavaram),4800,2164,526.62,1,26.03
2023-07-15,Hay Point (Australia),Indian East Coast (Paradip/Vizag/Gangavaram),4800,2272,527.88,1,24.07
2023-07-16,Hay Point (Australia),Indian East Coast (Paradip/Vizag/Gangavaram),4800,2263,527.0,1,22.43
2023-07-17,Hay Point (Australia),Indian East Coast (Paradip/Vizag/Gangavaram),4800,2286,522.78,1,24.74
2023-07-18,Hay Point (Australia),Indian East Coast (Paradip/Vizag/Gangavaram),4800,2273,523.27,1,24.63
2023-07-19,Hay Point (Australia),Indian East Coast (Paradip/Vizag/Gangavaram),4800,2278,526.38,1,24.17
2023-07-20,Hay Point (Australia),Indian East Coast (Paradip/Vizag/Gangavaram),4800,2278,523.29,1,23.24
2023-07-21,Hay Point (Australia),Indian East Coast (Paradip/Vizag/Gangavaram),4800,2302,525.19,1,26.82
2023-07-22,Hay Point (Australia),Indian East Coast (Paradip/Vizag/Gangavaram),4800,2365,526.25,1,23.28
2023-07-23,Hay Point (Australia),Indian East Coast (Paradip/Vizag/Gangavaram),4800,2452,528.44,1,24.95
2023-07-24,Hay Point (Australia),Indian East Coast (Paradip/Vizag/Gangavaram),4800,2462,530.96,1,24.76
2023-07-25,Hay Point (Australia),Indian East Coast (Paradip/Vizag/Gangavaram),4800,2487,529.2,1,24.75
2023-07-26,Hay Point (Australia),Indian East Coast (Paradip/Vizag/Gangavaram),4800,2416,524.94,1,26.32
2023-07-27,Hay Point (Australia),Indian East Coast (Paradip/Vizag/Gangavaram),4800,2405,523.62,1,25.02
2023-07-28,Hay Point (Australia),Indian East Coast (Paradip/Vizag/Gangavaram),4800,2451,526.15,1,23.63
2023-07-29,Hay Point (Australia),Indian East Coast (Paradip/Vizag/Gangavaram),4800,2491,524.8,1,25.95
2023-07-30,Hay Point (Australia),Indian East Coast (Paradip/Vizag/Gangavaram),4800,2494,523.02,1,24.31
2023-07-31,Hay Point (Australia),Indian East Coast (Paradip/Vizag/Gangavaram),4800,2534,518.17,1,25.49
2023-08-01,Hay Point (Australia),Indian East Coast (Paradip/Vizag/Gangavaram),4800,2550,523.03,1,24.98
2023-08-02,Hay Point (Australia),Indian East Coast (Paradip/Vizag/Gangavaram),4800,2605,525.37,1,25.86
2023-08-03,Hay Point (Australia),Indian East Coast (Paradip/Vizag/Gangavaram),4800,2608,527.55,1,24.86
2023-08-04,Hay Point (Australia),Indian East Coast (Paradip/Vizag/Gangavaram),4800,2575,530.26,1,26.57
2023-08-05,Hay Point (Australia),Indian East Coast (Paradip/Vizag/Gangavaram),4800,2581,531.91,1,24.24
2023-08-06,Hay Point (Australia),Indian East Coast (Paradip/Vizag/Gangavaram),4800,2407,531.31,1,26.35
2023-08-07,Hay Point (Australia),Indian East Coast (Paradip/Vizag/Gangavaram),4800,2421,530.93,1,24.16
2023-08-08,Hay Point (Australia),Indian East Coast (Paradip/Vizag/Gangavaram),4800,2212,529.82,1,24.27
2023-08-09,Hay Point (Australia),Indian East Coast (Paradip/Vizag/Gangavaram),4800,2117,537.04,1,22.88
2023-08-10,Hay Point (Australia),Indian East Coast (Paradip/Vizag/Gangavaram),4800,2145,538.6,1,22.98
2023-08-11,Hay Point (Australia),Indian East Coast (Paradip/Vizag/Gangavaram),4800,2173,537.37,1,24.35
2023-08-12,Hay Point (Australia),Indian East Coast (Paradip/Vizag/Gangavaram),4800,2110,538.67,1,22.24
2023-08-13,Hay Point (Australia),Indian East Coast (Paradip/Vizag/Gangavaram),4800,2073,535.95,1,23.71
2023-08-14,Hay Point (Australia),Indian East Coast (Paradip/Vizag/Gangavaram),4800,2152,540.07,1,24.7
2023-08-15,Hay Point (Australia),Indian East Coast (Paradip/Vizag/Gangavaram),4800,2126,538.28,1,24.41
2023-08-16,Hay Point (Australia),Indian East Coast (Paradip/Vizag/Gangavaram),4800,2251,539.66,1,23.83
2023-08-17,Hay Point (Australia),Indian East Coast (Paradip/Vizag/Gangavaram),4800,2248,542.56,1,23.51
2023-08-18,Hay Point (Australia),Indian East Coast (Paradip/Vizag/Gangavaram),4800,2268,543.61,1,23.33
2023-08-19,Hay Point (Australia),Indian East Coast (Paradip/Vizag/Gangavaram),4800,2353,543.86,1,24.99
2023-08-20,Hay Point (Australia),Indian East Coast (Paradip/Vizag/Gangavaram),4800,2353,543.87,1,23.48
2023-08-21,Hay Point (Australia),Indian East Coast (Paradip/Vizag/Gangavaram),4800,2291,543.7,1,24.2
2023-08-22,Hay Point (Australia),Indian East Coast (Paradip/Vizag/Gangavaram),4800,2280,542.11,1,25.76
2023-08-23,Hay Point (Australia),Indian East Coast (Paradip/Vizag/Gangavaram),4800,2273,540.85,1,25.26
2023-08-24,Hay Point (Australia),Indian East Coast (Paradip/Vizag/Gangavaram),4800,2193,544.84,1,22.65
2023-08-25,Hay Point (Australia),Indian East Coast (Paradip/Vizag/Gangavaram),4800,2177,544.5,1,23.55
2023-08-26,Hay Point (Australia),Indian East Coast (Paradip/Vizag/Gangavaram),4800,2135,542.32,1,21.88
2023-08-27,Hay Point (Australia),Indian East Coast (Paradip/Vizag/Gangavaram),4800,2185,540.86,1,24.31
2023-08-28,Hay Point (Australia),Indian East Coast (Paradip/Vizag/Gangavaram),4800,2185,543.79,1,24.02
2023-08-29,Hay Point (Australia),Indian East Coast (Paradip/Vizag/Gangavaram),4800,2166,545.56,1,23.72
2023-08-30,Hay Point (Australia),Indian East Coast (Paradip/Vizag/Gangavaram),4800,2159,547.02,1,23.25
2023-08-31,Hay Point (Australia),Indian East Coast (Paradip/Vizag/Gangavaram),4800,2169,546.24,1,22.58
2023-09-01,Hay Point (Australia),Indian East Coast (Paradip/Vizag/Gangavaram),4800,2200,547.72,1,23.48
2023-09-02,Hay Point (Australia),Indian East Coast (Paradip/Vizag/Gangavaram),4800,2142,545.88,1,23.21
2023-09-03,Hay Point (Australia),Indian East Coast (Paradip/Vizag/Gangavaram),4800,2082,545.08,1,24.08
2023-09-04,Hay Point (Australia),Indian East Coast (Paradip/Vizag/Gangavaram),4800,2143,547.61,1,24.09
2023-09-05,Hay Point (Australia),Indian East Coast (Paradip/Vizag/Gangavaram),4800,2118,549.89,1,23.76
2023-09-06,Hay Point (Australia),Indian East Coast (Paradip/Vizag/Gangavaram),4800,2039,547.1,1,22.25
2023-09-07,Hay Point (Australia),Indian East Coast (Paradip/Vizag/Gangavaram),4800,2064,544.66,1,22.59
2023-09-08,Hay Point (Australia),Indian East Coast (Paradip/Vizag/Gangavaram),4800,2090,544.83,1,23.87
2023-09-09,Hay Point (Australia),Indian East Coast (Paradip/Vizag/Gangavaram),4800,2004,549.4,1,22.66
2023-09-10,Hay Point (Australia),Indian East Coast (Paradip/Vizag/Gangavaram),4800,2019,544.05,1,22.17
2023-09-11,Hay Point (Australia),Indian East Coast (Paradip/Vizag/Gangavaram),4800,2060,544.67,1,23.24
2023-09-12,Hay Point (Australia),Indian East Coast (Paradip/Vizag/Gangavaram),4800,2080,540.78,1,22.84
2023-09-13,Hay Point (Australia),Indian East Coast (Paradip/Vizag/Gangavaram),4800,2113,538.9,1,21.82
2023-09-14,Hay Point (Australia),Indian East Coast (Paradip/Vizag/Gangavaram),4800,2033,537.75,1,22.83
2023-09-15,Hay Point (Australia),Indian East Coast (Paradip/Vizag/Gangavaram),4800,2051,536.44,1,22.5
2023-09-16,Hay Point (Australia),Indian East Coast (Paradip/Vizag/Gangavaram),4800,2033,534.82,1,24.25
2023-09-17,Hay Point (Australia),Indian East Coast (Paradip/Vizag/Gangavaram),4800,2006,534.67,1,23.24
2023-09-18,Hay Point (Australia),Indian East Coast (Paradip/Vizag/Gangavaram),4800,2054,533.03,1,22.25
2023-09-19,Hay Point (Australia),Indian East Coast (Paradip/Vizag/Gangavaram),4800,2133,528.87,1,23.85
2023-09-20,Hay Point (Australia),Indian East Coast (Paradip/Vizag/Gangavaram),4800,2227,530.8,1,21.97
2023-09-21,Hay Point (Australia),Indian East Coast (Paradip/Vizag/Gangavaram),4800,2291,532.65,1,24.93
2023-09-22,Hay Point (Australia),Indian East Coast (Paradip/Vizag/Gangavaram),4800,2275,534.74,1,24.99
2023-09-23,Hay Point (Australia),Indian East Coast (Paradip/Vizag/Gangavaram),4800,2284,530.34,1,23.93
2023-09-24,Hay Point (Australia),Indian East Coast (Paradip/Vizag/Gangavaram),4800,2315,530.94,1,24.11
2023-09-25,Hay Point (Australia),Indian East Coast (Paradip/Vizag/Gangavaram),4800,2309,532.56,1,24.21
2023-09-26,Hay Point (Australia),Indian East Coast (Paradip/Vizag/Gangavaram),4800,2304,529.52,1,26.11
2023-09-27,Hay Point (Australia),Indian East Coast (Paradip/Vizag/Gangavaram),4800,2338,529.32,1,24.49
2023-09-28,Hay Point (Australia),Indian East Coast (Paradip/Vizag/Gangavaram),4800,2321,528.77,1,23.35
2023-09-29,Hay Point (Australia),Indian East Coast (Paradip/Vizag/Gangavaram),4800,2267,533.53,1,23.97
2023-09-30,Hay Point (Australia),Indian East Coast (Paradip/Vizag/Gangavaram),4800,2233,538.52,1,23.62
2023-10-01,Hay Point (Australia),Indian East Coast (Paradip/Vizag/Gangavaram),4800,2257,533.74,0,21.53
2023-10-02,Hay Point (Australia),Indian East Coast (Paradip/Vizag/Gangavaram),4800,2246,540.27,0,21.24
2023-10-03,Hay Point (Australia),Indian East Coast (Paradip/Vizag/Gangavaram),4800,2253,537.51,0,20.04
2023-10-04,Hay Point (Australia),Indian East Coast (Paradip/Vizag/Gangavaram),4800,2278,539.91,0,21.56
2023-10-05,Hay Point (Australia),Indian East Coast (Paradip/Vizag/Gangavaram),4800,2245,542.28,0,21.3
2023-10-06,Hay Point (Australia),Indian East Coast (Paradip/Vizag/Gangavaram),4800,2274,539.29,0,21.41
2023-10-07,Hay Point (Australia),Indian East Coast (Paradip/Vizag/Gangavaram),4800,2282,540.34,0,21.61
2023-10-08,Hay Point (Australia),Indian East Coast (Paradip/Vizag/Gangavaram),4800,2200,539.76,0,21.08
2023-10-09,Hay Point (Australia),Indian East Coast (Paradip/Vizag/Gangavaram),4800,2268,540.97,0,21.98
2023-10-10,Hay Point (Australia),Indian East Coast (Paradip/Vizag/Gangavaram),4800,2227,541.29,0,20.52
2023-10-11,Hay Point (Australia),Indian East Coast (Paradip/Vizag/Gangavaram),4800,2123,544.24,0,20.19
2023-10-12,Hay Point (Australia),Indian East Coast (Paradip/Vizag/Gangavaram),4800,2057,544.13,0,20.52
2023-10-13,Hay Point (Australia),Indian East Coast (Paradip/Vizag/Gangavaram),4800,1994,543.36,0,20.6
2023-10-14,Hay Point (Australia),Indian East Coast (Paradip/Vizag/Gangavaram),4800,1992,546.02,0,20.58
2023-10-15,Hay Point (Australia),Indian East Coast (Paradip/Vizag/Gangavaram),4800,1971,547.27,0,21.37
2023-10-16,Hay Point (Australia),Indian East Coast (Paradip/Vizag/Gangavaram),4800,1948,548.92,0,19.88
2023-10-17,Hay Point (Australia),Indian East Coast (Paradip/Vizag/Gangavaram),4800,1978,546.78,0,20.89
2023-10-18,Hay Point (Australia),Indian East Coast (Paradip/Vizag/Gangavaram),4800,1991,543.59,0,19.84
2023-10-19,Hay Point (Australia),Indian East Coast (Paradip/Vizag/Gangavaram),4800,2003,541.69,0,19.31
2023-10-20,Hay Point (Australia),Indian East Coast (Paradip/Vizag/Gangavaram),4800,2019,539.65,0,19.58
2023-10-21,Hay Point (Australia),Indian East Coast (Paradip/Vizag/Gangavaram),4800,2045,541.43,0,20.54
2023-10-22,Hay Point (Australia),Indian East Coast (Paradip/Vizag/Gangavaram),4800,1920,543.72,0,19.68
2023-10-23,Hay Point (Australia),Indian East Coast (Paradip/Vizag/Gangavaram),4800,1896,542.93,0,19.36
2023-10-24,Hay Point (Australia),Indian East Coast (Paradip/Vizag/Gangavaram),4800,1772,546.44,0,18.69
2023-10-25,Hay Point (Australia),Indian East Coast (Paradip/Vizag/Gangavaram),4800,1774,549.78,0,18.7
2023-10-26,Hay Point (Australia),Indian East Coast (Paradip/Vizag/Gangavaram),4800,1774,550.06,0,18.63
2023-10-27,Hay Point (Australia),Indian East Coast (Paradip/Vizag/Gangavaram),4800,1831,547.43,0,19.75
2023-10-28,Hay Point (Australia),Indian East Coast (Paradip/Vizag/Gangavaram),4800,1894,551.32,0,20.31
2023-10-29,Hay Point (Australia),Indian East Coast (Paradip/Vizag/Gangavaram),4800,1900,550.76,0,19.14
2023-10-30,Hay Point (Australia),Indian East Coast (Paradip/Vizag/Gangavaram),4800,1867,550.69,0,19.65
2023-10-31,Hay Point (Australia),Indian East Coast (Paradip/Vizag/Gangavaram),4800,1889,549.36,0,19.22
2023-11-01,Hay Point (Australia),Indian East Coast (Paradip/Vizag/Gangavaram),4800,1855,546.52,0,19.47
2023-11-02,Hay Point (Australia),Indian East Coast (Paradip/Vizag/Gangavaram),4800,1850,542.11,0,18.63
2023-11-03,Hay Point (Australia),Indian East Coast (Paradip/Vizag/Gangavaram),4800,1900,543.4,0,20.46
2023-11-04,Hay Point (Australia),Indian East Coast (Paradip/Vizag/Gangavaram),4800,1863,540.84,0,18.93
2023-11-05,Hay Point (Australia),Indian East Coast (Paradip/Vizag/Gangavaram),4800,1901,548.73,0,20.29
2023-11-06,Hay Point (Australia),Indian East Coast (Paradip/Vizag/Gangavaram),4800,1932,545.33,0,20.31
2023-11-07,Hay Point (Australia),Indian East Coast (Paradip/Vizag/Gangavaram),4800,1871,541.47,0,18.87
2023-11-08,Hay Point (Australia),Indian East Coast (Paradip/Vizag/Gangavaram),4800,1918,542.41,0,19.45
2023-11-09,Hay Point (Australia),Indian East Coast (Paradip/Vizag/Gangavaram),4800,1948,546.11,0,19.5
2023-11-10,Hay Point (Australia),Indian East Coast (Paradip/Vizag/Gangavaram),4800,1944,545.83,0,19.0
2023-11-11,Hay Point (Australia),Indian East Coast (Paradip/Vizag/Gangavaram),4800,1892,546.92,0,18.6
2023-11-12,Hay Point (Australia),Indian East Coast (Paradip/Vizag/Gangavaram),4800,1836,541.44,0,19.39
2023-11-13,Hay Point (Australia),Indian East Coast (Paradip/Vizag/Gangavaram),4800,1800,539.12,0,18.45
2023-11-14,Hay Point (Australia),Indian East Coast (Paradip/Vizag/Gangavaram),4800,1825,535.72,0,18.59
2023-11-15,Hay Point (Australia),Indian East Coast (Paradip/Vizag/Gangavaram),4800,1765,530.08,0,18.53
2023-11-16,Hay Point (Australia),Indian East Coast (Paradip/Vizag/Gangavaram),4800,1785,529.91,0,17.75
2023-11-17,Hay Point (Australia),Indian East Coast (Paradip/Vizag/Gangavaram),4800,1712,523.32,0,18.38
2023-11-18,Hay Point (Australia),Indian East Coast (Paradip/Vizag/Gangavaram),4800,1700,519.23,0,17.1
2023-11-19,Hay Point (Australia),Indian East Coast (Paradip/Vizag/Gangavaram),4800,1706,517.27,0,18.28
2023-11-20,Hay Point (Australia),Indian East Coast (Paradip/Vizag/Gangavaram),4800,1842,514.5,0,18.84
2023-11-21,Hay Point (Australia),Indian East Coast (Paradip/Vizag/Gangavaram),4800,1762,515.07,0,18.46
2023-11-22,Hay Point (Australia),Indian East Coast (Paradip/Vizag/Gangavaram),4800,1844,515.38,0,17.79
2023-11-23,Hay Point (Australia),Indian East Coast (Paradip/Vizag/Gangavaram),4800,1850,517.3,0,18.78
2023-11-24,Hay Point (Australia),Indian East Coast (Paradip/Vizag/Gangavaram),4800,1872,518.82,0,19.37
2023-11-25,Hay Point (Australia),Indian East Coast (Paradip/Vizag/Gangavaram),4800,1877,521.39,0,18.25
2023-11-26,Hay Point (Australia),Indian East Coast (Paradip/Vizag/Gangavaram),4800,1901,520.86,0,18.46
2023-11-27,Hay Point (Australia),Indian East Coast (Paradip/Vizag/Gangavaram),4800,1892,521.14,0,19.54
2023-11-28,Hay Point (Australia),Indian East Coast (Paradip/Vizag/Gangavaram),4800,1975,522.0,0,19.55
2023-11-29,Hay Point (Australia),Indian East Coast (Paradip/Vizag/Gangavaram),4800,1947,521.84,0,17.56
2023-11-30,Hay Point (Australia),Indian East Coast (Paradip/Vizag/Gangavaram),4800,2012,520.21,0,20.72
2023-12-01,Hay Point (Australia),Indian East Coast (Paradip/Vizag/Gangavaram),4800,1973,518.75,0,19.68
2023-12-02,Hay Point (Australia),Indian East Coast (Paradip/Vizag/Gangavaram),4800,1970,515.97,0,19.11
2023-12-03,Hay Point (Australia),Indian East Coast (Paradip/Vizag/Gangavaram),4800,1907,516.55,0,18.9
2023-12-04,Hay Point (Australia),Indian East Coast (Paradip/Vizag/Gangavaram),4800,1937,515.73,0,18.3
2023-12-05,Hay Point (Australia),Indian East Coast (Paradip/Vizag/Gangavaram),4800,2026,513.36,0,20.05
2023-12-06,Hay Point (Australia),Indian East Coast (Paradip/Vizag/Gangavaram),4800,2022,510.98,0,19.77
2023-12-07,Hay Point (Australia),Indian East Coast (Paradip/Vizag/Gangavaram),4800,2011,507.11,0,20.04
2023-12-08,Hay Point (Australia),Indian East Coast (Paradip/Vizag/Gangavaram),4800,1944,509.19,0,19.35
2023-12-09,Hay Point (Australia),Indian East Coast (Paradip/Vizag/Gangavaram),4800,1933,508.82,0,19.95
2023-12-10,Hay Point (Australia),Indian East Coast (Paradip/Vizag/Gangavaram),4800,1838,505.88,0,18.28
2023-12-11,Hay Point (Australia),Indian East Coast (Paradip/Vizag/Gangavaram),4800,1788,507.49,0,18.81
2023-12-12,Hay Point (Australia),Indian East Coast (Paradip/Vizag/Gangavaram),4800,1810,505.36,0,17.97
2023-12-13,Hay Point (Australia),Indian East Coast (Paradip/Vizag/Gangavaram),4800,1902,500.94,0,19.84
2023-12-14,Hay Point (Australia),Indian East Coast (Paradip/Vizag/Gangavaram),4800,2086,503.11,0,21.01
2023-12-15,Hay Point (Australia),Indian East Coast (Paradip/Vizag/Gangavaram),4800,2048,501.04,0,20.2
2023-12-16,Hay Point (Australia),Indian East Coast (Paradip/Vizag/Gangavaram),4800,2142,499.31,0,20.75
2023-12-17,Hay Point (Australia),Indian East Coast (Paradip/Vizag/Gangavaram),4800,2155,498.81,0,19.68
2023-12-18,Hay Point (Australia),Indian East Coast (Paradip/Vizag/Gangavaram),4800,2143,501.29,0,20.39
2023-12-19,Hay Point (Australia),Indian East Coast (Paradip/Vizag/Gangavaram),4800,2168,500.72,0,20.08
2023-12-20,Hay Point (Australia),Indian East Coast (Paradip/Vizag/Gangavaram),4800,2168,496.83,0,18.99
2023-12-21,Hay Point (Australia),Indian East Coast (Paradip/Vizag/Gangavaram),4800,2171,497.68,0,20.28
2023-12-22,Hay Point (Australia),Indian East Coast (Paradip/Vizag/Gangavaram),4800,2138,495.73,0,20.03
2023-12-23,Hay Point (Australia),Indian East Coast (Paradip/Vizag/Gangavaram),4800,2039,500.22,0,19.04
2023-12-24,Hay Point (Australia),Indian East Coast (Paradip/Vizag/Gangavaram),4800,1931,499.58,0,17.93
2023-12-25,Hay Point (Australia),Indian East Coast (Paradip/Vizag/Gangavaram),4800,1976,492.85,0,18.77
2023-12-26,Hay Point (Australia),Indian East Coast (Paradip/Vizag/Gangavaram),4800,1955,493.18,0,17.91
2023-12-27,Hay Point (Australia),Indian East Coast (Paradip/Vizag/Gangavaram),4800,1913,497.81,0,19.59
2023-12-28,Hay Point (Australia),Indian East Coast (Paradip/Vizag/Gangavaram),4800,1912,501.45,0,18.1
2023-12-29,Hay Point (Australia),Indian East Coast (Paradip/Vizag/Gangavaram),4800,1965,505.77,0,19.59
2023-12-30,Hay Point (Australia),Indian East Coast (Paradip/Vizag/Gangavaram),4800,1973,502.33,0,18.79
2023-12-31,Hay Point (Australia),Indian East Coast (Paradip/Vizag/Gangavaram),4800,1922,504.15,0,18.13
2024-01-01,Hay Point (Australia),Indian East Coast (Paradip/Vizag/Gangavaram),4800,2003,536.51,0,20.21
2024-01-02,Hay Point (Australia),Indian East Coast (Paradip/Vizag/Gangavaram),4800,2106,536.45,0,20.31
2024-01-03,Hay Point (Australia),Indian East Coast (Paradip/Vizag/Gangavaram),4800,2128,532.31,0,20.91
2024-01-04,Hay Point (Australia),Indian East Coast (Paradip/Vizag/Gangavaram),4800,2182,529.88,0,20.1
2024-01-05,Hay Point (Australia),Indian East Coast (Paradip/Vizag/Gangavaram),4800,2252,527.36,0,19.61
2024-01-06,Hay Point (Australia),Indian East Coast (Paradip/Vizag/Gangavaram),4800,2310,529.12,0,19.51
2024-01-07,Hay Point (Australia),Indian East Coast (Paradip/Vizag/Gangavaram),4800,2329,530.61,0,19.74
2024-01-08,Hay Point (Australia),Indian East Coast (Paradip/Vizag/Gangavaram),4800,2346,530.67,0,22.84
2024-01-09,Hay Point (Australia),Indian East Coast (Paradip/Vizag/Gangavaram),4800,2354,526.3,0,23.14
2024-01-10,Hay Point (Australia),Indian East Coast (Paradip/Vizag/Gangavaram),4800,2248,524.76,0,20.35
2024-01-11,Hay Point (Australia),Indian East Coast (Paradip/Vizag/Gangavaram),4800,2270,522.03,0,20.73
2024-01-12,Hay Point (Australia),Indian East Coast (Paradip/Vizag/Gangavaram),4800,2147,523.69,0,19.71
2024-01-13,Hay Point (Australia),Indian East Coast (Paradip/Vizag/Gangavaram),4800,2066,526.19,0,20.07
2024-01-14,Hay Point (Australia),Indian East Coast (Paradip/Vizag/Gangavaram),4800,2133,528.36,0,19.86
2024-01-15,Hay Point (Australia),Indian East Coast (Paradip/Vizag/Gangavaram),4800,2164,525.59,0,20.4
2024-01-16,Hay Point (Australia),Indian East Coast (Paradip/Vizag/Gangavaram),4800,2237,517.43,0,20.23
2024-01-17,Hay Point (Australia),Indian East Coast (Paradip/Vizag/Gangavaram),4800,2185,511.91,0,20.6
2024-01-18,Hay Point (Australia),Indian East Coast (Paradip/Vizag/Gangavaram),4800,2073,515.06,0,20.69
2024-01-19,Hay Point (Australia),Indian East Coast (Paradip/Vizag/Gangavaram),4800,2027,513.24,0,21.78
2024-01-20,Hay Point (Australia),Indian East Coast (Paradip/Vizag/Gangavaram),4800,2004,510.48,0,21.1
2024-01-21,Hay Point (Australia),Indian East Coast (Paradip/Vizag/Gangavaram),4800,1980,514.22,0,22.91
2024-01-22,Hay Point (Australia),Indian East Coast (Paradip/Vizag/Gangavaram),4800,2027,516.93,0,23.34
2024-01-23,Hay Point (Australia),Indian East Coast (Paradip/Vizag/Gangavaram),4800,1971,516.27,0,24.68
2024-01-24,Hay Point (Australia),Indian East Coast (Paradip/Vizag/Gangavaram),4800,1963,514.73,0,24.29
2024-01-25,Hay Point (Australia),Indian East Coast (Paradip/Vizag/Gangavaram),4800,1866,513.64,0,23.51
2024-01-26,Hay Point (Australia),Indian East Coast (Paradip/Vizag/Gangavaram),4800,1866,513.52,0,24.64
2024-01-27,Hay Point (Australia),Indian East Coast (Paradip/Vizag/Gangavaram),4800,1837,517.13,0,21.99
2024-01-28,Hay Point (Australia),Indian East Coast (Paradip/Vizag/Gangavaram),4800,1758,517.53,0,22.32
2024-01-29,Hay Point (Australia),Indian East Coast (Paradip/Vizag/Gangavaram),4800,1716,518.76,0,21.89
2024-01-30,Hay Point (Australia),Indian East Coast (Paradip/Vizag/Gangavaram),4800,1678,521.2,0,22.03
2024-01-31,Hay Point (Australia),Indian East Coast (Paradip/Vizag/Gangavaram),4800,1636,517.27,0,18.83
2024-02-01,Hay Point (Australia),Indian East Coast (Paradip/Vizag/Gangavaram),4800,1723,518.57,0,19.88
2024-02-02,Hay Point (Australia),Indian East Coast (Paradip/Vizag/Gangavaram),4800,1688,517.01,0,19.65
2024-02-03,Hay Point (Australia),Indian East Coast (Paradip/Vizag/Gangavaram),4800,1645,509.41,0,17.51
2024-02-04,Hay Point (Australia),Indian East Coast (Paradip/Vizag/Gangavaram),4800,1489,502.86,0,16.74
2024-02-05,Hay Point (Australia),Indian East Coast (Paradip/Vizag/Gangavaram),4800,1414,499.34,0,16.54
2024-02-06,Hay Point (Australia),Indian East Coast (Paradip/Vizag/Gangavaram),4800,1380,500.02,0,15.89
2024-02-07,Hay Point (Australia),Indian East Coast (Paradip/Vizag/Gangavaram),4800,1321,499.56,0,16.8
2024-02-08,Hay Point (Australia),Indian East Coast (Paradip/Vizag/Gangavaram),4800,1389,499.3,0,16.36
2024-02-09,Hay Point (Australia),Indian East Coast (Paradip/Vizag/Gangavaram),4800,1361,503.84,0,17.15
2024-02-10,Hay Point (Australia),Indian East Coast (Paradip/Vizag/Gangavaram),4800,1420,499.62,0,16.38
2024-02-11,Hay Point (Australia),Indian East Coast (Paradip/Vizag/Gangavaram),4800,1403,498.77,0,16.24
2024-02-12,Hay Point (Australia),Indian East Coast (Paradip/Vizag/Gangavaram),4800,1386,498.83,0,15.88
2024-02-13,Hay Point (Australia),Indian East Coast (Paradip/Vizag/Gangavaram),4800,1362,496.05,0,15.43
2024-02-14,Hay Point (Australia),Indian East Coast (Paradip/Vizag/Gangavaram),4800,1344,495.35,0,15.91
2024-02-15,Hay Point (Australia),Indian East Coast (Paradip/Vizag/Gangavaram),4800,1425,490.22,0,15.94
2024-02-16,Hay Point (Australia),Indian East Coast (Paradip/Vizag/Gangavaram),4800,1272,493.28,0,15.58
2024-02-17,Hay Point (Australia),Indian East Coast (Paradip/Vizag/Gangavaram),4800,1145,490.64,0,15.52
2024-02-18,Hay Point (Australia),Indian East Coast (Paradip/Vizag/Gangavaram),4800,1105,495.39,0,14.08
2024-02-19,Hay Point (Australia),Indian East Coast (Paradip/Vizag/Gangavaram),4800,1098,494.52,0,15.03
2024-02-20,Hay Point (Australia),Indian East Coast (Paradip/Vizag/Gangavaram),4800,1129,496.53,0,14.74
2024-02-21,Hay Point (Australia),Indian East Coast (Paradip/Vizag/Gangavaram),4800,1147,495.6,0,15.7
2024-02-22,Hay Point (Australia),Indian East Coast (Paradip/Vizag/Gangavaram),4800,1116,494.73,0,14.32
2024-02-23,Hay Point (Australia),Indian East Coast (Paradip/Vizag/Gangavaram),4800,1165,492.35,0,15.0
2024-02-24,Hay Point (Australia),Indian East Coast (Paradip/Vizag/Gangavaram),4800,1213,491.88,0,15.5
2024-02-25,Hay Point (Australia),Indian East Coast (Paradip/Vizag/Gangavaram),4800,1212,491.96,0,15.19
2024-02-26,Hay Point (Australia),Indian East Coast (Paradip/Vizag/Gangavaram),4800,1255,489.03,0,15.41
2024-02-27,Hay Point (Australia),Indian East Coast (Paradip/Vizag/Gangavaram),4800,1258,487.9,0,14.73
2024-02-28,Hay Point (Australia),Indian East Coast (Paradip/Vizag/Gangavaram),4800,1216,485.44,0,15.79
2024-02-29,Hay Point (Australia),Indian East Coast (Paradip/Vizag/Gangavaram),4800,1245,490.9,0,15.37
2024-03-01,Hay Point (Australia),Indian East Coast (Paradip/Vizag/Gangavaram),4800,1240,489.86,0,15.69
2024-03-02,Hay Point (Australia),Indian East Coast (Paradip/Vizag/Gangavaram),4800,1230,493.27,0,15.92
2024-03-03,Hay Point (Australia),Indian East Coast (Paradip/Vizag/Gangavaram),4800,1300,491.94,0,15.43
2024-03-04,Hay Point (Australia),Indian East Coast (Paradip/Vizag/Gangavaram),4800,1152,491.84,0,14.46
2024-03-05,Hay Point (Australia),Indian East Coast (Paradip/Vizag/Gangavaram),4800,1066,487.45,0,14.83
2024-03-06,Hay Point (Australia),Indian East Coast (Paradip/Vizag/Gangavaram),4800,995,485.43,0,14.12
2024-03-07,Hay Point (Australia),Indian East Coast (Paradip/Vizag/Gangavaram),4800,972,485.2,0,14.82
2024-03-08,Hay Point (Australia),Indian East Coast (Paradip/Vizag/Gangavaram),4800,956,488.72,0,14.11
2024-03-09,Hay Point (Australia),Indian East Coast (Paradip/Vizag/Gangavaram),4800,871,488.52,0,14.29
2024-03-10,Hay Point (Australia),Indian East Coast (Paradip/Vizag/Gangavaram),4800,817,491.48,0,13.45
2024-03-11,Hay Point (Australia),Indian East Coast (Paradip/Vizag/Gangavaram),4800,772,492.42,0,13.21
2024-03-12,Hay Point (Australia),Indian East Coast (Paradip/Vizag/Gangavaram),4800,911,496.04,0,13.71
2024-03-13,Hay Point (Australia),Indian East Coast (Paradip/Vizag/Gangavaram),4800,1009,495.07,0,14.44
2024-03-14,Hay Point (Australia),Indian East Coast (Paradip/Vizag/Gangavaram),4800,982,500.77,0,14.61
2024-03-15,Hay Point (Australia),Indian East Coast (Paradip/Vizag/Gangavaram),4800,958,498.64,0,14.42
2024-03-16,Hay Point (Australia),Indian East Coast (Paradip/Vizag/Gangavaram),4800,891,495.75,0,14.22
2024-03-17,Hay Point (Australia),Indian East Coast (Paradip/Vizag/Gangavaram),4800,785,491.65,0,13.21
2024-03-18,Hay Point (Australia),Indian East Coast (Paradip/Vizag/Gangavaram),4800,781,497.19,0,13.49
2024-03-19,Hay Point (Australia),Indian East Coast (Paradip/Vizag/Gangavaram),4800,728,498.61,0,13.8
2024-03-20,Hay Point (Australia),Indian East Coast (Paradip/Vizag/Gangavaram),4800,728,496.89,0,13.67
2024-03-21,Hay Point (Australia),Indian East Coast (Paradip/Vizag/Gangavaram),4800,644,499.48,0,12.46
2024-03-22,Hay Point (Australia),Indian East Coast (Paradip/Vizag/Gangavaram),4800,609,500.55,0,12.58
2024-03-23,Hay Point (Australia),Indian East Coast (Paradip/Vizag/Gangavaram),4800,624,505.09,0,12.39
2024-03-24,Hay Point (Australia),Indian East Coast (Paradip/Vizag/Gangavaram),4800,652,500.07,0,12.78
2024-03-25,Hay Point (Australia),Indian East Coast (Paradip/Vizag/Gangavaram),4800,681,498.54,0,12.84
2024-03-26,Hay Point (Australia),Indian East Coast (Paradip/Vizag/Gangavaram),4800,613,496.47,0,12.33
2024-03-27,Hay Point (Australia),Indian East Coast (Paradip/Vizag/Gangavaram),4800,667,490.3,0,12.74
2024-03-28,Hay Point (Australia),Indian East Coast (Paradip/Vizag/Gangavaram),4800,628,492.37,0,12.08
2024-03-29,Hay Point (Australia),Indian East Coast (Paradip/Vizag/Gangavaram),4800,669,490.83,0,13.06
2024-03-30,Hay Point (Australia),Indian East Coast (Paradip/Vizag/Gangavaram),4800,673,492.03,0,13.0
2024-03-31,Hay Point (Australia),Indian East Coast (Paradip/Vizag/Gangavaram),4800,602,497.65,0,12.19
2024-04-01,Hay Point (Australia),Indian East Coast (Paradip/Vizag/Gangavaram),4800,591,495.88,0,12.89
2024-04-02,Hay Point (Australia),Indian East Coast (Paradip/Vizag/Gangavaram),4800,618,493.93,0,13.02
2024-04-03,Hay Point (Australia),Indian East Coast (Paradip/Vizag/Gangavaram),4800,658,493.44,0,12.97
2024-04-04,Hay Point (Australia),Indian East Coast (Paradip/Vizag/Gangavaram),4800,654,495.32,0,12.83
2024-04-05,Hay Point (Australia),Indian East Coast (Paradip/Vizag/Gangavaram),4800,743,492.98,0,13.34
2024-04-06,Hay Point (Australia),Indian East Coast (Paradip/Vizag/Gangavaram),4800,799,490.46,0,13.63
2024-04-07,Hay Point (Australia),Indian East Coast (Paradip/Vizag/Gangavaram),4800,784,492.53,0,13.83
2024-04-08,Hay Point (Australia),Indian East Coast (Paradip/Vizag/Gangavaram),4800,825,492.75,0,13.0
2024-04-09,Hay Point (Australia),Indian East Coast (Paradip/Vizag/Gangavaram),4800,929,486.39,0,14.54
2024-04-10,Hay Point (Australia),Indian East Coast (Paradip/Vizag/Gangavaram),4800,1031,482.25,0,14.73
2024-04-11,Hay Point (Australia),Indian East Coast (Paradip/Vizag/Gangavaram),4800,954,485.54,0,13.86
2024-04-12,Hay Point (Australia),Indian East Coast (Paradip/Vizag/Gangavaram),4800,896,485.83,0,13.22
2024-04-13,Hay Point (Australia),Indian East Coast (Paradip/Vizag/Gangavaram),4800,973,482.95,0,14.12
2024-04-14,Hay Point (Australia),Indian East Coast (Paradip/Vizag/Gangavaram),4800,907,481.69,0,13.44
2024-04-15,Hay Point (Australia),Indian East Coast (Paradip/Vizag/Gangavaram),4800,828,480.93,0,13.5
2024-04-16,Hay Point (Australia),Indian East Coast (Paradip/Vizag/Gangavaram),4800,798,482.13,0,13.4
2024-04-17,Hay Point (Australia),Indian East Coast (Paradip/Vizag/Gangavaram),4800,819,477.64,0,12.9
2024-04-18,Hay Point (Australia),Indian East Coast (Paradip/Vizag/Gangavaram),4800,811,474.56,0,12.43
2024-04-19,Hay Point (Australia),Indian East Coast (Paradip/Vizag/Gangavaram),4800,772,474.51,0,13.1
2024-04-20,Hay Point (Australia),Indian East Coast (Paradip/Vizag/Gangavaram),4800,734,473.44,0,12.5
2024-04-21,Hay Point (Australia),Indian East Coast (Paradip/Vizag/Gangavaram),4800,694,474.2,0,12.55
2024-04-22,Hay Point (Australia),Indian East Coast (Paradip/Vizag/Gangavaram),4800,647,470.07,0,11.81
2024-04-23,Hay Point (Australia),Indian East Coast (Paradip/Vizag/Gangavaram),4800,775,470.25,0,12.94
2024-04-24,Hay Point (Australia),Indian East Coast (Paradip/Vizag/Gangavaram),4800,789,472.43,0,13.41
2024-04-25,Hay Point (Australia),Indian East Coast (Paradip/Vizag/Gangavaram),4800,835,472.97,0,13.57
2024-04-26,Hay Point (Australia),Indian East Coast (Paradip/Vizag/Gangavaram),4800,804,472.56,0,12.71
2024-04-27,Hay Point (Australia),Indian East Coast (Paradip/Vizag/Gangavaram),4800,791,471.51,0,12.42
2024-04-28,Hay Point (Australia),Indian East Coast (Paradip/Vizag/Gangavaram),4800,748,468.46,0,12.54
2024-04-29,Hay Point (Australia),Indian East Coast (Paradip/Vizag/Gangavaram),4800,601,467.48,0,12.11
2024-04-30,Hay Point (Australia),Indian East Coast (Paradip/Vizag/Gangavaram),4800,529,470.13,0,11.85
2024-05-01,Hay Point (Australia),Indian East Coast (Paradip/Vizag/Gangavaram),4800,435,469.02,0,10.94
2024-05-02,Hay Point (Australia),Indian East Coast (Paradip/Vizag/Gangavaram),4800,400,465.82,0,11.14
2024-05-03,Hay Point (Australia),Indian East Coast (Paradip/Vizag/Gangavaram),4800,400,463.71,0,11.33
2024-05-04,Hay Point (Australia),Indian East Coast (Paradip/Vizag/Gangavaram),4800,400,463.48,0,10.79
2024-05-05,Hay Point (Australia),Indian East Coast (Paradip/Vizag/Gangavaram),4800,400,461.69,0,10.56
2024-05-06,Hay Point (Australia),Indian East Coast (Paradip/Vizag/Gangavaram),4800,448,462.24,0,11.2
2024-05-07,Hay Point (Australia),Indian East Coast (Paradip/Vizag/Gangavaram),4800,480,462.89,0,11.91
2024-05-08,Hay Point (Australia),Indian East Coast (Paradip/Vizag/Gangavaram),4800,531,464.54,0,11.0
2024-05-09,Hay Point (Australia),Indian East Coast (Paradip/Vizag/Gangavaram),4800,487,467.65,0,11.55
2024-05-10,Hay Point (Australia),Indian East Coast (Paradip/Vizag/Gangavaram),4800,523,469.59,0,11.83
2024-05-11,Hay Point (Australia),Indian East Coast (Paradip/Vizag/Gangavaram),4800,570,466.29,0,11.81
2024-05-12,Hay Point (Australia),Indian East Coast (Paradip/Vizag/Gangavaram),4800,542,463.07,0,11.7
2024-05-13,Hay Point (Australia),Indian East Coast (Paradip/Vizag/Gangavaram),4800,579,462.11,0,12.43
2024-05-14,Hay Point (Australia),Indian East Coast (Paradip/Vizag/Gangavaram),4800,614,460.12,0,11.68
2024-05-15,Hay Point (Australia),Indian East Coast (Paradip/Vizag/Gangavaram),4800,587,456.27,0,12.6
2024-05-16,Hay Point (Australia),Indian East Coast (Paradip/Vizag/Gangavaram),4800,529,454.32,0,11.86
2024-05-17,Hay Point (Australia),Indian East Coast (Paradip/Vizag/Gangavaram),4800,470,452.28,0,10.6
2024-05-18,Hay Point (Australia),Indian East Coast (Paradip/Vizag/Gangavaram),4800,483,449.7,0,10.95
2024-05-19,Hay Point (Australia),Indian East Coast (Paradip/Vizag/Gangavaram),4800,508,448.1,0,10.56
2024-05-20,Hay Point (Australia),Indian East Coast (Paradip/Vizag/Gangavaram),4800,471,450.56,0,11.2
2024-05-21,Hay Point (Australia),Indian East Coast (Paradip/Vizag/Gangavaram),4800,481,450.36,0,11.81
2024-05-22,Hay Point (Australia),Indian East Coast (Paradip/Vizag/Gangavaram),4800,520,456.35,0,11.77
2024-05-23,Hay Point (Australia),Indian East Coast (Paradip/Vizag/Gangavaram),4800,560,456.07,0,11.88
2024-05-24,Hay Point (Australia),Indian East Coast (Paradip/Vizag/Gangavaram),4800,650,454.55,0,11.76
2024-05-25,Hay Point (Australia),Indian East Coast (Paradip/Vizag/Gangavaram),4800,722,453.83,0,12.28
2024-05-26,Hay Point (Australia),Indian East Coast (Paradip/Vizag/Gangavaram),4800,667,453.8,0,12.59
2024-05-27,Hay Point (Australia),Indian East Coast (Paradip/Vizag/Gangavaram),4800,760,454.25,0,13.11
2024-05-28,Hay Point (Australia),Indian East Coast (Paradip/Vizag/Gangavaram),4800,729,459.18,0,12.75
2024-05-29,Hay Point (Australia),Indian East Coast (Paradip/Vizag/Gangavaram),4800,785,456.16,0,13.44
2024-05-30,Hay Point (Australia),Indian East Coast (Paradip/Vizag/Gangavaram),4800,786,457.77,0,12.66
2024-05-31,Hay Point (Australia),Indian East Coast (Paradip/Vizag/Gangavaram),4800,761,457.62,0,12.69
2024-06-01,Hay Point (Australia),Indian East Coast (Paradip/Vizag/Gangavaram),4800,659,452.63,1,13.32
2024-06-02,Hay Point (Australia),Indian East Coast (Paradip/Vizag/Gangavaram),4800,651,454.02,1,13.23
2024-06-03,Hay Point (Australia),Indian East Coast (Paradip/Vizag/Gangavaram),4800,569,456.76,1,13.48
2024-06-04,Hay Point (Australia),Indian East Coast (Paradip/Vizag/Gangavaram),4800,629,453.72,1,13.59
2024-06-05,Hay Point (Australia),Indian East Coast (Paradip/Vizag/Gangavaram),4800,719,452.99,1,14.19
2024-06-06,Hay Point (Australia),Indian East Coast (Paradip/Vizag/Gangavaram),4800,679,447.6,1,12.67
2024-06-07,Hay Point (Australia),Indian East Coast (Paradip/Vizag/Gangavaram),4800,702,443.48,1,13.4
2024-06-08,Hay Point (Australia),Indian East Coast (Paradip/Vizag/Gangavaram),4800,667,445.64,1,13.97
2024-06-09,Hay Point (Australia),Indian East Coast (Paradip/Vizag/Gangavaram),4800,639,443.68,1,13.0
2024-06-10,Hay Point (Australia),Indian East Coast (Paradip/Vizag/Gangavaram),4800,694,439.97,1,13.75
2024-06-11,Hay Point (Australia),Indian East Coast (Paradip/Vizag/Gangavaram),4800,700,439.91,1,13.64
2024-06-12,Hay Point (Australia),Indian East Coast (Paradip/Vizag/Gangavaram),4800,811,437.81,1,14.26
2024-06-13,Hay Point (Australia),Indian East Coast (Paradip/Vizag/Gangavaram),4800,788,435.85,1,14.78
2024-06-14,Hay Point (Australia),Indian East Coast (Paradip/Vizag/Gangavaram),4800,855,437.18,1,13.8
2024-06-15,Hay Point (Australia),Indian East Coast (Paradip/Vizag/Gangavaram),4800,866,433.35,1,13.79
2024-06-16,Hay Point (Australia),Indian East Coast (Paradip/Vizag/Gangavaram),4800,919,430.22,1,14.8
2024-06-17,Hay Point (Australia),Indian East Coast (Paradip/Vizag/Gangavaram),4800,893,429.97,1,14.7
2024-06-18,Hay Point (Australia),Indian East Coast (Paradip/Vizag/Gangavaram),4800,893,431.94,1,15.08
2024-06-19,Hay Point (Australia),Indian East Coast (Paradip/Vizag/Gangavaram),4800,887,434.65,1,14.64
2024-06-20,Hay Point (Australia),Indian East Coast (Paradip/Vizag/Gangavaram),4800,835,432.18,1,13.74
2024-06-21,Hay Point (Australia),Indian East Coast (Paradip/Vizag/Gangavaram),4800,878,434.08,1,14.22
2024-06-22,Hay Point (Australia),Indian East Coast (Paradip/Vizag/Gangavaram),4800,919,431.3,1,14.64
2024-06-23,Hay Point (Australia),Indian East Coast (Paradip/Vizag/Gangavaram),4800,953,435.62,1,16.48
2024-06-24,Hay Point (Australia),Indian East Coast (Paradip/Vizag/Gangavaram),4800,1044,431.89,1,15.5
2024-06-25,Hay Point (Australia),Indian East Coast (Paradip/Vizag/Gangavaram),4800,1125,434.87,1,16.8
2024-06-26,Hay Point (Australia),Indian East Coast (Paradip/Vizag/Gangavaram),4800,1087,432.44,1,16.65
2024-06-27,Hay Point (Australia),Indian East Coast (Paradip/Vizag/Gangavaram),4800,1095,437.29,1,16.04
2024-06-28,Hay Point (Australia),Indian East Coast (Paradip/Vizag/Gangavaram),4800,1040,438.27,1,15.81
2024-06-29,Hay Point (Australia),Indian East Coast (Paradip/Vizag/Gangavaram),4800,1026,434.88,1,15.6
2024-06-30,Hay Point (Australia),Indian East Coast (Paradip/Vizag/Gangavaram),4800,973,432.84,1,15.76
2024-07-01,Hay Point (Australia),Indian East Coast (Paradip/Vizag/Gangavaram),4800,1056,434.34,1,15.51
2024-07-02,Hay Point (Australia),Indian East Coast (Paradip/Vizag/Gangavaram),4800,1059,436.59,1,15.88
2024-07-03,Hay Point (Australia),Indian East Coast (Paradip/Vizag/Gangavaram),4800,1026,435.79,1,16.05
2024-07-04,Hay Point (Australia),Indian East Coast (Paradip/Vizag/Gangavaram),4800,1077,435.31,1,15.9
2024-07-05,Hay Point (Australia),Indian East Coast (Paradip/Vizag/Gangavaram),4800,928,436.77,1,15.28
2024-07-06,Hay Point (Australia),Indian East Coast (Paradip/Vizag/Gangavaram),4800,796,436.53,1,15.23
2024-07-07,Hay Point (Australia),Indian East Coast (Paradip/Vizag/Gangavaram),4800,832,432.41,1,15.3
2024-07-08,Hay Point (Australia),Indian East Coast (Paradip/Vizag/Gangavaram),4800,824,429.61,1,14.68
2024-07-09,Hay Point (Australia),Indian East Coast (Paradip/Vizag/Gangavaram),4800,828,429.66,1,14.95
2024-07-10,Hay Point (Australia),Indian East Coast (Paradip/Vizag/Gangavaram),4800,744,432.39,1,13.69
2024-07-11,Hay Point (Australia),Indian East Coast (Paradip/Vizag/Gangavaram),4800,737,436.2,1,14.13
2024-07-12,Hay Point (Australia),Indian East Coast (Paradip/Vizag/Gangavaram),4800,843,437.75,1,14.76
2024-07-13,Hay Point (Australia),Indian East Coast (Paradip/Vizag/Gangavaram),4800,881,437.96,1,15.46
2024-07-14,Hay Point (Australia),Indian East Coast (Paradip/Vizag/Gangavaram),4800,882,439.43,1,14.71
2024-07-15,Hay Point (Australia),Indian East Coast (Paradip/Vizag/Gangavaram),4800,851,437.05,1,14.82
2024-07-16,Hay Point (Australia),Indian East Coast (Paradip/Vizag/Gangavaram),4800,824,436.07,1,14.84
2024-07-17,Hay Point (Australia),Indian East Coast (Paradip/Vizag/Gangavaram),4800,702,433.28,1,13.1
2024-07-18,Hay Point (Australia),Indian East Coast (Paradip/Vizag/Gangavaram),4800,716,429.33,1,15.04
2024-07-19,Hay Point (Australia),Indian East Coast (Paradip/Vizag/Gangavaram),4800,762,429.69,1,13.25
2024-07-20,Hay Point (Australia),Indian East Coast (Paradip/Vizag/Gangavaram),4800,673,429.66,1,13.94
2024-07-21,Hay Point (Australia),Indian East Coast (Paradip/Vizag/Gangavaram),4800,638,430.99,1,13.36
2024-07-22,Hay Point (Australia),Indian East Coast (Paradip/Vizag/Gangavaram),4800,576,431.94,1,13.54
2024-07-23,Hay Point (Australia),Indian East Coast (Paradip/Vizag/Gangavaram),4800,528,432.07,1,13.36
2024-07-24,Hay Point (Australia),Indian East Coast (Paradip/Vizag/Gangavaram),4800,537,433.06,1,12.39
2024-07-25,Hay Point (Australia),Indian East Coast (Paradip/Vizag/Gangavaram),4800,428,432.43,1,12.46
2024-07-26,Hay Point (Australia),Indian East Coast (Paradip/Vizag/Gangavaram),4800,471,433.03,1,13.05
2024-07-27,Hay Point (Australia),Indian East Coast (Paradip/Vizag/Gangavaram),4800,521,430.55,1,12.23
2024-07-28,Hay Point (Australia),Indian East Coast (Paradip/Vizag/Gangavaram),4800,514,431.04,1,12.35
2024-07-29,Hay Point (Australia),Indian East Coast (Paradip/Vizag/Gangavaram),4800,400,432.36,1,12.46
2024-07-30,Hay Point (Australia),Indian East Coast (Paradip/Vizag/Gangavaram),4800,400,430.04,1,12.73
2024-07-31,Hay Point (Australia),Indian East Coast (Paradip/Vizag/Gangavaram),4800,423,429.69,1,12.01
2024-08-01,Hay Point (Australia),Indian East Coast (Paradip/Vizag/Gangavaram),4800,400,427.5,1,12.43
2024-08-02,Hay Point (Australia),Indian East Coast (Paradip/Vizag/Gangavaram),4800,400,425.59,1,11.19
2024-08-03,Hay Point (Australia),Indian East Coast (Paradip/Vizag/Gangavaram),4800,400,422.05,1,11.66
2024-08-04,Hay Point (Australia),Indian East Coast (Paradip/Vizag/Gangavaram),4800,400,425.02,1,12.03
2024-08-05,Hay Point (Australia),Indian East Coast (Paradip/Vizag/Gangavaram),4800,400,427.45,1,12.32
2024-08-06,Hay Point (Australia),Indian East Coast (Paradip/Vizag/Gangavaram),4800,400,428.44,1,11.74
2024-08-07,Hay Point (Australia),Indian East Coast (Paradip/Vizag/Gangavaram),4800,400,433.35,1,11.91
2024-08-08,Hay Point (Australia),Indian East Coast (Paradip/Vizag/Gangavaram),4800,468,432.38,1,12.21
2024-08-09,Hay Point (Australia),Indian East Coast (Paradip/Vizag/Gangavaram),4800,466,440.17,1,12.4
2024-08-10,Hay Point (Australia),Indian East Coast (Paradip/Vizag/Gangavaram),4800,497,439.11,1,12.41
2024-08-11,Hay Point (Australia),Indian East Coast (Paradip/Vizag/Gangavaram),4800,424,439.36,1,11.81
2024-08-12,Hay Point (Australia),Indian East Coast (Paradip/Vizag/Gangavaram),4800,502,437.84,1,12.04
2024-08-13,Hay Point (Australia),Indian East Coast (Paradip/Vizag/Gangavaram),4800,469,438.42,1,12.94
2024-08-14,Hay Point (Australia),Indian East Coast (Paradip/Vizag/Gangavaram),4800,448,440.27,1,11.91
2024-08-15,Hay Point (Australia),Indian East Coast (Paradip/Vizag/Gangavaram),4800,458,439.54,1,12.05
2024-08-16,Hay Point (Australia),Indian East Coast (Paradip/Vizag/Gangavaram),4800,400,443.95,1,12.74
2024-08-17,Hay Point (Australia),Indian East Coast (Paradip/Vizag/Gangavaram),4800,410,444.19,1,12.68
2024-08-18,Hay Point (Australia),Indian East Coast (Paradip/Vizag/Gangavaram),4800,476,444.52,1,11.98
2024-08-19,Hay Point (Australia),Indian East Coast (Paradip/Vizag/Gangavaram),4800,503,441.64,1,12.56
2024-08-20,Hay Point (Australia),Indian East Coast (Paradip/Vizag/Gangavaram),4800,425,442.39,1,12.19
2024-08-21,Hay Point (Australia),Indian East Coast (Paradip/Vizag/Gangavaram),4800,431,441.63,1,12.33
2024-08-22,Hay Point (Australia),Indian East Coast (Paradip/Vizag/Gangavaram),4800,485,439.59,1,13.08
2024-08-23,Hay Point (Australia),Indian East Coast (Paradip/Vizag/Gangavaram),4800,400,437.09,1,12.7
2024-08-24,Hay Point (Australia),Indian East Coast (Paradip/Vizag/Gangavaram),4800,400,443.98,1,12.27
2024-08-25,Hay Point (Australia),Indian East Coast (Paradip/Vizag/Gangavaram),4800,412,442.9,1,12.05
2024-08-26,Hay Point (Australia),Indian East Coast (Paradip/Vizag/Gangavaram),4800,441,438.57,1,12.8
2024-08-27,Hay Point (Australia),Indian East Coast (Paradip/Vizag/Gangavaram),4800,476,436.31,1,11.58
2024-08-28,Hay Point (Australia),Indian East Coast (Paradip/Vizag/Gangavaram),4800,591,435.81,1,12.77
2024-08-29,Hay Point (Australia),Indian East Coast (Paradip/Vizag/Gangavaram),4800,625,436.95,1,13.49
2024-08-30,Hay Point (Australia),Indian East Coast (Paradip/Vizag/Gangavaram),4800,668,438.11,1,14.19
2024-08-31,Hay Point (Australia),Indian East Coast (Paradip/Vizag/Gangavaram),4800,823,439.61,1,14.59
2024-09-01,Hay Point (Australia),Indian East Coast (Paradip/Vizag/Gangavaram),4800,811,437.52,1,14.11
2024-09-02,Hay Point (Australia),Indian East Coast (Paradip/Vizag/Gangavaram),4800,769,438.12,1,13.94
2024-09-03,Hay Point (Australia),Indian East Coast (Paradip/Vizag/Gangavaram),4800,795,435.41,1,14.66
2024-09-04,Hay Point (Australia),Indian East Coast (Paradip/Vizag/Gangavaram),4800,821,433.4,1,14.93
2024-09-05,Hay Point (Australia),Indian East Coast (Paradip/Vizag/Gangavaram),4800,793,430.59,1,13.95
2024-09-06,Hay Point (Australia),Indian East Coast (Paradip/Vizag/Gangavaram),4800,739,427.05,1,13.63
2024-09-07,Hay Point (Australia),Indian East Coast (Paradip/Vizag/Gangavaram),4800,870,429.64,1,15.01
2024-09-08,Hay Point (Australia),Indian East Coast (Paradip/Vizag/Gangavaram),4800,888,431.22,1,14.53
2024-09-09,Hay Point (Australia),Indian East Coast (Paradip/Vizag/Gangavaram),4800,847,433.58,1,14.78
2024-09-10,Hay Point (Australia),Indian East Coast (Paradip/Vizag/Gangavaram),4800,898,433.4,1,14.51
2024-09-11,Hay Point (Australia),Indian East Coast (Paradip/Vizag/Gangavaram),4800,892,435.23,1,16.08
2024-09-12,Hay Point (Australia),Indian East Coast (Paradip/Vizag/Gangavaram),4800,878,430.17,1,14.4
2024-09-13,Hay Point (Australia),Indian East Coast (Paradip/Vizag/Gangavaram),4800,909,432.24,1,16.22
2024-09-14,Hay Point (Australia),Indian East Coast (Paradip/Vizag/Gangavaram),4800,838,432.46,1,13.52
2024-09-15,Hay Point (Australia),Indian East Coast (Paradip/Vizag/Gangavaram),4800,859,433.91,1,14.78
2024-09-16,Hay Point (Australia),Indian East Coast (Paradip/Vizag/Gangavaram),4800,966,434.68,1,15.04
2024-09-17,Hay Point (Australia),Indian East Coast (Paradip/Vizag/Gangavaram),4800,990,431.75,1,15.94
2024-09-18,Hay Point (Australia),Indian East Coast (Paradip/Vizag/Gangavaram),4800,967,427.43,1,14.41
2024-09-19,Hay Point (Australia),Indian East Coast (Paradip/Vizag/Gangavaram),4800,937,425.26,1,15.11
2024-09-20,Hay Point (Australia),Indian East Coast (Paradip/Vizag/Gangavaram),4800,914,426.56,1,14.44
2024-09-21,Hay Point (Australia),Indian East Coast (Paradip/Vizag/Gangavaram),4800,901,428.21,1,14.92
2024-09-22,Hay Point (Australia),Indian East Coast (Paradip/Vizag/Gangavaram),4800,882,424.27,1,14.82
2024-09-23,Hay Point (Australia),Indian East Coast (Paradip/Vizag/Gangavaram),4800,934,421.39,1,15.09
2024-09-24,Hay Point (Australia),Indian East Coast (Paradip/Vizag/Gangavaram),4800,839,419.21,1,13.21
2024-09-25,Hay Point (Australia),Indian East Coast (Paradip/Vizag/Gangavaram),4800,891,418.03,1,14.53
2024-09-26,Hay Point (Australia),Indian East Coast (Paradip/Vizag/Gangavaram),4800,872,414.13,1,14.25
2024-09-27,Hay Point (Australia),Indian East Coast (Paradip/Vizag/Gangavaram),4800,896,410.07,1,14.87
2024-09-28,Hay Point (Australia),Indian East Coast (Paradip/Vizag/Gangavaram),4800,837,407.65,1,14.72
2024-09-29,Hay Point (Australia),Indian East Coast (Paradip/Vizag/Gangavaram),4800,915,407.7,1,14.89
2024-09-30,Hay Point (Australia),Indian East Coast (Paradip/Vizag/Gangavaram),4800,986,404.31,1,14.85
2024-10-01,Hay Point (Australia),Indian East Coast (Paradip/Vizag/Gangavaram),4800,1038,403.83,0,13.05
2024-10-02,Hay Point (Australia),Indian East Coast (Paradip/Vizag/Gangavaram),4800,953,406.54,0,13.03
2024-10-03,Hay Point (Australia),Indian East Coast (Paradip/Vizag/Gangavaram),4800,1001,402.84,0,12.98
2024-10-04,Hay Point (Australia),Indian East Coast (Paradip/Vizag/Gangavaram),4800,1023,402.13,0,12.61
2024-10-05,Hay Point (Australia),Indian East Coast (Paradip/Vizag/Gangavaram),4800,934,404.77,0,12.76
2024-10-06,Hay Point (Australia),Indian East Coast (Paradip/Vizag/Gangavaram),4800,936,403.49,0,13.37
2024-10-07,Hay Point (Australia),Indian East Coast (Paradip/Vizag/Gangavaram),4800,959,401.79,0,12.77
2024-10-08,Hay Point (Australia),Indian East Coast (Paradip/Vizag/Gangavaram),4800,992,404.82,0,13.8
2024-10-09,Hay Point (Australia),Indian East Coast (Paradip/Vizag/Gangavaram),4800,1003,403.87,0,12.59
2024-10-10,Hay Point (Australia),Indian East Coast (Paradip/Vizag/Gangavaram),4800,1020,406.75,0,13.73
2024-10-11,Hay Point (Australia),Indian East Coast (Paradip/Vizag/Gangavaram),4800,1102,407.8,0,13.22
2024-10-12,Hay Point (Australia),Indian East Coast (Paradip/Vizag/Gangavaram),4800,1168,406.76,0,14.03
2024-10-13,Hay Point (Australia),Indian East Coast (Paradip/Vizag/Gangavaram),4800,1006,407.97,0,13.1
2024-10-14,Hay Point (Australia),Indian East Coast (Paradip/Vizag/Gangavaram),4800,991,408.74,0,13.31
2024-10-15,Hay Point (Australia),Indian East Coast (Paradip/Vizag/Gangavaram),4800,984,411.43,0,12.94
2024-10-16,Hay Point (Australia),Indian East Coast (Paradip/Vizag/Gangavaram),4800,891,409.85,0,12.35
2024-10-17,Hay Point (Australia),Indian East Coast (Paradip/Vizag/Gangavaram),4800,903,409.89,0,12.98
2024-10-18,Hay Point (Australia),Indian East Coast (Paradip/Vizag/Gangavaram),4800,978,409.65,0,13.56
2024-10-19,Hay Point (Australia),Indian East Coast (Paradip/Vizag/Gangavaram),4800,922,411.5,0,12.52
2024-10-20,Hay Point (Australia),Indian East Coast (Paradip/Vizag/Gangavaram),4800,947,408.65,0,12.15
2024-10-21,Hay Point (Australia),Indian East Coast (Paradip/Vizag/Gangavaram),4800,902,411.36,0,12.72
2024-10-22,Hay Point (Australia),Indian East Coast (Paradip/Vizag/Gangavaram),4800,872,412.58,0,12.38
2024-10-23,Hay Point (Australia),Indian East Coast (Paradip/Vizag/Gangavaram),4800,962,408.95,0,12.66
2024-10-24,Hay Point (Australia),Indian East Coast (Paradip/Vizag/Gangavaram),4800,938,412.2,0,13.51
2024-10-25,Hay Point (Australia),Indian East Coast (Paradip/Vizag/Gangavaram),4800,970,418.24,0,13.11
2024-10-26,Hay Point (Australia),Indian East Coast (Paradip/Vizag/Gangavaram),4800,873,420.94,0,12.6
2024-10-27,Hay Point (Australia),Indian East Coast (Paradip/Vizag/Gangavaram),4800,985,424.8,0,13.44
2024-10-28,Hay Point (Australia),Indian East Coast (Paradip/Vizag/Gangavaram),4800,1024,425.02,0,13.61
2024-10-29,Hay Point (Australia),Indian East Coast (Paradip/Vizag/Gangavaram),4800,1019,420.49,0,12.84
2024-10-30,Hay Point (Australia),Indian East Coast (Paradip/Vizag/Gangavaram),4800,1055,415.47,0,12.87
2024-10-31,Hay Point (Australia),Indian East Coast (Paradip/Vizag/Gangavaram),4800,982,416.17,0,12.37
2024-11-01,Hay Point (Australia),Indian East Coast (Paradip/Vizag/Gangavaram),4800,1053,414.57,0,13.43
2024-11-02,Hay Point (Australia),Indian East Coast (Paradip/Vizag/Gangavaram),4800,1040,412.1,0,12.91
2024-11-03,Hay Point (Australia),Indian East Coast (Paradip/Vizag/Gangavaram),4800,1034,411.95,0,12.85
2024-11-04,Hay Point (Australia),Indian East Coast (Paradip/Vizag/Gangavaram),4800,1013,413.65,0,13.24
2024-11-05,Hay Point (Australia),Indian East Coast (Paradip/Vizag/Gangavaram),4800,987,409.73,0,13.39
2024-11-06,Hay Point (Australia),Indian East Coast (Paradip/Vizag/Gangavaram),4800,1033,408.55,0,13.1
2024-11-07,Hay Point (Australia),Indian East Coast (Paradip/Vizag/Gangavaram),4800,1054,412.7,0,13.59
2024-11-08,Hay Point (Australia),Indian East Coast (Paradip/Vizag/Gangavaram),4800,1095,409.82,0,13.53
2024-11-09,Hay Point (Australia),Indian East Coast (Paradip/Vizag/Gangavaram),4800,1100,412.24,0,14.15
2024-11-10,Hay Point (Australia),Indian East Coast (Paradip/Vizag/Gangavaram),4800,1132,410.99,0,13.98
2024-11-11,Hay Point (Australia),Indian East Coast (Paradip/Vizag/Gangavaram),4800,1113,412.54,0,12.95
2024-11-12,Hay Point (Australia),Indian East Coast (Paradip/Vizag/Gangavaram),4800,1241,415.6,0,14.07
2024-11-13,Hay Point (Australia),Indian East Coast (Paradip/Vizag/Gangavaram),4800,1155,417.69,0,14.33
2024-11-14,Hay Point (Australia),Indian East Coast (Paradip/Vizag/Gangavaram),4800,1228,420.25,0,14.16
2024-11-15,Hay Point (Australia),Indian East Coast (Paradip/Vizag/Gangavaram),4800,1305,417.21,0,14.61
2024-11-16,Hay Point (Australia),Indian East Coast (Paradip/Vizag/Gangavaram),4800,1257,420.33,0,14.95
2024-11-17,Hay Point (Australia),Indian East Coast (Paradip/Vizag/Gangavaram),4800,1380,418.12,0,15.01
2024-11-18,Hay Point (Australia),Indian East Coast (Paradip/Vizag/Gangavaram),4800,1432,418.93,0,15.36
2024-11-19,Hay Point (Australia),Indian East Coast (Paradip/Vizag/Gangavaram),4800,1480,419.75,0,15.34
2024-11-20,Hay Point (Australia),Indian East Coast (Paradip/Vizag/Gangavaram),4800,1476,421.19,0,15.79
2024-11-21,Hay Point (Australia),Indian East Coast (Paradip/Vizag/Gangavaram),4800,1458,422.23,0,15.67
2024-11-22,Hay Point (Australia),Indian East Coast (Paradip/Vizag/Gangavaram),4800,1441,420.06,0,14.45
2024-11-23,Hay Point (Australia),Indian East Coast (Paradip/Vizag/Gangavaram),4800,1459,416.53,0,15.24
2024-11-24,Hay Point (Australia),Indian East Coast (Paradip/Vizag/Gangavaram),4800,1531,419.05,0,14.85
2024-11-25,Hay Point (Australia),Indian East Coast (Paradip/Vizag/Gangavaram),4800,1534,419.7,0,15.81
2024-11-26,Hay Point (Australia),Indian East Coast (Paradip/Vizag/Gangavaram),4800,1478,422.98,0,15.66
2024-11-27,Hay Point (Australia),Indian East Coast (Paradip/Vizag/Gangavaram),4800,1518,423.02,0,15.87
2024-11-28,Hay Point (Australia),Indian East Coast (Paradip/Vizag/Gangavaram),4800,1563,419.36,0,17.02
2024-11-29,Hay Point (Australia),Indian East Coast (Paradip/Vizag/Gangavaram),4800,1593,422.16,0,16.65
2024-11-30,Hay Point (Australia),Indian East Coast (Paradip/Vizag/Gangavaram),4800,1626,421.33,0,17.51
2024-12-01,Hay Point (Australia),Indian East Coast (Paradip/Vizag/Gangavaram),4800,1602,422.45,0,16.28
2024-12-02,Hay Point (Australia),Indian East Coast (Paradip/Vizag/Gangavaram),4800,1543,420.88,0,14.95
2024-12-03,Hay Point (Australia),Indian East Coast (Paradip/Vizag/Gangavaram),4800,1490,425.54,0,15.78
2024-12-04,Hay Point (Australia),Indian East Coast (Paradip/Vizag/Gangavaram),4800,1397,423.36,0,15.05
2024-12-05,Hay Point (Australia),Indian East Coast (Paradip/Vizag/Gangavaram),4800,1411,422.65,0,15.46
2024-12-06,Hay Point (Australia),Indian East Coast (Paradip/Vizag/Gangavaram),4800,1406,423.15,0,14.92
2024-12-07,Hay Point (Australia),Indian East Coast (Paradip/Vizag/Gangavaram),4800,1382,420.4,0,14.82
2024-12-08,Hay Point (Australia),Indian East Coast (Paradip/Vizag/Gangavaram),4800,1221,421.52,0,14.29
2024-12-09,Hay Point (Australia),Indian East Coast (Paradip/Vizag/Gangavaram),4800,1160,426.14,0,13.61
2024-12-10,Hay Point (Australia),Indian East Coast (Paradip/Vizag/Gangavaram),4800,1232,425.04,0,15.02
2024-12-11,Hay Point (Australia),Indian East Coast (Paradip/Vizag/Gangavaram),4800,1203,426.35,0,14.56
2024-12-12,Hay Point (Australia),Indian East Coast (Paradip/Vizag/Gangavaram),4800,1231,419.12,0,15.11
2024-12-13,Hay Point (Australia),Indian East Coast (Paradip/Vizag/Gangavaram),4800,1163,419.27,0,13.84
2024-12-14,Hay Point (Australia),Indian East Coast (Paradip/Vizag/Gangavaram),4800,1253,418.67,0,14.93
2024-12-15,Hay Point (Australia),Indian East Coast (Paradip/Vizag/Gangavaram),4800,1253,416.71,0,13.57
2024-12-16,Hay Point (Australia),Indian East Coast (Paradip/Vizag/Gangavaram),4800,1277,419.92,0,14.13
2024-12-17,Hay Point (Australia),Indian East Coast (Paradip/Vizag/Gangavaram),4800,1412,419.31,0,14.47
2024-12-18,Hay Point (Australia),Indian East Coast (Paradip/Vizag/Gangavaram),4800,1498,419.1,0,15.52
2024-12-19,Hay Point (Australia),Indian East Coast (Paradip/Vizag/Gangavaram),4800,1482,418.36,0,16.1
2024-12-20,Hay Point (Australia),Indian East Coast (Paradip/Vizag/Gangavaram),4800,1450,413.44,0,15.06
2024-12-21,Hay Point (Australia),Indian East Coast (Paradip/Vizag/Gangavaram),4800,1435,410.66,0,14.6
2024-12-22,Hay Point (Australia),Indian East Coast (Paradip/Vizag/Gangavaram),4800,1466,413.57,0,15.24
2024-12-23,Hay Point (Australia),Indian East Coast (Paradip/Vizag/Gangavaram),4800,1462,408.14,0,15.75
2024-12-24,Hay Point (Australia),Indian East Coast (Paradip/Vizag/Gangavaram),4800,1443,406.37,0,14.88
2024-12-25,Hay Point (Australia),Indian East Coast (Paradip/Vizag/Gangavaram),4800,1528,405.6,0,15.27
2024-12-26,Hay Point (Australia),Indian East Coast (Paradip/Vizag/Gangavaram),4800,1522,410.67,0,15.03
2024-12-27,Hay Point (Australia),Indian East Coast (Paradip/Vizag/Gangavaram),4800,1650,413.09,0,15.96
2024-12-28,Hay Point (Australia),Indian East Coast (Paradip/Vizag/Gangavaram),4800,1652,411.91,0,16.58
2024-12-29,Hay Point (Australia),Indian East Coast (Paradip/Vizag/Gangavaram),4800,1748,415.8,0,16.81
2024-12-30,Hay Point (Australia),Indian East Coast (Paradip/Vizag/Gangavaram),4800,1761,414.13,0,16.69
2024-12-31,Hay Point (Australia),Indian East Coast (Paradip/Vizag/Gangavaram),4800,1808,417.22,0,17.44
2025-01-01,Hay Point (Australia),Indian East Coast (Paradip/Vizag/Gangavaram),4800,1761,413.89,0,16.42
2025-01-02,Hay Point (Australia),Indian East Coast (Paradip/Vizag/Gangavaram),4800,1708,417.17,0,16.96
2025-01-03,Hay Point (Australia),Indian East Coast (Paradip/Vizag/Gangavaram),4800,1730,416.43,0,17.65
2025-01-04,Hay Point (Australia),Indian East Coast (Paradip/Vizag/Gangavaram),4800,1781,414.0,0,16.91
2025-01-05,Hay Point (Australia),Indian East Coast (Paradip/Vizag/Gangavaram),4800,1777,413.79,0,15.92
2025-01-06,Hay Point (Australia),Indian East Coast (Paradip/Vizag/Gangavaram),4800,1701,414.93,0,17.7
2025-01-07,Hay Point (Australia),Indian East Coast (Paradip/Vizag/Gangavaram),4800,1624,413.97,0,16.05
2025-01-08,Hay Point (Australia),Indian East Coast (Paradip/Vizag/Gangavaram),4800,1547,415.87,0,15.42
2025-01-09,Hay Point (Australia),Indian East Coast (Paradip/Vizag/Gangavaram),4800,1453,414.69,0,15.44
2025-01-10,Hay Point (Australia),Indian East Coast (Paradip/Vizag/Gangavaram),4800,1466,416.78,0,15.51
2025-01-11,Hay Point (Australia),Indian East Coast (Paradip/Vizag/Gangavaram),4800,1535,418.39,0,16.87
2025-01-12,Hay Point (Australia),Indian East Coast (Paradip/Vizag/Gangavaram),4800,1539,418.64,0,15.77
2025-01-13,Hay Point (Australia),Indian East Coast (Paradip/Vizag/Gangavaram),4800,1420,417.86,0,16.44
2025-01-14,Hay Point (Australia),Indian East Coast (Paradip/Vizag/Gangavaram),4800,1418,418.7,0,16.02
2025-01-15,Hay Point (Australia),Indian East Coast (Paradip/Vizag/Gangavaram),4800,1419,420.63,0,18.11
2025-01-16,Hay Point (Australia),Indian East Coast (Paradip/Vizag/Gangavaram),4800,1544,426.67,0,18.78
2025-01-17,Hay Point (Australia),Indian East Coast (Paradip/Vizag/Gangavaram),4800,1470,429.67,0,19.54
2025-01-18,Hay Point (Australia),Indian East Coast (Paradip/Vizag/Gangavaram),4800,1457,432.77,0,19.79
2025-01-19,Hay Point (Australia),Indian East Coast (Paradip/Vizag/Gangavaram),4800,1560,441.62,0,21.57
2025-01-20,Hay Point (Australia),Indian East Coast (Paradip/Vizag/Gangavaram),4800,1590,443.48,0,20.99
2025-01-21,Hay Point (Australia),Indian East Coast (Paradip/Vizag/Gangavaram),4800,1626,445.26,0,21.79
2025-01-22,Hay Point (Australia),Indian East Coast (Paradip/Vizag/Gangavaram),4800,1636,447.64,0,22.41
2025-01-23,Hay Point (Australia),Indian East Coast (Paradip/Vizag/Gangavaram),4800,1658,445.36,0,21.08
2025-01-24,Hay Point (Australia),Indian East Coast (Paradip/Vizag/Gangavaram),4800,1705,444.63,0,20.15
2025-01-25,Hay Point (Australia),Indian East Coast (Paradip/Vizag/Gangavaram),4800,1662,443.74,0,19.29
2025-01-26,Hay Point (Australia),Indian East Coast (Paradip/Vizag/Gangavaram),4800,1714,445.98,0,18.75
2025-01-27,Hay Point (Australia),Indian East Coast (Paradip/Vizag/Gangavaram),4800,1640,446.0,0,16.81
2025-01-28,Hay Point (Australia),Indian East Coast (Paradip/Vizag/Gangavaram),4800,1663,446.87,0,16.54
2025-01-29,Hay Point (Australia),Indian East Coast (Paradip/Vizag/Gangavaram),4800,1678,450.33,0,16.34
2025-01-30,Hay Point (Australia),Indian East Coast (Paradip/Vizag/Gangavaram),4800,1648,453.18,0,16.09
2025-01-31,Hay Point (Australia),Indian East Coast (Paradip/Vizag/Gangavaram),4800,1652,453.25,0,17.19
2025-02-01,Hay Point (Australia),Indian East Coast (Paradip/Vizag/Gangavaram),4800,1623,451.94,0,16.83
2025-02-02,Hay Point (Australia),Indian East Coast (Paradip/Vizag/Gangavaram),4800,1571,455.55,0,16.74
2025-02-03,Hay Point (Australia),Indian East Coast (Paradip/Vizag/Gangavaram),4800,1560,458.18,0,15.4
2025-02-04,Hay Point (Australia),Indian East Coast (Paradip/Vizag/Gangavaram),4800,1508,454.34,0,15.07
2025-02-05,Hay Point (Australia),Indian East Coast (Paradip/Vizag/Gangavaram),4800,1538,454.02,0,15.99
2025-02-06,Hay Point (Australia),Indian East Coast (Paradip/Vizag/Gangavaram),4800,1485,455.01,0,16.97
2025-02-07,Hay Point (Australia),Indian East Coast (Paradip/Vizag/Gangavaram),4800,1537,457.67,0,15.84
2025-02-08,Hay Point (Australia),Indian East Coast (Paradip/Vizag/Gangavaram),4800,1483,460.7,0,16.62
2025-02-09,Hay Point (Australia),Indian East Coast (Paradip/Vizag/Gangavaram),4800,1465,462.02,0,15.52
2025-02-10,Hay Point (Australia),Indian East Coast (Paradip/Vizag/Gangavaram),4800,1444,464.17,0,16.24
2025-02-11,Hay Point (Australia),Indian East Coast (Paradip/Vizag/Gangavaram),4800,1532,464.9,0,17.08
2025-02-12,Hay Point (Australia),Indian East Coast (Paradip/Vizag/Gangavaram),4800,1562,463.64,0,16.45
2025-02-13,Hay Point (Australia),Indian East Coast (Paradip/Vizag/Gangavaram),4800,1562,463.5,0,16.58
2025-02-14,Hay Point (Australia),Indian East Coast (Paradip/Vizag/Gangavaram),4800,1601,464.12,0,17.37
2025-02-15,Hay Point (Australia),Indian East Coast (Paradip/Vizag/Gangavaram),4800,1495,464.61,0,16.11
2025-02-16,Hay Point (Australia),Indian East Coast (Paradip/Vizag/Gangavaram),4800,1507,460.06,0,16.65
2025-02-17,Hay Point (Australia),Indian East Coast (Paradip/Vizag/Gangavaram),4800,1631,459.57,0,16.45
2025-02-18,Hay Point (Australia),Indian East Coast (Paradip/Vizag/Gangavaram),4800,1648,460.32,0,17.63
2025-02-19,Hay Point (Australia),Indian East Coast (Paradip/Vizag/Gangavaram),4800,1661,460.15,0,16.93
2025-02-20,Hay Point (Australia),Indian East Coast (Paradip/Vizag/Gangavaram),4800,1701,460.08,0,16.89
2025-02-21,Hay Point (Australia),Indian East Coast (Paradip/Vizag/Gangavaram),4800,1758,462.01,0,17.41
2025-02-22,Hay Point (Australia),Indian East Coast (Paradip/Vizag/Gangavaram),4800,1655,459.68,0,16.79
2025-02-23,Hay Point (Australia),Indian East Coast (Paradip/Vizag/Gangavaram),4800,1572,455.87,0,16.54
2025-02-24,Hay Point (Australia),Indian East Coast (Paradip/Vizag/Gangavaram),4800,1597,455.54,0,16.7
2025-02-25,Hay Point (Australia),Indian East Coast (Paradip/Vizag/Gangavaram),4800,1570,458.24,0,17.51
2025-02-26,Hay Point (Australia),Indian East Coast (Paradip/Vizag/Gangavaram),4800,1656,463.46,0,17.11
2025-02-27,Hay Point (Australia),Indian East Coast (Paradip/Vizag/Gangavaram),4800,1650,466.21,0,16.61
2025-02-28,Hay Point (Australia),Indian East Coast (Paradip/Vizag/Gangavaram),4800,1555,462.85,0,15.88
2025-03-01,Hay Point (Australia),Indian East Coast (Paradip/Vizag/Gangavaram),4800,1500,462.86,0,15.82
2025-03-02,Hay Point (Australia),Indian East Coast (Paradip/Vizag/Gangavaram),4800,1366,464.2,0,16.37
2025-03-03,Hay Point (Australia),Indian East Coast (Paradip/Vizag/Gangavaram),4800,1375,465.33,0,15.37
2025-03-04,Hay Point (Australia),Indian East Coast (Paradip/Vizag/Gangavaram),4800,1386,467.45,0,16.1
2025-03-05,Hay Point (Australia),Indian East Coast (Paradip/Vizag/Gangavaram),4800,1384,465.61,0,15.77
2025-03-06,Hay Point (Australia),Indian East Coast (Paradip/Vizag/Gangavaram),4800,1466,466.44,0,16.11
2025-03-07,Hay Point (Australia),Indian East Coast (Paradip/Vizag/Gangavaram),4800,1551,468.25,0,16.72
2025-03-08,Hay Point (Australia),Indian East Coast (Paradip/Vizag/Gangavaram),4800,1558,471.16,0,16.9
2025-03-09,Hay Point (Australia),Indian East Coast (Paradip/Vizag/Gangavaram),4800,1457,469.64,0,14.68
2025-03-10,Hay Point (Australia),Indian East Coast (Paradip/Vizag/Gangavaram),4800,1511,469.37,0,16.2
2025-03-11,Hay Point (Australia),Indian East Coast (Paradip/Vizag/Gangavaram),4800,1560,462.69,0,16.17
2025-03-12,Hay Point (Australia),Indian East Coast (Paradip/Vizag/Gangavaram),4800,1594,461.68,0,17.97
2025-03-13,Hay Point (Australia),Indian East Coast (Paradip/Vizag/Gangavaram),4800,1663,460.94,0,17.82
2025-03-14,Hay Point (Australia),Indian East Coast (Paradip/Vizag/Gangavaram),4800,1613,458.85,0,16.17
2025-03-15,Hay Point (Australia),Indian East Coast (Paradip/Vizag/Gangavaram),4800,1739,460.0,0,17.56
2025-03-16,Hay Point (Australia),Indian East Coast (Paradip/Vizag/Gangavaram),4800,1698,460.54,0,16.45
2025-03-17,Hay Point (Australia),Indian East Coast (Paradip/Vizag/Gangavaram),4800,1752,455.09,0,18.55
2025-03-18,Hay Point (Australia),Indian East Coast (Paradip/Vizag/Gangavaram),4800,1670,456.38,0,17.18
2025-03-19,Hay Point (Australia),Indian East Coast (Paradip/Vizag/Gangavaram),4800,1633,454.56,0,17.57
2025-03-20,Hay Point (Australia),Indian East Coast (Paradip/Vizag/Gangavaram),4800,1733,456.59,0,17.66
2025-03-21,Hay Point (Australia),Indian East Coast (Paradip/Vizag/Gangavaram),4800,1731,453.82,0,18.01
2025-03-22,Hay Point (Australia),Indian East Coast (Paradip/Vizag/Gangavaram),4800,1790,454.62,0,18.56
2025-03-23,Hay Point (Australia),Indian East Coast (Paradip/Vizag/Gangavaram),4800,1813,454.56,0,17.94
2025-03-24,Hay Point (Australia),Indian East Coast (Paradip/Vizag/Gangavaram),4800,1818,456.11,0,17.86
2025-03-25,Hay Point (Australia),Indian East Coast (Paradip/Vizag/Gangavaram),4800,1903,457.18,0,18.32
2025-03-26,Hay Point (Australia),Indian East Coast (Paradip/Vizag/Gangavaram),4800,1897,457.21,0,17.99
2025-03-27,Hay Point (Australia),Indian East Coast (Paradip/Vizag/Gangavaram),4800,1807,453.77,0,18.19
2025-03-28,Hay Point (Australia),Indian East Coast (Paradip/Vizag/Gangavaram),4800,1774,450.48,0,17.44
2025-03-29,Hay Point (Australia),Indian East Coast (Paradip/Vizag/Gangavaram),4800,1817,449.63,0,17.92
2025-03-30,Hay Point (Australia),Indian East Coast (Paradip/Vizag/Gangavaram),4800,1850,450.35,0,17.93
2025-03-31,Hay Point (Australia),Indian East Coast (Paradip/Vizag/Gangavaram),4800,1773,449.44,0,18.69
2025-04-01,Hay Point (Australia),Indian East Coast (Paradip/Vizag/Gangavaram),4800,1747,451.89,0,16.76
2025-04-02,Hay Point (Australia),Indian East Coast (Paradip/Vizag/Gangavaram),4800,1729,451.88,0,16.95
2025-04-03,Hay Point (Australia),Indian East Coast (Paradip/Vizag/Gangavaram),4800,1723,450.01,0,17.01
2025-04-04,Hay Point (Australia),Indian East Coast (Paradip/Vizag/Gangavaram),4800,1663,450.01,0,16.83
2025-04-05,Hay Point (Australia),Indian East Coast (Paradip/Vizag/Gangavaram),4800,1646,451.39,0,16.64
2025-04-06,Hay Point (Australia),Indian East Coast (Paradip/Vizag/Gangavaram),4800,1624,453.03,0,17.37
2025-04-07,Hay Point (Australia),Indian East Coast (Paradip/Vizag/Gangavaram),4800,1685,458.91,0,17.51
2025-04-08,Hay Point (Australia),Indian East Coast (Paradip/Vizag/Gangavaram),4800,1747,457.85,0,17.48
2025-04-09,Hay Point (Australia),Indian East Coast (Paradip/Vizag/Gangavaram),4800,1754,458.43,0,18.01
2025-04-10,Hay Point (Australia),Indian East Coast (Paradip/Vizag/Gangavaram),4800,1747,460.36,0,17.05
2025-04-11,Hay Point (Australia),Indian East Coast (Paradip/Vizag/Gangavaram),4800,1770,461.07,0,17.58
2025-04-12,Hay Point (Australia),Indian East Coast (Paradip/Vizag/Gangavaram),4800,1740,460.49,0,16.66
2025-04-13,Hay Point (Australia),Indian East Coast (Paradip/Vizag/Gangavaram),4800,1693,457.05,0,17.03
2025-04-14,Hay Point (Australia),Indian East Coast (Paradip/Vizag/Gangavaram),4800,1659,456.45,0,16.35
2025-04-15,Hay Point (Australia),Indian East Coast (Paradip/Vizag/Gangavaram),4800,1643,454.32,0,17.49
2025-04-16,Hay Point (Australia),Indian East Coast (Paradip/Vizag/Gangavaram),4800,1599,450.41,0,16.69
2025-04-17,Hay Point (Australia),Indian East Coast (Paradip/Vizag/Gangavaram),4800,1629,449.04,0,16.29
2025-04-18,Hay Point (Australia),Indian East Coast (Paradip/Vizag/Gangavaram),4800,1690,446.98,0,16.91
2025-04-19,Hay Point (Australia),Indian East Coast (Paradip/Vizag/Gangavaram),4800,1621,449.36,0,17.15
2025-04-20,Hay Point (Australia),Indian East Coast (Paradip/Vizag/Gangavaram),4800,1643,451.8,0,15.87
2025-04-21,Hay Point (Australia),Indian East Coast (Paradip/Vizag/Gangavaram),4800,1651,450.14,0,16.69
2025-04-22,Hay Point (Australia),Indian East Coast (Paradip/Vizag/Gangavaram),4800,1690,450.24,0,17.17
2025-04-23,Hay Point (Australia),Indian East Coast (Paradip/Vizag/Gangavaram),4800,1709,445.99,0,16.06
2025-04-24,Hay Point (Australia),Indian East Coast (Paradip/Vizag/Gangavaram),4800,1647,445.45,0,16.87
2025-04-25,Hay Point (Australia),Indian East Coast (Paradip/Vizag/Gangavaram),4800,1598,447.35,0,15.85
2025-04-26,Hay Point (Australia),Indian East Coast (Paradip/Vizag/Gangavaram),4800,1623,450.4,0,16.22
2025-04-27,Hay Point (Australia),Indian East Coast (Paradip/Vizag/Gangavaram),4800,1701,449.28,0,16.05
2025-04-28,Hay Point (Australia),Indian East Coast (Paradip/Vizag/Gangavaram),4800,1598,452.95,0,17.22
2025-04-29,Hay Point (Australia),Indian East Coast (Paradip/Vizag/Gangavaram),4800,1640,449.65,0,16.12
2025-04-30,Hay Point (Australia),Indian East Coast (Paradip/Vizag/Gangavaram),4800,1727,447.07,0,15.93
2025-05-01,Hay Point (Australia),Indian East Coast (Paradip/Vizag/Gangavaram),4800,1738,449.83,0,17.13
2025-05-02,Hay Point (Australia),Indian East Coast (Paradip/Vizag/Gangavaram),4800,1786,455.2,0,17.21
2025-05-03,Hay Point (Australia),Indian East Coast (Paradip/Vizag/Gangavaram),4800,1764,457.36,0,16.57
2025-05-04,Hay Point (Australia),Indian East Coast (Paradip/Vizag/Gangavaram),4800,1775,458.08,0,17.83
2025-05-05,Hay Point (Australia),Indian East Coast (Paradip/Vizag/Gangavaram),4800,1704,452.94,0,15.92
2025-05-06,Hay Point (Australia),Indian East Coast (Paradip/Vizag/Gangavaram),4800,1595,448.27,0,16.35
2025-05-07,Hay Point (Australia),Indian East Coast (Paradip/Vizag/Gangavaram),4800,1670,449.45,0,16.72
2025-05-08,Hay Point (Australia),Indian East Coast (Paradip/Vizag/Gangavaram),4800,1638,449.31,0,16.93
2025-05-09,Hay Point (Australia),Indian East Coast (Paradip/Vizag/Gangavaram),4800,1635,447.14,0,17.36
2025-05-10,Hay Point (Australia),Indian East Coast (Paradip/Vizag/Gangavaram),4800,1582,448.16,0,17.02
2025-05-11,Hay Point (Australia),Indian East Coast (Paradip/Vizag/Gangavaram),4800,1529,449.31,0,16.43
2025-05-12,Hay Point (Australia),Indian East Coast (Paradip/Vizag/Gangavaram),4800,1546,452.72,0,15.01
2025-05-13,Hay Point (Australia),Indian East Coast (Paradip/Vizag/Gangavaram),4800,1532,453.93,0,16.67
2025-05-14,Hay Point (Australia),Indian East Coast (Paradip/Vizag/Gangavaram),4800,1579,458.12,0,17.32
2025-05-15,Hay Point (Australia),Indian East Coast (Paradip/Vizag/Gangavaram),4800,1629,458.98,0,17.84
2025-05-16,Hay Point (Australia),Indian East Coast (Paradip/Vizag/Gangavaram),4800,1671,459.52,0,17.61
2025-05-17,Hay Point (Australia),Indian East Coast (Paradip/Vizag/Gangavaram),4800,1706,463.26,0,16.69
2025-05-18,Hay Point (Australia),Indian East Coast (Paradip/Vizag/Gangavaram),4800,1814,461.45,0,17.4
2025-05-19,Hay Point (Australia),Indian East Coast (Paradip/Vizag/Gangavaram),4800,1772,469.95,0,18.84
2025-05-20,Hay Point (Australia),Indian East Coast (Paradip/Vizag/Gangavaram),4800,1788,471.82,0,16.97
2025-05-21,Hay Point (Australia),Indian East Coast (Paradip/Vizag/Gangavaram),4800,1869,473.71,0,18.01
2025-05-22,Hay Point (Australia),Indian East Coast (Paradip/Vizag/Gangavaram),4800,1954,475.99,0,19.18
2025-05-23,Hay Point (Australia),Indian East Coast (Paradip/Vizag/Gangavaram),4800,1888,481.95,0,18.05
2025-05-24,Hay Point (Australia),Indian East Coast (Paradip/Vizag/Gangavaram),4800,1886,484.96,0,17.66
2025-05-25,Hay Point (Australia),Indian East Coast (Paradip/Vizag/Gangavaram),4800,1976,481.46,0,19.32
2025-05-26,Hay Point (Australia),Indian East Coast (Paradip/Vizag/Gangavaram),4800,2016,486.13,0,19.5
2025-05-27,Hay Point (Australia),Indian East Coast (Paradip/Vizag/Gangavaram),4800,2037,486.06,0,18.73
2025-05-28,Hay Point (Australia),Indian East Coast (Paradip/Vizag/Gangavaram),4800,2036,487.21,0,18.83
2025-05-29,Hay Point (Australia),Indian East Coast (Paradip/Vizag/Gangavaram),4800,2025,484.59,0,19.88
2025-05-30,Hay Point (Australia),Indian East Coast (Paradip/Vizag/Gangavaram),4800,2051,486.88,0,19.28
2025-05-31,Hay Point (Australia),Indian East Coast (Paradip/Vizag/Gangavaram),4800,2047,485.97,0,20.37
2025-06-01,Hay Point (Australia),Indian East Coast (Paradip/Vizag/Gangavaram),4800,2055,487.11,1,21.57
2025-06-02,Hay Point (Australia),Indian East Coast (Paradip/Vizag/Gangavaram),4800,2069,487.2,1,23.21
2025-06-03,Hay Point (Australia),Indian East Coast (Paradip/Vizag/Gangavaram),4800,2041,493.3,1,22.09
2025-06-04,Hay Point (Australia),Indian East Coast (Paradip/Vizag/Gangavaram),4800,2080,499.55,1,23.8
2025-06-05,Hay Point (Australia),Indian East Coast (Paradip/Vizag/Gangavaram),4800,2249,500.54,1,24.97
2025-06-06,Hay Point (Australia),Indian East Coast (Paradip/Vizag/Gangavaram),4800,2155,501.58,1,22.52
2025-06-07,Hay Point (Australia),Indian East Coast (Paradip/Vizag/Gangavaram),4800,2179,501.43,1,24.27
2025-06-08,Hay Point (Australia),Indian East Coast (Paradip/Vizag/Gangavaram),4800,2143,505.31,1,23.37
2025-06-09,Hay Point (Australia),Indian East Coast (Paradip/Vizag/Gangavaram),4800,2182,505.28,1,22.5
2025-06-10,Hay Point (Australia),Indian East Coast (Paradip/Vizag/Gangavaram),4800,2190,505.0,1,23.78
2025-06-11,Hay Point (Australia),Indian East Coast (Paradip/Vizag/Gangavaram),4800,2237,508.53,1,23.26
2025-06-12,Hay Point (Australia),Indian East Coast (Paradip/Vizag/Gangavaram),4800,2305,507.93,1,24.5
2025-06-13,Hay Point (Australia),Indian East Coast (Paradip/Vizag/Gangavaram),4800,2317,508.7,1,23.02
2025-06-14,Hay Point (Australia),Indian East Coast (Paradip/Vizag/Gangavaram),4800,2381,505.26,1,22.68
2025-06-15,Hay Point (Australia),Indian East Coast (Paradip/Vizag/Gangavaram),4800,2251,508.04,1,25.15
2025-06-16,Hay Point (Australia),Indian East Coast (Paradip/Vizag/Gangavaram),4800,2341,514.19,1,23.88
2025-06-17,Hay Point (Australia),Indian East Coast (Paradip/Vizag/Gangavaram),4800,2362,517.02,1,26.9
2025-06-18,Hay Point (Australia),Indian East Coast (Paradip/Vizag/Gangavaram),4800,2421,521.87,1,25.02
2025-06-19,Hay Point (Australia),Indian East Coast (Paradip/Vizag/Gangavaram),4800,2351,520.43,1,26.59
2025-06-20,Hay Point (Australia),Indian East Coast (Paradip/Vizag/Gangavaram),4800,2306,521.94,1,24.31
2025-06-21,Hay Point (Australia),Indian East Coast (Paradip/Vizag/Gangavaram),4800,2315,520.24,1,23.67
2025-06-22,Hay Point (Australia),Indian East Coast (Paradip/Vizag/Gangavaram),4800,2315,520.49,1,24.71
2025-06-23,Hay Point (Australia),Indian East Coast (Paradip/Vizag/Gangavaram),4800,2332,523.46,1,25.29
2025-06-24,Hay Point (Australia),Indian East Coast (Paradip/Vizag/Gangavaram),4800,2392,524.6,1,23.88
2025-06-25,Hay Point (Australia),Indian East Coast (Paradip/Vizag/Gangavaram),4800,2294,521.63,1,25.09
2025-06-26,Hay Point (Australia),Indian East Coast (Paradip/Vizag/Gangavaram),4800,2349,518.92,1,22.9
2025-06-27,Hay Point (Australia),Indian East Coast (Paradip/Vizag/Gangavaram),4800,2350,516.03,1,25.08
2025-06-28,Hay Point (Australia),Indian East Coast (Paradip/Vizag/Gangavaram),4800,2339,518.23,1,24.41
2025-06-29,Hay Point (Australia),Indian East Coast (Paradip/Vizag/Gangavaram),4800,2258,524.71,1,25.29
2025-06-30,Hay Point (Australia),Indian East Coast (Paradip/Vizag/Gangavaram),4800,2289,529.28,1,24.67
2025-07-01,Hay Point (Australia),Indian East Coast (Paradip/Vizag/Gangavaram),4800,2158,524.98,1,24.7
2025-07-02,Hay Point (Australia),Indian East Coast (Paradip/Vizag/Gangavaram),4800,2201,529.71,1,23.16
2025-07-03,Hay Point (Australia),Indian East Coast (Paradip/Vizag/Gangavaram),4800,2124,533.12,1,23.43
2025-07-04,Hay Point (Australia),Indian East Coast (Paradip/Vizag/Gangavaram),4800,2135,529.78,1,24.42
2025-07-05,Hay Point (Australia),Indian East Coast (Paradip/Vizag/Gangavaram),4800,2136,529.82,1,21.96
2025-07-06,Hay Point (Australia),Indian East Coast (Paradip/Vizag/Gangavaram),4800,2207,533.66,1,22.24
2025-07-07,Hay Point (Australia),Indian East Coast (Paradip/Vizag/Gangavaram),4800,2202,536.02,1,24.33
2025-07-08,Hay Point (Australia),Indian East Coast (Paradip/Vizag/Gangavaram),4800,2169,533.32,1,24.12
2025-07-09,Hay Point (Australia),Indian East Coast (Paradip/Vizag/Gangavaram),4800,2147,535.84,1,23.54
2025-07-10,Hay Point (Australia),Indian East Coast (Paradip/Vizag/Gangavaram),4800,2224,530.88,1,24.85
2025-07-11,Hay Point (Australia),Indian East Coast (Paradip/Vizag/Gangavaram),4800,2258,531.13,1,23.21
2025-07-12,Hay Point (Australia),Indian East Coast (Paradip/Vizag/Gangavaram),4800,2240,535.08,1,24.04
2025-07-13,Hay Point (Australia),Indian East Coast (Paradip/Vizag/Gangavaram),4800,2230,535.99,1,22.72
2025-07-14,Hay Point (Australia),Indian East Coast (Paradip/Vizag/Gangavaram),4800,2148,535.48,1,24.8
2025-07-15,Hay Point (Australia),Indian East Coast (Paradip/Vizag/Gangavaram),4800,2176,538.75,1,22.3
2025-07-16,Hay Point (Australia),Indian East Coast (Paradip/Vizag/Gangavaram),4800,2085,542.26,1,22.04
2025-07-17,Hay Point (Australia),Indian East Coast (Paradip/Vizag/Gangavaram),4800,2135,546.67,1,24.12
2025-07-18,Hay Point (Australia),Indian East Coast (Paradip/Vizag/Gangavaram),4800,2149,549.9,1,24.15
2025-07-19,Hay Point (Australia),Indian East Coast (Paradip/Vizag/Gangavaram),4800,2287,553.69,1,23.76
2025-07-20,Hay Point (Australia),Indian East Coast (Paradip/Vizag/Gangavaram),4800,2228,556.53,1,24.38
2025-07-21,Hay Point (Australia),Indian East Coast (Paradip/Vizag/Gangavaram),4800,2226,558.09,1,24.19
2025-07-22,Hay Point (Australia),Indian East Coast (Paradip/Vizag/Gangavaram),4800,2329,559.18,1,24.82
2025-07-23,Hay Point (Australia),Indian East Coast (Paradip/Vizag/Gangavaram),4800,2394,559.38,1,24.02
2025-07-24,Hay Point (Australia),Indian East Coast (Paradip/Vizag/Gangavaram),4800,2354,556.92,1,25.66
2025-07-25,Hay Point (Australia),Indian East Coast (Paradip/Vizag/Gangavaram),4800,2365,555.16,1,24.36
2025-07-26,Hay Point (Australia),Indian East Coast (Paradip/Vizag/Gangavaram),4800,2364,555.23,1,25.75
2025-07-27,Hay Point (Australia),Indian East Coast (Paradip/Vizag/Gangavaram),4800,2378,556.73,1,25.68
2025-07-28,Hay Point (Australia),Indian East Coast (Paradip/Vizag/Gangavaram),4800,2338,561.48,1,23.98
2025-07-29,Hay Point (Australia),Indian East Coast (Paradip/Vizag/Gangavaram),4800,2332,562.2,1,25.33
2025-07-30,Hay Point (Australia),Indian East Coast (Paradip/Vizag/Gangavaram),4800,2244,565.76,1,23.57
2025-07-31,Hay Point (Australia),Indian East Coast (Paradip/Vizag/Gangavaram),4800,2254,569.52,1,25.02
2025-08-01,Hay Point (Australia),Indian East Coast (Paradip/Vizag/Gangavaram),4800,2280,569.72,1,24.54
2025-08-02,Hay Point (Australia),Indian East Coast (Paradip/Vizag/Gangavaram),4800,2269,572.17,1,24.64
2025-08-03,Hay Point (Australia),Indian East Coast (Paradip/Vizag/Gangavaram),4800,2182,572.33,1,24.58
2025-08-04,Hay Point (Australia),Indian East Coast (Paradip/Vizag/Gangavaram),4800,2240,576.75,1,23.26
2025-08-05,Hay Point (Australia),Indian East Coast (Paradip/Vizag/Gangavaram),4800,2263,579.3,1,24.61
2025-08-06,Hay Point (Australia),Indian East Coast (Paradip/Vizag/Gangavaram),4800,2224,576.88,1,24.51
2025-08-07,Hay Point (Australia),Indian East Coast (Paradip/Vizag/Gangavaram),4800,2211,578.13,1,25.1
2025-08-08,Hay Point (Australia),Indian East Coast (Paradip/Vizag/Gangavaram),4800,2132,583.43,1,25.37
2025-08-09,Hay Point (Australia),Indian East Coast (Paradip/Vizag/Gangavaram),4800,2081,583.75,1,22.51
2025-08-10,Hay Point (Australia),Indian East Coast (Paradip/Vizag/Gangavaram),4800,2059,585.78,1,24.97
2025-08-11,Hay Point (Australia),Indian East Coast (Paradip/Vizag/Gangavaram),4800,2135,588.07,1,25.13
2025-08-12,Hay Point (Australia),Indian East Coast (Paradip/Vizag/Gangavaram),4800,2105,586.06,1,22.7
2025-08-13,Hay Point (Australia),Indian East Coast (Paradip/Vizag/Gangavaram),4800,2146,588.25,1,22.91
2025-08-14,Hay Point (Australia),Indian East Coast (Paradip/Vizag/Gangavaram),4800,2121,585.26,1,23.35
2025-08-15,Hay Point (Australia),Indian East Coast (Paradip/Vizag/Gangavaram),4800,2141,584.36,1,25.38
2025-08-16,Hay Point (Australia),Indian East Coast (Paradip/Vizag/Gangavaram),4800,2138,588.08,1,25.58
2025-08-17,Hay Point (Australia),Indian East Coast (Paradip/Vizag/Gangavaram),4800,2190,589.84,1,24.2
2025-08-18,Hay Point (Australia),Indian East Coast (Paradip/Vizag/Gangavaram),4800,2164,589.81,1,26.57
2025-08-19,Hay Point (Australia),Indian East Coast (Paradip/Vizag/Gangavaram),4800,2081,591.81,1,23.17
2025-08-20,Hay Point (Australia),Indian East Coast (Paradip/Vizag/Gangavaram),4800,2011,592.44,1,22.99
2025-08-21,Hay Point (Australia),Indian East Coast (Paradip/Vizag/Gangavaram),4800,1991,593.25,1,23.17
2025-08-22,Hay Point (Australia),Indian East Coast (Paradip/Vizag/Gangavaram),4800,1932,595.82,1,23.98
2025-08-23,Hay Point (Australia),Indian East Coast (Paradip/Vizag/Gangavaram),4800,1966,594.62,1,24.83
2025-08-24,Hay Point (Australia),Indian East Coast (Paradip/Vizag/Gangavaram),4800,1950,595.51,1,23.79
2025-08-25,Hay Point (Australia),Indian East Coast (Paradip/Vizag/Gangavaram),4800,2091,595.44,1,23.27
2025-08-26,Hay Point (Australia),Indian East Coast (Paradip/Vizag/Gangavaram),4800,2001,591.89,1,23.26
2025-08-27,Hay Point (Australia),Indian East Coast (Paradip/Vizag/Gangavaram),4800,2020,590.16,1,24.4
2025-08-28,Hay Point (Australia),Indian East Coast (Paradip/Vizag/Gangavaram),4800,1966,595.19,1,21.84
2025-08-29,Hay Point (Australia),Indian East Coast (Paradip/Vizag/Gangavaram),4800,1948,597.0,1,22.68
2025-08-30,Hay Point (Australia),Indian East Coast (Paradip/Vizag/Gangavaram),4800,1966,594.16,1,23.54
2025-08-31,Hay Point (Australia),Indian East Coast (Paradip/Vizag/Gangavaram),4800,1847,590.73,1,21.89
2025-09-01,Hay Point (Australia),Indian East Coast (Paradip/Vizag/Gangavaram),4800,1874,591.18,1,22.37
2025-09-02,Hay Point (Australia),Indian East Coast (Paradip/Vizag/Gangavaram),4800,1990,596.17,1,24.89
2025-09-03,Hay Point (Australia),Indian East Coast (Paradip/Vizag/Gangavaram),4800,1973,596.41,1,23.9
2025-09-04,Hay Point (Australia),Indian East Coast (Paradip/Vizag/Gangavaram),4800,1996,600.72,1,24.22
2025-09-05,Hay Point (Australia),Indian East Coast (Paradip/Vizag/Gangavaram),4800,2060,602.41,1,23.73
2025-09-06,Hay Point (Australia),Indian East Coast (Paradip/Vizag/Gangavaram),4800,2056,604.44,1,26.23
2025-09-07,Hay Point (Australia),Indian East Coast (Paradip/Vizag/Gangavaram),4800,2029,601.54,1,23.88
2025-09-08,Hay Point (Australia),Indian East Coast (Paradip/Vizag/Gangavaram),4800,1910,604.82,1,23.44
2025-09-09,Hay Point (Australia),Indian East Coast (Paradip/Vizag/Gangavaram),4800,1955,604.64,1,22.95
2025-09-10,Hay Point (Australia),Indian East Coast (Paradip/Vizag/Gangavaram),4800,1957,607.71,1,23.37
2025-09-11,Hay Point (Australia),Indian East Coast (Paradip/Vizag/Gangavaram),4800,1909,606.22,1,22.59
2025-09-12,Hay Point (Australia),Indian East Coast (Paradip/Vizag/Gangavaram),4800,1926,607.43,1,23.93
2025-09-13,Hay Point (Australia),Indian East Coast (Paradip/Vizag/Gangavaram),4800,1902,609.1,1,22.44
2025-09-14,Hay Point (Australia),Indian East Coast (Paradip/Vizag/Gangavaram),4800,1883,609.39,1,24.1
2025-09-15,Hay Point (Australia),Indian East Coast (Paradip/Vizag/Gangavaram),4800,1926,611.2,1,23.07
2025-09-16,Hay Point (Australia),Indian East Coast (Paradip/Vizag/Gangavaram),4800,1861,611.19,1,22.02
2025-09-17,Hay Point (Australia),Indian East Coast (Paradip/Vizag/Gangavaram),4800,1929,610.12,1,24.76
2025-09-18,Hay Point (Australia),Indian East Coast (Paradip/Vizag/Gangavaram),4800,1860,615.19,1,22.97
2025-09-19,Hay Point (Australia),Indian East Coast (Paradip/Vizag/Gangavaram),4800,1834,618.74,1,22.97
2025-09-20,Hay Point (Australia),Indian East Coast (Paradip/Vizag/Gangavaram),4800,1950,617.36,1,22.65
2025-09-21,Hay Point (Australia),Indian East Coast (Paradip/Vizag/Gangavaram),4800,2019,619.6,1,23.71
2025-09-22,Hay Point (Australia),Indian East Coast (Paradip/Vizag/Gangavaram),4800,2029,618.26,1,24.16
2025-09-23,Hay Point (Australia),Indian East Coast (Paradip/Vizag/Gangavaram),4800,1980,615.72,1,24.51
2025-09-24,Hay Point (Australia),Indian East Coast (Paradip/Vizag/Gangavaram),4800,1957,619.21,1,21.67
2025-09-25,Hay Point (Australia),Indian East Coast (Paradip/Vizag/Gangavaram),4800,1966,615.25,1,24.52
2025-09-26,Hay Point (Australia),Indian East Coast (Paradip/Vizag/Gangavaram),4800,1974,618.44,1,24.19
2025-09-27,Hay Point (Australia),Indian East Coast (Paradip/Vizag/Gangavaram),4800,1974,618.42,1,24.16
2025-09-28,Hay Point (Australia),Indian East Coast (Paradip/Vizag/Gangavaram),4800,1977,618.51,1,23.55
2025-09-29,Hay Point (Australia),Indian East Coast (Paradip/Vizag/Gangavaram),4800,1969,620.28,1,21.53
2025-09-30,Hay Point (Australia),Indian East Coast (Paradip/Vizag/Gangavaram),4800,1894,622.52,1,23.15
2025-10-01,Hay Point (Australia),Indian East Coast (Paradip/Vizag/Gangavaram),4800,1873,620.92,0,19.67
2025-10-02,Hay Point (Australia),Indian East Coast (Paradip/Vizag/Gangavaram),4800,1931,623.52,0,21.35
2025-10-03,Hay Point (Australia),Indian East Coast (Paradip/Vizag/Gangavaram),4800,1861,624.47,0,18.85
2025-10-04,Hay Point (Australia),Indian East Coast (Paradip/Vizag/Gangavaram),4800,1858,621.69,0,20.05
2025-10-05,Hay Point (Australia),Indian East Coast (Paradip/Vizag/Gangavaram),4800,1820,621.87,0,20.52
2025-10-06,Hay Point (Australia),Indian East Coast (Paradip/Vizag/Gangavaram),4800,1835,626.25,0,20.78
2025-10-07,Hay Point (Australia),Indian East Coast (Paradip/Vizag/Gangavaram),4800,1822,631.44,0,20.74
2025-10-08,Hay Point (Australia),Indian East Coast (Paradip/Vizag/Gangavaram),4800,1911,634.02,0,19.66
2025-10-09,Hay Point (Australia),Indian East Coast (Paradip/Vizag/Gangavaram),4800,1944,631.4,0,19.72
2025-10-10,Hay Point (Australia),Indian East Coast (Paradip/Vizag/Gangavaram),4800,1876,633.35,0,21.25
2025-10-11,Hay Point (Australia),Indian East Coast (Paradip/Vizag/Gangavaram),4800,1918,636.27,0,21.32
2025-10-12,Hay Point (Australia),Indian East Coast (Paradip/Vizag/Gangavaram),4800,1880,638.85,0,21.12
2025-10-13,Hay Point (Australia),Indian East Coast (Paradip/Vizag/Gangavaram),4800,1853,641.59,0,19.98
2025-10-14,Hay Point (Australia),Indian East Coast (Paradip/Vizag/Gangavaram),4800,1876,643.17,0,20.7
2025-10-15,Hay Point (Australia),Indian East Coast (Paradip/Vizag/Gangavaram),4800,1854,643.57,0,20.05
2025-10-16,Hay Point (Australia),Indian East Coast (Paradip/Vizag/Gangavaram),4800,1909,642.5,0,21.58
2025-10-17,Hay Point (Australia),Indian East Coast (Paradip/Vizag/Gangavaram),4800,1870,637.93,0,22.18
2025-10-18,Hay Point (Australia),Indian East Coast (Paradip/Vizag/Gangavaram),4800,1841,639.43,0,20.84
2025-10-19,Hay Point (Australia),Indian East Coast (Paradip/Vizag/Gangavaram),4800,1810,640.51,0,19.79
2025-10-20,Hay Point (Australia),Indian East Coast (Paradip/Vizag/Gangavaram),4800,1785,642.6,0,18.76
2025-10-21,Hay Point (Australia),Indian East Coast (Paradip/Vizag/Gangavaram),4800,1853,639.53,0,19.53
2025-10-22,Hay Point (Australia),Indian East Coast (Paradip/Vizag/Gangavaram),4800,1892,641.84,0,21.88
2025-10-23,Hay Point (Australia),Indian East Coast (Paradip/Vizag/Gangavaram),4800,1988,647.99,0,20.43
2025-10-24,Hay Point (Australia),Indian East Coast (Paradip/Vizag/Gangavaram),4800,2112,648.76,0,21.87
2025-10-25,Hay Point (Australia),Indian East Coast (Paradip/Vizag/Gangavaram),4800,2050,649.14,0,21.72
2025-10-26,Hay Point (Australia),Indian East Coast (Paradip/Vizag/Gangavaram),4800,2051,650.52,0,22.38
2025-10-27,Hay Point (Australia),Indian East Coast (Paradip/Vizag/Gangavaram),4800,1983,656.59,0,21.08
2025-10-28,Hay Point (Australia),Indian East Coast (Paradip/Vizag/Gangavaram),4800,1939,654.34,0,20.54
2025-10-29,Hay Point (Australia),Indian East Coast (Paradip/Vizag/Gangavaram),4800,1904,655.42,0,21.34
2025-10-30,Hay Point (Australia),Indian East Coast (Paradip/Vizag/Gangavaram),4800,1847,653.77,0,19.99
2025-10-31,Hay Point (Australia),Indian East Coast (Paradip/Vizag/Gangavaram),4800,1792,652.81,0,19.84
2025-11-01,Hay Point (Australia),Indian East Coast (Paradip/Vizag/Gangavaram),4800,1788,653.19,0,21.03
2025-11-02,Hay Point (Australia),Indian East Coast (Paradip/Vizag/Gangavaram),4800,1726,657.36,0,20.09
2025-11-03,Hay Point (Australia),Indian East Coast (Paradip/Vizag/Gangavaram),4800,1778,662.77,0,21.73
2025-11-04,Hay Point (Australia),Indian East Coast (Paradip/Vizag/Gangavaram),4800,1732,664.49,0,20.24
2025-11-05,Hay Point (Australia),Indian East Coast (Paradip/Vizag/Gangavaram),4800,1892,663.96,0,22.04
2025-11-06,Hay Point (Australia),Indian East Coast (Paradip/Vizag/Gangavaram),4800,1867,671.23,0,20.61
2025-11-07,Hay Point (Australia),Indian East Coast (Paradip/Vizag/Gangavaram),4800,1872,670.56,0,21.61
2025-11-08,Hay Point (Australia),Indian East Coast (Paradip/Vizag/Gangavaram),4800,1801,669.48,0,20.4
2025-11-09,Hay Point (Australia),Indian East Coast (Paradip/Vizag/Gangavaram),4800,1897,665.13,0,21.36
2025-11-10,Hay Point (Australia),Indian East Coast (Paradip/Vizag/Gangavaram),4800,1957,669.4,0,21.71
2025-11-11,Hay Point (Australia),Indian East Coast (Paradip/Vizag/Gangavaram),4800,1970,672.5,0,21.31
2025-11-12,Hay Point (Australia),Indian East Coast (Paradip/Vizag/Gangavaram),4800,1892,679.54,0,23.24
2025-11-13,Hay Point (Australia),Indian East Coast (Paradip/Vizag/Gangavaram),4800,1902,676.22,0,22.43
2025-11-14,Hay Point (Australia),Indian East Coast (Paradip/Vizag/Gangavaram),4800,1838,680.64,0,21.54
2025-11-15,Hay Point (Australia),Indian East Coast (Paradip/Vizag/Gangavaram),4800,1918,681.28,0,21.92
2025-11-16,Hay Point (Australia),Indian East Coast (Paradip/Vizag/Gangavaram),4800,1959,683.91,0,22.7
2025-11-17,Hay Point (Australia),Indian East Coast (Paradip/Vizag/Gangavaram),4800,1960,679.86,0,20.32
2025-11-18,Hay Point (Australia),Indian East Coast (Paradip/Vizag/Gangavaram),4800,1821,684.29,0,21.91
2025-11-19,Hay Point (Australia),Indian East Coast (Paradip/Vizag/Gangavaram),4800,1766,686.85,0,20.02
2025-11-20,Hay Point (Australia),Indian East Coast (Paradip/Vizag/Gangavaram),4800,1805,687.17,0,20.31
2025-11-21,Hay Point (Australia),Indian East Coast (Paradip/Vizag/Gangavaram),4800,1871,689.34,0,21.19
2025-11-22,Hay Point (Australia),Indian East Coast (Paradip/Vizag/Gangavaram),4800,1929,687.67,0,21.84
2025-11-23,Hay Point (Australia),Indian East Coast (Paradip/Vizag/Gangavaram),4800,1836,686.5,0,20.26
2025-11-24,Hay Point (Australia),Indian East Coast (Paradip/Vizag/Gangavaram),4800,1851,685.64,0,20.8
2025-11-25,Hay Point (Australia),Indian East Coast (Paradip/Vizag/Gangavaram),4800,1904,681.0,0,21.12
2025-11-26,Hay Point (Australia),Indian East Coast (Paradip/Vizag/Gangavaram),4800,1807,683.73,0,21.01
2025-11-27,Hay Point (Australia),Indian East Coast (Paradip/Vizag/Gangavaram),4800,1805,687.35,0,21.48
2025-11-28,Hay Point (Australia),Indian East Coast (Paradip/Vizag/Gangavaram),4800,1818,685.83,0,23.37
2025-11-29,Hay Point (Australia),Indian East Coast (Paradip/Vizag/Gangavaram),4800,1799,687.15,0,21.13
2025-11-30,Hay Point (Australia),Indian East Coast (Paradip/Vizag/Gangavaram),4800,1694,686.79,0,19.74
2025-12-01,Hay Point (Australia),Indian East Coast (Paradip/Vizag/Gangavaram),4800,1678,688.05,0,19.6
2025-12-02,Hay Point (Australia),Indian East Coast (Paradip/Vizag/Gangavaram),4800,1661,686.7,0,19.68
2025-12-03,Hay Point (Australia),Indian East Coast (Paradip/Vizag/Gangavaram),4800,1655,684.65,0,19.79
2025-12-04,Hay Point (Australia),Indian East Coast (Paradip/Vizag/Gangavaram),4800,1625,687.86,0,20.1
2025-12-05,Hay Point (Australia),Indian East Coast (Paradip/Vizag/Gangavaram),4800,1604,688.03,0,20.56
2025-12-06,Hay Point (Australia),Indian East Coast (Paradip/Vizag/Gangavaram),4800,1604,693.86,0,19.71
2025-12-07,Hay Point (Australia),Indian East Coast (Paradip/Vizag/Gangavaram),4800,1632,694.32,0,21.78
2025-12-08,Hay Point (Australia),Indian East Coast (Paradip/Vizag/Gangavaram),4800,1616,692.13,0,19.35
2025-12-09,Hay Point (Australia),Indian East Coast (Paradip/Vizag/Gangavaram),4800,1596,695.78,0,19.8
2025-12-10,Hay Point (Australia),Indian East Coast (Paradip/Vizag/Gangavaram),4800,1603,697.81,0,20.65
2025-12-11,Hay Point (Australia),Indian East Coast (Paradip/Vizag/Gangavaram),4800,1499,700.1,0,20.56
2025-12-12,Hay Point (Australia),Indian East Coast (Paradip/Vizag/Gangavaram),4800,1531,703.64,0,21.16
2025-12-13,Hay Point (Australia),Indian East Coast (Paradip/Vizag/Gangavaram),4800,1535,702.16,0,20.15
2025-12-14,Hay Point (Australia),Indian East Coast (Paradip/Vizag/Gangavaram),4800,1541,702.11,0,21.1
2025-12-15,Hay Point (Australia),Indian East Coast (Paradip/Vizag/Gangavaram),4800,1596,701.93,0,19.68
2025-12-16,Hay Point (Australia),Indian East Coast (Paradip/Vizag/Gangavaram),4800,1490,698.7,0,20.49
2025-12-17,Hay Point (Australia),Indian East Coast (Paradip/Vizag/Gangavaram),4800,1386,698.26,0,19.35
2025-12-18,Hay Point (Australia),Indian East Coast (Paradip/Vizag/Gangavaram),4800,1409,702.17,0,20.27
2025-12-19,Hay Point (Australia),Indian East Coast (Paradip/Vizag/Gangavaram),4800,1415,703.08,0,17.7
2025-12-20,Hay Point (Australia),Indian East Coast (Paradip/Vizag/Gangavaram),4800,1431,699.67,0,18.5
2025-12-21,Hay Point (Australia),Indian East Coast (Paradip/Vizag/Gangavaram),4800,1411,695.69,0,19.8
2025-12-22,Hay Point (Australia),Indian East Coast (Paradip/Vizag/Gangavaram),4800,1453,700.47,0,17.56
2025-12-23,Hay Point (Australia),Indian East Coast (Paradip/Vizag/Gangavaram),4800,1509,700.47,0,20.15
2025-12-24,Hay Point (Australia),Indian East Coast (Paradip/Vizag/Gangavaram),4800,1537,698.94,0,20.75
2025-12-25,Hay Point (Australia),Indian East Coast (Paradip/Vizag/Gangavaram),4800,1524,698.43,0,19.28
2025-12-26,Hay Point (Australia),Indian East Coast (Paradip/Vizag/Gangavaram),4800,1409,694.63,0,18.64
2025-12-27,Hay Point (Australia),Indian East Coast (Paradip/Vizag/Gangavaram),4800,1456,698.72,0,18.69
2025-12-28,Hay Point (Australia),Indian East Coast (Paradip/Vizag/Gangavaram),4800,1526,697.87,0,19.18
2025-12-29,Hay Point (Australia),Indian East Coast (Paradip/Vizag/Gangavaram),4800,1562,701.79,0,19.68
2025-12-30,Hay Point (Australia),Indian East Coast (Paradip/Vizag/Gangavaram),4800,1512,702.14,0,19.39
2021-01-01,Richards Bay (South Africa),Indian East Coast (Paradip/Vizag/Gangavaram),4300,1250,533.68,0,15.05
2021-01-02,Richards Bay (South Africa),Indian East Coast (Paradip/Vizag/Gangavaram),4300,1219,536.35,0,13.67
2021-01-03,Richards Bay (South Africa),Indian East Coast (Paradip/Vizag/Gangavaram),4300,1287,540.91,0,15.02
2021-01-04,Richards Bay (South Africa),Indian East Coast (Paradip/Vizag/Gangavaram),4300,1363,538.85,0,14.72
2021-01-05,Richards Bay (South Africa),Indian East Coast (Paradip/Vizag/Gangavaram),4300,1279,538.55,0,15.27
2021-01-06,Richards Bay (South Africa),Indian East Coast (Paradip/Vizag/Gangavaram),4300,1232,540.89,0,14.51
2021-01-07,Richards Bay (South Africa),Indian East Coast (Paradip/Vizag/Gangavaram),4300,1267,541.35,0,14.35
2021-01-08,Richards Bay (South Africa),Indian East Coast (Paradip/Vizag/Gangavaram),4300,1276,538.61,0,14.7
2021-01-09,Richards Bay (South Africa),Indian East Coast (Paradip/Vizag/Gangavaram),4300,1301,540.03,0,13.65
2021-01-10,Richards Bay (South Africa),Indian East Coast (Paradip/Vizag/Gangavaram),4300,1280,541.89,0,14.22
2021-01-11,Richards Bay (South Africa),Indian East Coast (Paradip/Vizag/Gangavaram),4300,1355,542.41,0,14.3
2021-01-12,Richards Bay (South Africa),Indian East Coast (Paradip/Vizag/Gangavaram),4300,1421,543.28,0,15.21
2021-01-13,Richards Bay (South Africa),Indian East Coast (Paradip/Vizag/Gangavaram),4300,1447,542.85,0,14.73
2021-01-14,Richards Bay (South Africa),Indian East Coast (Paradip/Vizag/Gangavaram),4300,1530,547.13,0,15.58
2021-01-15,Richards Bay (South Africa),Indian East Coast (Paradip/Vizag/Gangavaram),4300,1574,544.94,0,15.24
2021-01-16,Richards Bay (South Africa),Indian East Coast (Paradip/Vizag/Gangavaram),4300,1544,543.6,0,15.19
2021-01-17,Richards Bay (South Africa),Indian East Coast (Paradip/Vizag/Gangavaram),4300,1583,543.88,0,16.37
2021-01-18,Richards Bay (South Africa),Indian East Coast (Paradip/Vizag/Gangavaram),4300,1547,546.51,0,16.06
2021-01-19,Richards Bay (South Africa),Indian East Coast (Paradip/Vizag/Gangavaram),4300,1614,542.67,0,16.43
2021-01-20,Richards Bay (South Africa),Indian East Coast (Paradip/Vizag/Gangavaram),4300,1628,539.34,0,16.33
2021-01-21,Richards Bay (South Africa),Indian East Coast (Paradip/Vizag/Gangavaram),4300,1634,534.02,0,15.39
2021-01-22,Richards Bay (South Africa),Indian East Coast (Paradip/Vizag/Gangavaram),4300,1612,534.33,0,16.64
2021-01-23,Richards Bay (South Africa),Indian East Coast (Paradip/Vizag/Gangavaram),4300,1697,531.5,0,17.72
2021-01-24,Richards Bay (South Africa),Indian East Coast (Paradip/Vizag/Gangavaram),4300,1702,530.66,0,16.57
2021-01-25,Richards Bay (South Africa),Indian East Coast (Paradip/Vizag/Gangavaram),4300,1693,532.66,0,17.33
2021-01-26,Richards Bay (South Africa),Indian East Coast (Paradip/Vizag/Gangavaram),4300,1688,531.11,0,15.87
2021-01-27,Richards Bay (South Africa),Indian East Coast (Paradip/Vizag/Gangavaram),4300,1733,531.93,0,15.79
2021-01-28,Richards Bay (South Africa),Indian East Coast (Paradip/Vizag/Gangavaram),4300,1767,531.3,0,16.12
2021-01-29,Richards Bay (South Africa),Indian East Coast (Paradip/Vizag/Gangavaram),4300,1802,533.31,0,16.24
2021-01-30,Richards Bay (South Africa),Indian East Coast (Paradip/Vizag/Gangavaram),4300,1837,534.78,0,17.94
2021-01-31,Richards Bay (South Africa),Indian East Coast (Paradip/Vizag/Gangavaram),4300,1966,533.06,0,17.69
2021-02-01,Richards Bay (South Africa),Indian East Coast (Paradip/Vizag/Gangavaram),4300,1949,532.77,0,16.86
2021-02-02,Richards Bay (South Africa),Indian East Coast (Paradip/Vizag/Gangavaram),4300,1928,535.76,0,16.86
2021-02-03,Richards Bay (South Africa),Indian East Coast (Paradip/Vizag/Gangavaram),4300,1891,536.98,0,17.83
2021-02-04,Richards Bay (South Africa),Indian East Coast (Paradip/Vizag/Gangavaram),4300,1934,533.33,0,18.46
2021-02-05,Richards Bay (South Africa),Indian East Coast (Paradip/Vizag/Gangavaram),4300,2004,535.25,0,17.42
2021-02-06,Richards Bay (South Africa),Indian East Coast (Paradip/Vizag/Gangavaram),4300,2004,532.43,0,16.91
2021-02-07,Richards Bay (South Africa),Indian East Coast (Paradip/Vizag/Gangavaram),4300,1963,536.4,0,16.77
2021-02-08,Richards Bay (South Africa),Indian East Coast (Paradip/Vizag/Gangavaram),4300,1925,539.31,0,18.21
2021-02-09,Richards Bay (South Africa),Indian East Coast (Paradip/Vizag/Gangavaram),4300,1970,540.21,0,17.96
2021-02-10,Richards Bay (South Africa),Indian East Coast (Paradip/Vizag/Gangavaram),4300,2018,540.75,0,17.63
2021-02-11,Richards Bay (South Africa),Indian East Coast (Paradip/Vizag/Gangavaram),4300,2054,540.28,0,18.9
2021-02-12,Richards Bay (South Africa),Indian East Coast (Paradip/Vizag/Gangavaram),4300,2022,542.23,0,19.14
2021-02-13,Richards Bay (South Africa),Indian East Coast (Paradip/Vizag/Gangavaram),4300,2041,541.31,0,17.67
2021-02-14,Richards Bay (South Africa),Indian East Coast (Paradip/Vizag/Gangavaram),4300,2053,542.04,0,17.96
2021-02-15,Richards Bay (South Africa),Indian East Coast (Paradip/Vizag/Gangavaram),4300,2070,544.49,0,17.95
2021-02-16,Richards Bay (South Africa),Indian East Coast (Paradip/Vizag/Gangavaram),4300,2123,543.03,0,17.9
2021-02-17,Richards Bay (South Africa),Indian East Coast (Paradip/Vizag/Gangavaram),4300,2138,541.43,0,17.8
2021-02-18,Richards Bay (South Africa),Indian East Coast (Paradip/Vizag/Gangavaram),4300,2178,538.24,0,17.65
2021-02-19,Richards Bay (South Africa),Indian East Coast (Paradip/Vizag/Gangavaram),4300,2183,535.4,0,17.45
2021-02-20,Richards Bay (South Africa),Indian East Coast (Paradip/Vizag/Gangavaram),4300,2200,530.48,0,18.48
2021-02-21,Richards Bay (South Africa),Indian East Coast (Paradip/Vizag/Gangavaram),4300,2236,532.51,0,17.66
2021-02-22,Richards Bay (South Africa),Indian East Coast (Paradip/Vizag/Gangavaram),4300,2156,537.47,0,19.53
2021-02-23,Richards Bay (South Africa),Indian East Coast (Paradip/Vizag/Gangavaram),4300,2141,541.38,0,18.41
2021-02-24,Richards Bay (South Africa),Indian East Coast (Paradip/Vizag/Gangavaram),4300,2118,536.99,0,19.3
2021-02-25,Richards Bay (South Africa),Indian East Coast (Paradip/Vizag/Gangavaram),4300,2087,538.98,0,18.18
2021-02-26,Richards Bay (South Africa),Indian East Coast (Paradip/Vizag/Gangavaram),4300,2078,542.86,0,16.92
2021-02-27,Richards Bay (South Africa),Indian East Coast (Paradip/Vizag/Gangavaram),4300,2166,541.63,0,19.12
2021-02-28,Richards Bay (South Africa),Indian East Coast (Paradip/Vizag/Gangavaram),4300,2121,541.91,0,19.38
2021-03-01,Richards Bay (South Africa),Indian East Coast (Paradip/Vizag/Gangavaram),4300,2179,536.45,0,17.7
2021-03-02,Richards Bay (South Africa),Indian East Coast (Paradip/Vizag/Gangavaram),4300,2089,537.17,0,18.14
2021-03-03,Richards Bay (South Africa),Indian East Coast (Paradip/Vizag/Gangavaram),4300,2077,534.26,0,17.67
2021-03-04,Richards Bay (South Africa),Indian East Coast (Paradip/Vizag/Gangavaram),4300,2092,534.78,0,18.05
2021-03-05,Richards Bay (South Africa),Indian East Coast (Paradip/Vizag/Gangavaram),4300,2130,530.51,0,18.12
2021-03-06,Richards Bay (South Africa),Indian East Coast (Paradip/Vizag/Gangavaram),4300,2174,531.96,0,17.9
2021-03-07,Richards Bay (South Africa),Indian East Coast (Paradip/Vizag/Gangavaram),4300,2221,534.71,0,18.05
2021-03-08,Richards Bay (South Africa),Indian East Coast (Paradip/Vizag/Gangavaram),4300,2204,532.54,0,18.35
2021-03-09,Richards Bay (South Africa),Indian East Coast (Paradip/Vizag/Gangavaram),4300,2181,529.4,0,18.84
2021-03-10,Richards Bay (South Africa),Indian East Coast (Paradip/Vizag/Gangavaram),4300,2232,523.48,0,18.27
2021-03-11,Richards Bay (South Africa),Indian East Coast (Paradip/Vizag/Gangavaram),4300,2223,522.69,0,18.28
2021-03-12,Richards Bay (South Africa),Indian East Coast (Paradip/Vizag/Gangavaram),4300,2155,521.05,0,17.68
2021-03-13,Richards Bay (South Africa),Indian East Coast (Paradip/Vizag/Gangavaram),4300,2097,516.76,0,17.61
2021-03-14,Richards Bay (South Africa),Indian East Coast (Paradip/Vizag/Gangavaram),4300,2054,517.91,0,18.61
2021-03-15,Richards Bay (South Africa),Indian East Coast (Paradip/Vizag/Gangavaram),4300,2089,516.6,0,16.99
2021-03-16,Richards Bay (South Africa),Indian East Coast (Paradip/Vizag/Gangavaram),4300,2104,513.59,0,17.81
2021-03-17,Richards Bay (South Africa),Indian East Coast (Paradip/Vizag/Gangavaram),4300,2149,511.99,0,18.04
2021-03-18,Richards Bay (South Africa),Indian East Coast (Paradip/Vizag/Gangavaram),4300,2131,514.8,0,17.61
2021-03-19,Richards Bay (South Africa),Indian East Coast (Paradip/Vizag/Gangavaram),4300,2146,516.33,0,17.56
2021-03-20,Richards Bay (South Africa),Indian East Coast (Paradip/Vizag/Gangavaram),4300,2186,515.87,0,17.87
2021-03-21,Richards Bay (South Africa),Indian East Coast (Paradip/Vizag/Gangavaram),4300,2173,517.43,0,18.3
2021-03-22,Richards Bay (South Africa),Indian East Coast (Paradip/Vizag/Gangavaram),4300,2203,514.15,0,18.5
2021-03-23,Richards Bay (South Africa),Indian East Coast (Paradip/Vizag/Gangavaram),4300,2170,514.11,0,17.76
2021-03-24,Richards Bay (South Africa),Indian East Coast (Paradip/Vizag/Gangavaram),4300,2266,514.38,0,19.42
2021-03-25,Richards Bay (South Africa),Indian East Coast (Paradip/Vizag/Gangavaram),4300,2514,512.96,0,20.78
2021-03-26,Richards Bay (South Africa),Indian East Coast (Paradip/Vizag/Gangavaram),4300,2702,514.0,0,20.68
2021-03-27,Richards Bay (South Africa),Indian East Coast (Paradip/Vizag/Gangavaram),4300,2856,511.72,0,19.4
2021-03-28,Richards Bay (South Africa),Indian East Coast (Paradip/Vizag/Gangavaram),4300,2723,512.95,0,21.51
2021-03-29,Richards Bay (South Africa),Indian East Coast (Paradip/Vizag/Gangavaram),4300,2474,514.29,0,19.32
2021-03-30,Richards Bay (South Africa),Indian East Coast (Paradip/Vizag/Gangavaram),4300,2249,506.18,0,19.44
2021-03-31,Richards Bay (South Africa),Indian East Coast (Paradip/Vizag/Gangavaram),4300,2171,509.25,0,18.3
2021-04-01,Richards Bay (South Africa),Indian East Coast (Paradip/Vizag/Gangavaram),4300,2213,500.78,0,17.87
2021-04-02,Richards Bay (South Africa),Indian East Coast (Paradip/Vizag/Gangavaram),4300,2212,498.91,0,18.72
2021-04-03,Richards Bay (South Africa),Indian East Coast (Paradip/Vizag/Gangavaram),4300,2192,501.51,0,17.66
2021-04-04,Richards Bay (South Africa),Indian East Coast (Paradip/Vizag/Gangavaram),4300,2193,500.45,0,18.35
2021-04-05,Richards Bay (South Africa),Indian East Coast (Paradip/Vizag/Gangavaram),4300,2105,496.26,0,18.27
2021-04-06,Richards Bay (South Africa),Indian East Coast (Paradip/Vizag/Gangavaram),4300,2034,493.08,0,17.66
2021-04-07,Richards Bay (South Africa),Indian East Coast (Paradip/Vizag/Gangavaram),4300,1971,495.66,0,17.9
2021-04-08,Richards Bay (South Africa),Indian East Coast (Paradip/Vizag/Gangavaram),4300,1929,490.21,0,16.82
2021-04-09,Richards Bay (South Africa),Indian East Coast (Paradip/Vizag/Gangavaram),4300,1966,493.05,0,18.24
2021-04-10,Richards Bay (South Africa),Indian East Coast (Paradip/Vizag/Gangavaram),4300,1929,492.67,0,16.64
2021-04-11,Richards Bay (South Africa),Indian East Coast (Paradip/Vizag/Gangavaram),4300,1923,489.19,0,15.94
2021-04-12,Richards Bay (South Africa),Indian East Coast (Paradip/Vizag/Gangavaram),4300,2009,487.37,0,15.71
2021-04-13,Richards Bay (South Africa),Indian East Coast (Paradip/Vizag/Gangavaram),4300,2001,484.35,0,17.7
2021-04-14,Richards Bay (South Africa),Indian East Coast (Paradip/Vizag/Gangavaram),4300,2053,486.45,0,16.86
2021-04-15,Richards Bay (South Africa),Indian East Coast (Paradip/Vizag/Gangavaram),4300,2012,488.19,0,17.6
2021-04-16,Richards Bay (South Africa),Indian East Coast (Paradip/Vizag/Gangavaram),4300,2013,483.25,0,17.16
2021-04-17,Richards Bay (South Africa),Indian East Coast (Paradip/Vizag/Gangavaram),4300,1972,481.88,0,16.83
2021-04-18,Richards Bay (South Africa),Indian East Coast (Paradip/Vizag/Gangavaram),4300,1967,479.26,0,16.33
2021-04-19,Richards Bay (South Africa),Indian East Coast (Paradip/Vizag/Gangavaram),4300,2026,482.49,0,17.07
2021-04-20,Richards Bay (South Africa),Indian East Coast (Paradip/Vizag/Gangavaram),4300,1942,478.54,0,16.46
2021-04-21,Richards Bay (South Africa),Indian East Coast (Paradip/Vizag/Gangavaram),4300,1980,482.61,0,17.61
2021-04-22,Richards Bay (South Africa),Indian East Coast (Paradip/Vizag/Gangavaram),4300,2006,482.22,0,16.99
2021-04-23,Richards Bay (South Africa),Indian East Coast (Paradip/Vizag/Gangavaram),4300,1986,478.76,0,16.06
2021-04-24,Richards Bay (South Africa),Indian East Coast (Paradip/Vizag/Gangavaram),4300,1919,476.61,0,16.07
2021-04-25,Richards Bay (South Africa),Indian East Coast (Paradip/Vizag/Gangavaram),4300,1938,474.12,0,16.19
2021-04-26,Richards Bay (South Africa),Indian East Coast (Paradip/Vizag/Gangavaram),4300,1923,470.33,0,18.43
2021-04-27,Richards Bay (South Africa),Indian East Coast (Paradip/Vizag/Gangavaram),4300,1951,470.27,0,17.61
2021-04-28,Richards Bay (South Africa),Indian East Coast (Paradip/Vizag/Gangavaram),4300,1966,466.6,0,17.6
2021-04-29,Richards Bay (South Africa),Indian East Coast (Paradip/Vizag/Gangavaram),4300,2068,460.33,0,16.65
2021-04-30,Richards Bay (South Africa),Indian East Coast (Paradip/Vizag/Gangavaram),4300,2064,458.96,0,16.42
2021-05-01,Richards Bay (South Africa),Indian East Coast (Paradip/Vizag/Gangavaram),4300,2018,453.71,0,16.28
2021-05-02,Richards Bay (South Africa),Indian East Coast (Paradip/Vizag/Gangavaram),4300,2040,451.32,0,16.23
2021-05-03,Richards Bay (South Africa),Indian East Coast (Paradip/Vizag/Gangavaram),4300,2063,448.49,0,16.47
2021-05-04,Richards Bay (South Africa),Indian East Coast (Paradip/Vizag/Gangavaram),4300,2147,445.76,0,17.77
2021-05-05,Richards Bay (South Africa),Indian East Coast (Paradip/Vizag/Gangavaram),4300,2200,450.84,0,17.61
2021-05-06,Richards Bay (South Africa),Indian East Coast (Paradip/Vizag/Gangavaram),4300,2225,450.62,0,16.77
2021-05-07,Richards Bay (South Africa),Indian East Coast (Paradip/Vizag/Gangavaram),4300,2310,450.91,0,18.22
2021-05-08,Richards Bay (South Africa),Indian East Coast (Paradip/Vizag/Gangavaram),4300,2246,445.7,0,18.46
2021-05-09,Richards Bay (South Africa),Indian East Coast (Paradip/Vizag/Gangavaram),4300,2214,443.53,0,17.09
2021-05-10,Richards Bay (South Africa),Indian East Coast (Paradip/Vizag/Gangavaram),4300,2168,443.73,0,17.31
2021-05-11,Richards Bay (South Africa),Indian East Coast (Paradip/Vizag/Gangavaram),4300,2153,440.55,0,17.04
2021-05-12,Richards Bay (South Africa),Indian East Coast (Paradip/Vizag/Gangavaram),4300,2084,442.61,0,17.18
2021-05-13,Richards Bay (South Africa),Indian East Coast (Paradip/Vizag/Gangavaram),4300,2128,438.94,0,17.54
2021-05-14,Richards Bay (South Africa),Indian East Coast (Paradip/Vizag/Gangavaram),4300,2123,437.75,0,16.21
2021-05-15,Richards Bay (South Africa),Indian East Coast (Paradip/Vizag/Gangavaram),4300,2050,435.74,0,16.42
2021-05-16,Richards Bay (South Africa),Indian East Coast (Paradip/Vizag/Gangavaram),4300,2004,435.76,0,15.96
2021-05-17,Richards Bay (South Africa),Indian East Coast (Paradip/Vizag/Gangavaram),4300,2033,433.6,0,15.84
2021-05-18,Richards Bay (South Africa),Indian East Coast (Paradip/Vizag/Gangavaram),4300,2090,432.43,0,17.07
2021-05-19,Richards Bay (South Africa),Indian East Coast (Paradip/Vizag/Gangavaram),4300,2208,431.35,0,18.17
2021-05-20,Richards Bay (South Africa),Indian East Coast (Paradip/Vizag/Gangavaram),4300,2373,428.91,0,17.09
2021-05-21,Richards Bay (South Africa),Indian East Coast (Paradip/Vizag/Gangavaram),4300,2395,429.79,0,18.32
2021-05-22,Richards Bay (South Africa),Indian East Coast (Paradip/Vizag/Gangavaram),4300,2338,429.99,0,18.19
2021-05-23,Richards Bay (South Africa),Indian East Coast (Paradip/Vizag/Gangavaram),4300,2221,429.29,0,16.13
2021-05-24,Richards Bay (South Africa),Indian East Coast (Paradip/Vizag/Gangavaram),4300,2239,427.66,0,17.22
2021-05-25,Richards Bay (South Africa),Indian East Coast (Paradip/Vizag/Gangavaram),4300,2198,429.36,0,18.17
2021-05-26,Richards Bay (South Africa),Indian East Coast (Paradip/Vizag/Gangavaram),4300,2179,428.25,0,17.38
2021-05-27,Richards Bay (South Africa),Indian East Coast (Paradip/Vizag/Gangavaram),4300,2151,426.94,0,15.75
2021-05-28,Richards Bay (South Africa),Indian East Coast (Paradip/Vizag/Gangavaram),4300,2149,426.75,0,17.11
2021-05-29,Richards Bay (South Africa),Indian East Coast (Paradip/Vizag/Gangavaram),4300,2214,430.88,0,16.73
2021-05-30,Richards Bay (South Africa),Indian East Coast (Paradip/Vizag/Gangavaram),4300,2226,426.75,0,17.36
2021-05-31,Richards Bay (South Africa),Indian East Coast (Paradip/Vizag/Gangavaram),4300,2221,428.35,0,16.95
2021-06-01,Richards Bay (South Africa),Indian East Coast (Paradip/Vizag/Gangavaram),4300,2167,422.7,1,19.84
2021-06-02,Richards Bay (South Africa),Indian East Coast (Paradip/Vizag/Gangavaram),4300,2080,422.79,1,18.71
2021-06-03,Richards Bay (South Africa),Indian East Coast (Paradip/Vizag/Gangavaram),4300,2062,426.57,1,18.81
2021-06-04,Richards Bay (South Africa),Indian East Coast (Paradip/Vizag/Gangavaram),4300,2068,427.39,1,18.58
2021-06-05,Richards Bay (South Africa),Indian East Coast (Paradip/Vizag/Gangavaram),4300,2173,427.34,1,19.53
2021-06-06,Richards Bay (South Africa),Indian East Coast (Paradip/Vizag/Gangavaram),4300,2185,425.3,1,18.65
2021-06-07,Richards Bay (South Africa),Indian East Coast (Paradip/Vizag/Gangavaram),4300,2243,424.86,1,20.79
2021-06-08,Richards Bay (South Africa),Indian East Coast (Paradip/Vizag/Gangavaram),4300,2218,423.64,1,19.43
2021-06-09,Richards Bay (South Africa),Indian East Coast (Paradip/Vizag/Gangavaram),4300,2156,420.97,1,19.14
2021-06-10,Richards Bay (South Africa),Indian East Coast (Paradip/Vizag/Gangavaram),4300,2108,419.65,1,20.27
2021-06-11,Richards Bay (South Africa),Indian East Coast (Paradip/Vizag/Gangavaram),4300,2074,419.65,1,19.21
2021-06-12,Richards Bay (South Africa),Indian East Coast (Paradip/Vizag/Gangavaram),4300,2199,417.02,1,19.14
2021-06-13,Richards Bay (South Africa),Indian East Coast (Paradip/Vizag/Gangavaram),4300,2157,414.27,1,19.07
2021-06-14,Richards Bay (South Africa),Indian East Coast (Paradip/Vizag/Gangavaram),4300,2208,410.02,1,19.78
2021-06-15,Richards Bay (South Africa),Indian East Coast (Paradip/Vizag/Gangavaram),4300,2161,410.53,1,20.3
2021-06-16,Richards Bay (South Africa),Indian East Coast (Paradip/Vizag/Gangavaram),4300,2216,411.45,1,19.86
2021-06-17,Richards Bay (South Africa),Indian East Coast (Paradip/Vizag/Gangavaram),4300,2240,411.51,1,21.24
2021-06-18,Richards Bay (South Africa),Indian East Coast (Paradip/Vizag/Gangavaram),4300,2232,413.57,1,18.91
2021-06-19,Richards Bay (South Africa),Indian East Coast (Paradip/Vizag/Gangavaram),4300,2231,413.23,1,20.04
2021-06-20,Richards Bay (South Africa),Indian East Coast (Paradip/Vizag/Gangavaram),4300,2197,413.72,1,19.67
2021-06-21,Richards Bay (South Africa),Indian East Coast (Paradip/Vizag/Gangavaram),4300,2224,413.96,1,20.72
2021-06-22,Richards Bay (South Africa),Indian East Coast (Paradip/Vizag/Gangavaram),4300,2200,413.13,1,19.71
2021-06-23,Richards Bay (South Africa),Indian East Coast (Paradip/Vizag/Gangavaram),4300,2135,411.09,1,18.7
2021-06-24,Richards Bay (South Africa),Indian East Coast (Paradip/Vizag/Gangavaram),4300,2069,416.52,1,19.41
2021-06-25,Richards Bay (South Africa),Indian East Coast (Paradip/Vizag/Gangavaram),4300,2085,414.69,1,18.77
2021-06-26,Richards Bay (South Africa),Indian East Coast (Paradip/Vizag/Gangavaram),4300,2178,412.28,1,18.95
2021-06-27,Richards Bay (South Africa),Indian East Coast (Paradip/Vizag/Gangavaram),4300,2189,412.86,1,19.04
2021-06-28,Richards Bay (South Africa),Indian East Coast (Paradip/Vizag/Gangavaram),4300,2185,412.93,1,17.32
2021-06-29,Richards Bay (South Africa),Indian East Coast (Paradip/Vizag/Gangavaram),4300,2202,408.5,1,17.87
2021-06-30,Richards Bay (South Africa),Indian East Coast (Paradip/Vizag/Gangavaram),4300,2275,410.93,1,20.39
2021-07-01,Richards Bay (South Africa),Indian East Coast (Paradip/Vizag/Gangavaram),4300,2286,410.06,1,18.98
2021-07-02,Richards Bay (South Africa),Indian East Coast (Paradip/Vizag/Gangavaram),4300,2262,406.41,1,21.62
2021-07-03,Richards Bay (South Africa),Indian East Coast (Paradip/Vizag/Gangavaram),4300,2321,409.02,1,20.72
2021-07-04,Richards Bay (South Africa),Indian East Coast (Paradip/Vizag/Gangavaram),4300,2341,410.09,1,20.76
2021-07-05,Richards Bay (South Africa),Indian East Coast (Paradip/Vizag/Gangavaram),4300,2422,406.01,1,19.52
2021-07-06,Richards Bay (South Africa),Indian East Coast (Paradip/Vizag/Gangavaram),4300,2425,410.21,1,21.43
2021-07-07,Richards Bay (South Africa),Indian East Coast (Paradip/Vizag/Gangavaram),4300,2350,411.36,1,22.94
2021-07-08,Richards Bay (South Africa),Indian East Coast (Paradip/Vizag/Gangavaram),4300,2270,410.68,1,21.7
2021-07-09,Richards Bay (South Africa),Indian East Coast (Paradip/Vizag/Gangavaram),4300,2358,414.36,1,23.0
2021-07-10,Richards Bay (South Africa),Indian East Coast (Paradip/Vizag/Gangavaram),4300,2448,414.14,1,21.99
2021-07-11,Richards Bay (South Africa),Indian East Coast (Paradip/Vizag/Gangavaram),4300,2429,413.41,1,21.94
2021-07-12,Richards Bay (South Africa),Indian East Coast (Paradip/Vizag/Gangavaram),4300,2400,410.95,1,21.65
2021-07-13,Richards Bay (South Africa),Indian East Coast (Paradip/Vizag/Gangavaram),4300,2473,411.87,1,24.74
2021-07-14,Richards Bay (South Africa),Indian East Coast (Paradip/Vizag/Gangavaram),4300,2402,412.5,1,25.03
2021-07-15,Richards Bay (South Africa),Indian East Coast (Paradip/Vizag/Gangavaram),4300,2345,411.88,1,24.74
2021-07-16,Richards Bay (South Africa),Indian East Coast (Paradip/Vizag/Gangavaram),4300,2374,409.05,1,24.83
2021-07-17,Richards Bay (South Africa),Indian East Coast (Paradip/Vizag/Gangavaram),4300,2346,408.73,1,24.75
2021-07-18,Richards Bay (South Africa),Indian East Coast (Paradip/Vizag/Gangavaram),4300,2339,407.86,1,24.18
2021-07-19,Richards Bay (South Africa),Indian East Coast (Paradip/Vizag/Gangavaram),4300,2324,403.56,1,23.98
2021-07-20,Richards Bay (South Africa),Indian East Coast (Paradip/Vizag/Gangavaram),4300,2337,398.87,1,24.55
2021-07-21,Richards Bay (South Africa),Indian East Coast (Paradip/Vizag/Gangavaram),4300,2408,399.72,1,22.68
2021-07-22,Richards Bay (South Africa),Indian East Coast (Paradip/Vizag/Gangavaram),4300,2404,391.95,1,23.14
2021-07-23,Richards Bay (South Africa),Indian East Coast (Paradip/Vizag/Gangavaram),4300,2430,391.81,1,24.09
2021-07-24,Richards Bay (South Africa),Indian East Coast (Paradip/Vizag/Gangavaram),4300,2307,389.82,1,23.82
2021-07-25,Richards Bay (South Africa),Indian East Coast (Paradip/Vizag/Gangavaram),4300,2299,392.68,1,25.04
2021-07-26,Richards Bay (South Africa),Indian East Coast (Paradip/Vizag/Gangavaram),4300,2246,390.63,1,22.44
2021-07-27,Richards Bay (South Africa),Indian East Coast (Paradip/Vizag/Gangavaram),4300,2175,391.72,1,22.0
2021-07-28,Richards Bay (South Africa),Indian East Coast (Paradip/Vizag/Gangavaram),4300,2125,389.93,1,21.0
2021-07-29,Richards Bay (South Africa),Indian East Coast (Paradip/Vizag/Gangavaram),4300,2106,389.53,1,21.98
2021-07-30,Richards Bay (South Africa),Indian East Coast (Paradip/Vizag/Gangavaram),4300,2157,390.82,1,20.68
2021-07-31,Richards Bay (South Africa),Indian East Coast (Paradip/Vizag/Gangavaram),4300,2082,388.85,1,20.55
2021-08-01,Richards Bay (South Africa),Indian East Coast (Paradip/Vizag/Gangavaram),4300,2085,390.84,1,20.45
2021-08-02,Richards Bay (South Africa),Indian East Coast (Paradip/Vizag/Gangavaram),4300,2059,387.42,1,19.44
2021-08-03,Richards Bay (South Africa),Indian East Coast (Paradip/Vizag/Gangavaram),4300,2042,387.49,1,19.22
2021-08-04,Richards Bay (South Africa),Indian East Coast (Paradip/Vizag/Gangavaram),4300,2099,389.28,1,19.67
2021-08-05,Richards Bay (South Africa),Indian East Coast (Paradip/Vizag/Gangavaram),4300,2128,390.34,1,17.72
2021-08-06,Richards Bay (South Africa),Indian East Coast (Paradip/Vizag/Gangavaram),4300,2199,394.82,1,20.14
2021-08-07,Richards Bay (South Africa),Indian East Coast (Paradip/Vizag/Gangavaram),4300,2187,392.01,1,19.72
2021-08-08,Richards Bay (South Africa),Indian East Coast (Paradip/Vizag/Gangavaram),4300,2144,387.53,1,17.69
2021-08-09,Richards Bay (South Africa),Indian East Coast (Paradip/Vizag/Gangavaram),4300,2129,384.08,1,20.35
2021-08-10,Richards Bay (South Africa),Indian East Coast (Paradip/Vizag/Gangavaram),4300,2140,385.14,1,18.55
2021-08-11,Richards Bay (South Africa),Indian East Coast (Paradip/Vizag/Gangavaram),4300,2146,385.75,1,19.95
2021-08-12,Richards Bay (South Africa),Indian East Coast (Paradip/Vizag/Gangavaram),4300,2083,385.28,1,19.27
2021-08-13,Richards Bay (South Africa),Indian East Coast (Paradip/Vizag/Gangavaram),4300,2087,381.48,1,17.55
2021-08-14,Richards Bay (South Africa),Indian East Coast (Paradip/Vizag/Gangavaram),4300,2097,382.82,1,17.85
2021-08-15,Richards Bay (South Africa),Indian East Coast (Paradip/Vizag/Gangavaram),4300,2234,378.73,1,18.46
2021-08-16,Richards Bay (South Africa),Indian East Coast (Paradip/Vizag/Gangavaram),4300,2329,381.13,1,19.87
2021-08-17,Richards Bay (South Africa),Indian East Coast (Paradip/Vizag/Gangavaram),4300,2272,388.15,1,19.83
2021-08-18,Richards Bay (South Africa),Indian East Coast (Paradip/Vizag/Gangavaram),4300,2247,388.39,1,18.72
2021-08-19,Richards Bay (South Africa),Indian East Coast (Paradip/Vizag/Gangavaram),4300,2158,389.21,1,19.15
2021-08-20,Richards Bay (South Africa),Indian East Coast (Paradip/Vizag/Gangavaram),4300,2120,387.11,1,16.77
2021-08-21,Richards Bay (South Africa),Indian East Coast (Paradip/Vizag/Gangavaram),4300,2133,381.42,1,18.45
2021-08-22,Richards Bay (South Africa),Indian East Coast (Paradip/Vizag/Gangavaram),4300,2194,379.02,1,19.6
2021-08-23,Richards Bay (South Africa),Indian East Coast (Paradip/Vizag/Gangavaram),4300,2147,375.28,1,17.6
2021-08-24,Richards Bay (South Africa),Indian East Coast (Paradip/Vizag/Gangavaram),4300,2105,370.57,1,18.17
2021-08-25,Richards Bay (South Africa),Indian East Coast (Paradip/Vizag/Gangavaram),4300,1982,374.49,1,17.25
2021-08-26,Richards Bay (South Africa),Indian East Coast (Paradip/Vizag/Gangavaram),4300,1973,374.45,1,16.27
2021-08-27,Richards Bay (South Africa),Indian East Coast (Paradip/Vizag/Gangavaram),4300,1914,374.71,1,17.43
2021-08-28,Richards Bay (South Africa),Indian East Coast (Paradip/Vizag/Gangavaram),4300,1886,373.1,1,18.97
2021-08-29,Richards Bay (South Africa),Indian East Coast (Paradip/Vizag/Gangavaram),4300,1840,371.85,1,17.16
2021-08-30,Richards Bay (South Africa),Indian East Coast (Paradip/Vizag/Gangavaram),4300,1839,373.69,1,17.6
2021-08-31,Richards Bay (South Africa),Indian East Coast (Paradip/Vizag/Gangavaram),4300,1746,372.83,1,15.28
2021-09-01,Richards Bay (South Africa),Indian East Coast (Paradip/Vizag/Gangavaram),4300,1671,373.49,1,15.72
2021-09-02,Richards Bay (South Africa),Indian East Coast (Paradip/Vizag/Gangavaram),4300,1799,372.17,1,17.18
2021-09-03,Richards Bay (South Africa),Indian East Coast (Paradip/Vizag/Gangavaram),4300,1738,370.45,1,17.26
2021-09-04,Richards Bay (South Africa),Indian East Coast (Paradip/Vizag/Gangavaram),4300,1691,365.84,1,15.37
2021-09-05,Richards Bay (South Africa),Indian East Coast (Paradip/Vizag/Gangavaram),4300,1813,359.67,1,17.17
2021-09-06,Richards Bay (South Africa),Indian East Coast (Paradip/Vizag/Gangavaram),4300,1996,358.17,1,18.17
2021-09-07,Richards Bay (South Africa),Indian East Coast (Paradip/Vizag/Gangavaram),4300,1948,357.54,1,16.91
2021-09-08,Richards Bay (South Africa),Indian East Coast (Paradip/Vizag/Gangavaram),4300,1949,353.25,1,16.64
2021-09-09,Richards Bay (South Africa),Indian East Coast (Paradip/Vizag/Gangavaram),4300,1995,352.36,1,17.83
2021-09-10,Richards Bay (South Africa),Indian East Coast (Paradip/Vizag/Gangavaram),4300,2125,351.72,1,18.21
2021-09-11,Richards Bay (South Africa),Indian East Coast (Paradip/Vizag/Gangavaram),4300,2094,345.06,1,18.26
2021-09-12,Richards Bay (South Africa),Indian East Coast (Paradip/Vizag/Gangavaram),4300,2111,341.77,1,18.47
2021-09-13,Richards Bay (South Africa),Indian East Coast (Paradip/Vizag/Gangavaram),4300,2194,342.08,1,17.39
2021-09-14,Richards Bay (South Africa),Indian East Coast (Paradip/Vizag/Gangavaram),4300,2256,342.34,1,18.35
2021-09-15,Richards Bay (South Africa),Indian East Coast (Paradip/Vizag/Gangavaram),4300,2268,338.4,1,19.25
2021-09-16,Richards Bay (South Africa),Indian East Coast (Paradip/Vizag/Gangavaram),4300,2297,338.04,1,17.9
2021-09-17,Richards Bay (South Africa),Indian East Coast (Paradip/Vizag/Gangavaram),4300,2244,340.02,1,18.52
2021-09-18,Richards Bay (South Africa),Indian East Coast (Paradip/Vizag/Gangavaram),4300,2268,341.33,1,17.94
2021-09-19,Richards Bay (South Africa),Indian East Coast (Paradip/Vizag/Gangavaram),4300,2291,340.27,1,16.5
2021-09-20,Richards Bay (South Africa),Indian East Coast (Paradip/Vizag/Gangavaram),4300,2349,338.19,1,19.24
2021-09-21,Richards Bay (South Africa),Indian East Coast (Paradip/Vizag/Gangavaram),4300,2350,335.68,1,18.99
2021-09-22,Richards Bay (South Africa),Indian East Coast (Paradip/Vizag/Gangavaram),4300,2425,336.15,1,18.56
2021-09-23,Richards Bay (South Africa),Indian East Coast (Paradip/Vizag/Gangavaram),4300,2540,335.87,1,20.34
2021-09-24,Richards Bay (South Africa),Indian East Coast (Paradip/Vizag/Gangavaram),4300,2588,336.78,1,20.36
2021-09-25,Richards Bay (South Africa),Indian East Coast (Paradip/Vizag/Gangavaram),4300,2650,336.34,1,20.29
2021-09-26,Richards Bay (South Africa),Indian East Coast (Paradip/Vizag/Gangavaram),4300,2686,337.76,1,19.71
2021-09-27,Richards Bay (South Africa),Indian East Coast (Paradip/Vizag/Gangavaram),4300,2716,337.21,1,20.73
2021-09-28,Richards Bay (South Africa),Indian East Coast (Paradip/Vizag/Gangavaram),4300,2687,338.54,1,20.22
2021-09-29,Richards Bay (South Africa),Indian East Coast (Paradip/Vizag/Gangavaram),4300,2739,340.1,1,20.07
2021-09-30,Richards Bay (South Africa),Indian East Coast (Paradip/Vizag/Gangavaram),4300,2754,337.1,1,21.39
2021-10-01,Richards Bay (South Africa),Indian East Coast (Paradip/Vizag/Gangavaram),4300,2947,331.38,0,18.87
2021-10-02,Richards Bay (South Africa),Indian East Coast (Paradip/Vizag/Gangavaram),4300,3090,334.77,0,19.28
2021-10-03,Richards Bay (South Africa),Indian East Coast (Paradip/Vizag/Gangavaram),4300,3128,334.66,0,20.22
2021-10-04,Richards Bay (South Africa),Indian East Coast (Paradip/Vizag/Gangavaram),4300,3065,329.19,0,19.66
2021-10-05,Richards Bay (South Africa),Indian East Coast (Paradip/Vizag/Gangavaram),4300,2970,326.44,0,18.47
2021-10-06,Richards Bay (South Africa),Indian East Coast (Paradip/Vizag/Gangavaram),4300,3070,327.73,0,19.68
2021-10-07,Richards Bay (South Africa),Indian East Coast (Paradip/Vizag/Gangavaram),4300,3084,326.16,0,19.31
2021-10-08,Richards Bay (South Africa),Indian East Coast (Paradip/Vizag/Gangavaram),4300,3113,323.96,0,19.97
2021-10-09,Richards Bay (South Africa),Indian East Coast (Paradip/Vizag/Gangavaram),4300,2947,326.97,0,18.5
2021-10-10,Richards Bay (South Africa),Indian East Coast (Paradip/Vizag/Gangavaram),4300,3010,323.31,0,19.71
2021-10-11,Richards Bay (South Africa),Indian East Coast (Paradip/Vizag/Gangavaram),4300,3026,320.33,0,19.74
2021-10-12,Richards Bay (South Africa),Indian East Coast (Paradip/Vizag/Gangavaram),4300,2905,320.1,0,19.49
2021-10-13,Richards Bay (South Africa),Indian East Coast (Paradip/Vizag/Gangavaram),4300,2838,320.35,0,17.46
2021-10-14,Richards Bay (South Africa),Indian East Coast (Paradip/Vizag/Gangavaram),4300,2832,320.9,0,18.2
2021-10-15,Richards Bay (South Africa),Indian East Coast (Paradip/Vizag/Gangavaram),4300,2804,322.57,0,17.35
2021-10-16,Richards Bay (South Africa),Indian East Coast (Paradip/Vizag/Gangavaram),4300,2745,322.3,0,18.12
2021-10-17,Richards Bay (South Africa),Indian East Coast (Paradip/Vizag/Gangavaram),4300,2700,322.83,0,16.33
2021-10-18,Richards Bay (South Africa),Indian East Coast (Paradip/Vizag/Gangavaram),4300,2641,321.32,0,16.72
2021-10-19,Richards Bay (South Africa),Indian East Coast (Paradip/Vizag/Gangavaram),4300,2613,320.68,0,17.9
2021-10-20,Richards Bay (South Africa),Indian East Coast (Paradip/Vizag/Gangavaram),4300,2686,320.17,0,18.32
2021-10-21,Richards Bay (South Africa),Indian East Coast (Paradip/Vizag/Gangavaram),4300,2436,319.95,0,16.45
2021-10-22,Richards Bay (South Africa),Indian East Coast (Paradip/Vizag/Gangavaram),4300,2377,321.25,0,16.16
2021-10-23,Richards Bay (South Africa),Indian East Coast (Paradip/Vizag/Gangavaram),4300,2348,321.96,0,15.48
2021-10-24,Richards Bay (South Africa),Indian East Coast (Paradip/Vizag/Gangavaram),4300,2326,321.28,0,16.43
2021-10-25,Richards Bay (South Africa),Indian East Coast (Paradip/Vizag/Gangavaram),4300,2253,318.28,0,15.5
2021-10-26,Richards Bay (South Africa),Indian East Coast (Paradip/Vizag/Gangavaram),4300,2083,317.66,0,15.81
2021-10-27,Richards Bay (South Africa),Indian East Coast (Paradip/Vizag/Gangavaram),4300,2067,316.79,0,15.54
2021-10-28,Richards Bay (South Africa),Indian East Coast (Paradip/Vizag/Gangavaram),4300,2147,316.51,0,15.71
2021-10-29,Richards Bay (South Africa),Indian East Coast (Paradip/Vizag/Gangavaram),4300,1997,321.72,0,14.24
2021-10-30,Richards Bay (South Africa),Indian East Coast (Paradip/Vizag/Gangavaram),4300,2014,319.5,0,15.48
2021-10-31,Richards Bay (South Africa),Indian East Coast (Paradip/Vizag/Gangavaram),4300,1950,319.85,0,14.54
2021-11-01,Richards Bay (South Africa),Indian East Coast (Paradip/Vizag/Gangavaram),4300,1906,321.96,0,14.59
2021-11-02,Richards Bay (South Africa),Indian East Coast (Paradip/Vizag/Gangavaram),4300,1801,321.43,0,13.52
2021-11-03,Richards Bay (South Africa),Indian East Coast (Paradip/Vizag/Gangavaram),4300,1747,327.0,0,13.97
2021-11-04,Richards Bay (South Africa),Indian East Coast (Paradip/Vizag/Gangavaram),4300,1795,325.18,0,14.41
2021-11-05,Richards Bay (South Africa),Indian East Coast (Paradip/Vizag/Gangavaram),4300,1797,325.27,0,14.19
2021-11-06,Richards Bay (South Africa),Indian East Coast (Paradip/Vizag/Gangavaram),4300,1866,322.31,0,14.84
2021-11-07,Richards Bay (South Africa),Indian East Coast (Paradip/Vizag/Gangavaram),4300,1899,320.57,0,14.65
2021-11-08,Richards Bay (South Africa),Indian East Coast (Paradip/Vizag/Gangavaram),4300,1888,320.46,0,15.12
2021-11-09,Richards Bay (South Africa),Indian East Coast (Paradip/Vizag/Gangavaram),4300,1954,321.97,0,14.31
2021-11-10,Richards Bay (South Africa),Indian East Coast (Paradip/Vizag/Gangavaram),4300,1944,322.06,0,14.64
2021-11-11,Richards Bay (South Africa),Indian East Coast (Paradip/Vizag/Gangavaram),4300,1958,324.7,0,14.85
2021-11-12,Richards Bay (South Africa),Indian East Coast (Paradip/Vizag/Gangavaram),4300,1912,323.66,0,14.46
2021-11-13,Richards Bay (South Africa),Indian East Coast (Paradip/Vizag/Gangavaram),4300,1890,321.98,0,14.61
2021-11-14,Richards Bay (South Africa),Indian East Coast (Paradip/Vizag/Gangavaram),4300,1831,328.56,0,14.33
2021-11-15,Richards Bay (South Africa),Indian East Coast (Paradip/Vizag/Gangavaram),4300,1869,328.85,0,14.95
2021-11-16,Richards Bay (South Africa),Indian East Coast (Paradip/Vizag/Gangavaram),4300,1789,326.12,0,14.11
2021-11-17,Richards Bay (South Africa),Indian East Coast (Paradip/Vizag/Gangavaram),4300,1819,323.46,0,14.47
2021-11-18,Richards Bay (South Africa),Indian East Coast (Paradip/Vizag/Gangavaram),4300,1794,320.12,0,14.35
2021-11-19,Richards Bay (South Africa),Indian East Coast (Paradip/Vizag/Gangavaram),4300,1844,321.9,0,14.33
2021-11-20,Richards Bay (South Africa),Indian East Coast (Paradip/Vizag/Gangavaram),4300,1870,320.14,0,14.45
2021-11-21,Richards Bay (South Africa),Indian East Coast (Paradip/Vizag/Gangavaram),4300,1953,319.72,0,14.92
2021-11-22,Richards Bay (South Africa),Indian East Coast (Paradip/Vizag/Gangavaram),4300,1973,318.79,0,14.29
2021-11-23,Richards Bay (South Africa),Indian East Coast (Paradip/Vizag/Gangavaram),4300,1865,320.01,0,14.36
2021-11-24,Richards Bay (South Africa),Indian East Coast (Paradip/Vizag/Gangavaram),4300,1844,316.95,0,14.41
2021-11-25,Richards Bay (South Africa),Indian East Coast (Paradip/Vizag/Gangavaram),4300,1762,313.27,0,13.11
2021-11-26,Richards Bay (South Africa),Indian East Coast (Paradip/Vizag/Gangavaram),4300,1720,313.12,0,13.62
2021-11-27,Richards Bay (South Africa),Indian East Coast (Paradip/Vizag/Gangavaram),4300,1789,314.0,0,13.46
2021-11-28,Richards Bay (South Africa),Indian East Coast (Paradip/Vizag/Gangavaram),4300,1809,314.15,0,13.17
2021-11-29,Richards Bay (South Africa),Indian East Coast (Paradip/Vizag/Gangavaram),4300,1753,311.2,0,13.6
2021-11-30,Richards Bay (South Africa),Indian East Coast (Paradip/Vizag/Gangavaram),4300,1682,312.29,0,12.89
2021-12-01,Richards Bay (South Africa),Indian East Coast (Paradip/Vizag/Gangavaram),4300,1671,309.52,0,13.6
2021-12-02,Richards Bay (South Africa),Indian East Coast (Paradip/Vizag/Gangavaram),4300,1592,307.36,0,12.9
2021-12-03,Richards Bay (South Africa),Indian East Coast (Paradip/Vizag/Gangavaram),4300,1545,304.05,0,12.3
2021-12-04,Richards Bay (South Africa),Indian East Coast (Paradip/Vizag/Gangavaram),4300,1553,306.85,0,13.0
2021-12-05,Richards Bay (South Africa),Indian East Coast (Paradip/Vizag/Gangavaram),4300,1607,307.84,0,12.62
2021-12-06,Richards Bay (South Africa),Indian East Coast (Paradip/Vizag/Gangavaram),4300,1629,308.75,0,13.96
2021-12-07,Richards Bay (South Africa),Indian East Coast (Paradip/Vizag/Gangavaram),4300,1491,311.41,0,12.56
2021-12-08,Richards Bay (South Africa),Indian East Coast (Paradip/Vizag/Gangavaram),4300,1500,318.33,0,12.18
2021-12-09,Richards Bay (South Africa),Indian East Coast (Paradip/Vizag/Gangavaram),4300,1495,312.96,0,12.17
2021-12-10,Richards Bay (South Africa),Indian East Coast (Paradip/Vizag/Gangavaram),4300,1510,310.22,0,12.88
2021-12-11,Richards Bay (South Africa),Indian East Coast (Paradip/Vizag/Gangavaram),4300,1589,307.83,0,12.57
2021-12-12,Richards Bay (South Africa),Indian East Coast (Paradip/Vizag/Gangavaram),4300,1464,304.79,0,11.88
2021-12-13,Richards Bay (South Africa),Indian East Coast (Paradip/Vizag/Gangavaram),4300,1423,301.14,0,12.52
2021-12-14,Richards Bay (South Africa),Indian East Coast (Paradip/Vizag/Gangavaram),4300,1449,299.61,0,11.83
2021-12-15,Richards Bay (South Africa),Indian East Coast (Paradip/Vizag/Gangavaram),4300,1354,295.59,0,12.15
2021-12-16,Richards Bay (South Africa),Indian East Coast (Paradip/Vizag/Gangavaram),4300,1430,295.8,0,12.6
2021-12-17,Richards Bay (South Africa),Indian East Coast (Paradip/Vizag/Gangavaram),4300,1442,295.23,0,12.44
2021-12-18,Richards Bay (South Africa),Indian East Coast (Paradip/Vizag/Gangavaram),4300,1481,295.84,0,13.28
2021-12-19,Richards Bay (South Africa),Indian East Coast (Paradip/Vizag/Gangavaram),4300,1439,296.52,0,11.64
2021-12-20,Richards Bay (South Africa),Indian East Coast (Paradip/Vizag/Gangavaram),4300,1475,297.46,0,12.42
2021-12-21,Richards Bay (South Africa),Indian East Coast (Paradip/Vizag/Gangavaram),4300,1524,295.75,0,12.36
2021-12-22,Richards Bay (South Africa),Indian East Coast (Paradip/Vizag/Gangavaram),4300,1524,300.83,0,13.23
2021-12-23,Richards Bay (South Africa),Indian East Coast (Paradip/Vizag/Gangavaram),4300,1525,300.78,0,12.96
2021-12-24,Richards Bay (South Africa),Indian East Coast (Paradip/Vizag/Gangavaram),4300,1527,295.03,0,13.35
2021-12-25,Richards Bay (South Africa),Indian East Coast (Paradip/Vizag/Gangavaram),4300,1466,291.62,0,12.24
2021-12-26,Richards Bay (South Africa),Indian East Coast (Paradip/Vizag/Gangavaram),4300,1447,286.2,0,11.65
2021-12-27,Richards Bay (South Africa),Indian East Coast (Paradip/Vizag/Gangavaram),4300,1428,285.58,0,11.55
2021-12-28,Richards Bay (South Africa),Indian East Coast (Paradip/Vizag/Gangavaram),4300,1439,284.57,0,11.67
2021-12-29,Richards Bay (South Africa),Indian East Coast (Paradip/Vizag/Gangavaram),4300,1483,282.63,0,12.95
2021-12-30,Richards Bay (South Africa),Indian East Coast (Paradip/Vizag/Gangavaram),4300,1412,287.43,0,11.61
2021-12-31,Richards Bay (South Africa),Indian East Coast (Paradip/Vizag/Gangavaram),4300,1395,288.26,0,11.48
2022-01-01,Richards Bay (South Africa),Indian East Coast (Paradip/Vizag/Gangavaram),4300,1466,289.58,0,12.88
2022-01-02,Richards Bay (South Africa),Indian East Coast (Paradip/Vizag/Gangavaram),4300,1413,286.39,0,11.38
2022-01-03,Richards Bay (South Africa),Indian East Coast (Paradip/Vizag/Gangavaram),4300,1357,283.02,0,11.73
2022-01-04,Richards Bay (South Africa),Indian East Coast (Paradip/Vizag/Gangavaram),4300,1358,282.47,0,11.22
2022-01-05,Richards Bay (South Africa),Indian East Coast (Paradip/Vizag/Gangavaram),4300,1395,282.29,0,11.77
2022-01-06,Richards Bay (South Africa),Indian East Coast (Paradip/Vizag/Gangavaram),4300,1385,280.0,0,11.25
2022-01-07,Richards Bay (South Africa),Indian East Coast (Paradip/Vizag/Gangavaram),4300,1447,280.0,0,11.61
2022-01-08,Richards Bay (South Africa),Indian East Coast (Paradip/Vizag/Gangavaram),4300,1481,280.0,0,12.23
2022-01-09,Richards Bay (South Africa),Indian East Coast (Paradip/Vizag/Gangavaram),4300,1513,280.0,0,11.93
2022-01-10,Richards Bay (South Africa),Indian East Coast (Paradip/Vizag/Gangavaram),4300,1527,280.0,0,12.19
2022-01-11,Richards Bay (South Africa),Indian East Coast (Paradip/Vizag/Gangavaram),4300,1638,280.0,0,12.88
2022-01-12,Richards Bay (South Africa),Indian East Coast (Paradip/Vizag/Gangavaram),4300,1606,280.0,0,12.28
2022-01-13,Richards Bay (South Africa),Indian East Coast (Paradip/Vizag/Gangavaram),4300,1476,280.0,0,12.26
2022-01-14,Richards Bay (South Africa),Indian East Coast (Paradip/Vizag/Gangavaram),4300,1549,280.0,0,12.16
2022-01-15,Richards Bay (South Africa),Indian East Coast (Paradip/Vizag/Gangavaram),4300,1505,280.0,0,11.73
2022-01-16,Richards Bay (South Africa),Indian East Coast (Paradip/Vizag/Gangavaram),4300,1494,280.0,0,11.92
2022-01-17,Richards Bay (South Africa),Indian East Coast (Paradip/Vizag/Gangavaram),4300,1550,280.0,0,12.28
2022-01-18,Richards Bay (South Africa),Indian East Coast (Paradip/Vizag/Gangavaram),4300,1442,280.0,0,12.38
2022-01-19,Richards Bay (South Africa),Indian East Coast (Paradip/Vizag/Gangavaram),4300,1358,280.0,0,11.59
2022-01-20,Richards Bay (South Africa),Indian East Coast (Paradip/Vizag/Gangavaram),4300,1258,280.0,0,10.74
2022-01-21,Richards Bay (South Africa),Indian East Coast (Paradip/Vizag/Gangavaram),4300,1205,280.0,0,11.17
2022-01-22,Richards Bay (South Africa),Indian East Coast (Paradip/Vizag/Gangavaram),4300,1221,280.0,0,10.51
2022-01-23,Richards Bay (South Africa),Indian East Coast (Paradip/Vizag/Gangavaram),4300,1241,280.0,0,11.31
2022-01-24,Richards Bay (South Africa),Indian East Coast (Paradip/Vizag/Gangavaram),4300,1247,280.0,0,10.72
2022-01-25,Richards Bay (South Africa),Indian East Coast (Paradip/Vizag/Gangavaram),4300,1160,280.0,0,11.17
2022-01-26,Richards Bay (South Africa),Indian East Coast (Paradip/Vizag/Gangavaram),4300,1026,280.0,0,9.87
2022-01-27,Richards Bay (South Africa),Indian East Coast (Paradip/Vizag/Gangavaram),4300,1027,280.0,0,10.54
2022-01-28,Richards Bay (South Africa),Indian East Coast (Paradip/Vizag/Gangavaram),4300,998,280.0,0,9.91
2022-01-29,Richards Bay (South Africa),Indian East Coast (Paradip/Vizag/Gangavaram),4300,1022,280.0,0,10.15
2022-01-30,Richards Bay (South Africa),Indian East Coast (Paradip/Vizag/Gangavaram),4300,1057,280.0,0,10.92
2022-01-31,Richards Bay (South Africa),Indian East Coast (Paradip/Vizag/Gangavaram),4300,1061,280.0,0,10.43
2022-02-01,Richards Bay (South Africa),Indian East Coast (Paradip/Vizag/Gangavaram),4300,1098,280.0,0,11.26
2022-02-02,Richards Bay (South Africa),Indian East Coast (Paradip/Vizag/Gangavaram),4300,1105,280.0,0,10.15
2022-02-03,Richards Bay (South Africa),Indian East Coast (Paradip/Vizag/Gangavaram),4300,1127,280.0,0,10.64
2022-02-04,Richards Bay (South Africa),Indian East Coast (Paradip/Vizag/Gangavaram),4300,1081,280.0,0,10.97
2022-02-05,Richards Bay (South Africa),Indian East Coast (Paradip/Vizag/Gangavaram),4300,1065,280.0,0,10.05
2022-02-06,Richards Bay (South Africa),Indian East Coast (Paradip/Vizag/Gangavaram),4300,1071,280.0,0,9.78
2022-02-07,Richards Bay (South Africa),Indian East Coast (Paradip/Vizag/Gangavaram),4300,1110,280.0,0,10.32
2022-02-08,Richards Bay (South Africa),Indian East Coast (Paradip/Vizag/Gangavaram),4300,1081,280.0,0,10.7
2022-02-09,Richards Bay (South Africa),Indian East Coast (Paradip/Vizag/Gangavaram),4300,1103,280.0,0,10.17
2022-02-10,Richards Bay (South Africa),Indian East Coast (Paradip/Vizag/Gangavaram),4300,1081,280.0,0,10.57
2022-02-11,Richards Bay (South Africa),Indian East Coast (Paradip/Vizag/Gangavaram),4300,1067,280.0,0,10.64
2022-02-12,Richards Bay (South Africa),Indian East Coast (Paradip/Vizag/Gangavaram),4300,1106,280.0,0,10.87
2022-02-13,Richards Bay (South Africa),Indian East Coast (Paradip/Vizag/Gangavaram),4300,988,280.0,0,10.08
2022-02-14,Richards Bay (South Africa),Indian East Coast (Paradip/Vizag/Gangavaram),4300,913,280.0,0,9.46
2022-02-15,Richards Bay (South Africa),Indian East Coast (Paradip/Vizag/Gangavaram),4300,829,280.0,0,9.82
2022-02-16,Richards Bay (South Africa),Indian East Coast (Paradip/Vizag/Gangavaram),4300,702,280.0,0,9.01
2022-02-17,Richards Bay (South Africa),Indian East Coast (Paradip/Vizag/Gangavaram),4300,670,280.0,0,8.64
2022-02-18,Richards Bay (South Africa),Indian East Coast (Paradip/Vizag/Gangavaram),4300,718,280.0,0,8.46
2022-02-19,Richards Bay (South Africa),Indian East Coast (Paradip/Vizag/Gangavaram),4300,706,280.0,0,8.58
2022-02-20,Richards Bay (South Africa),Indian East Coast (Paradip/Vizag/Gangavaram),4300,722,280.0,0,8.84
2022-02-21,Richards Bay (South Africa),Indian East Coast (Paradip/Vizag/Gangavaram),4300,786,280.0,0,9.39
2022-02-22,Richards Bay (South Africa),Indian East Coast (Paradip/Vizag/Gangavaram),4300,860,280.0,0,9.08
2022-02-23,Richards Bay (South Africa),Indian East Coast (Paradip/Vizag/Gangavaram),4300,855,280.0,0,9.49
2022-02-24,Richards Bay (South Africa),Indian East Coast (Paradip/Vizag/Gangavaram),4300,929,280.0,0,9.81
2022-02-25,Richards Bay (South Africa),Indian East Coast (Paradip/Vizag/Gangavaram),4300,930,280.0,0,10.12
2022-02-26,Richards Bay (South Africa),Indian East Coast (Paradip/Vizag/Gangavaram),4300,880,280.0,0,9.98
2022-02-27,Richards Bay (South Africa),Indian East Coast (Paradip/Vizag/Gangavaram),4300,846,280.0,0,9.4
2022-02-28,Richards Bay (South Africa),Indian East Coast (Paradip/Vizag/Gangavaram),4300,764,280.0,0,8.78
2022-03-01,Richards Bay (South Africa),Indian East Coast (Paradip/Vizag/Gangavaram),4300,718,280.0,0,8.24
2022-03-02,Richards Bay (South Africa),Indian East Coast (Paradip/Vizag/Gangavaram),4300,702,280.0,0,8.94
2022-03-03,Richards Bay (South Africa),Indian East Coast (Paradip/Vizag/Gangavaram),4300,752,280.0,0,8.61
2022-03-04,Richards Bay (South Africa),Indian East Coast (Paradip/Vizag/Gangavaram),4300,851,280.0,0,9.82
2022-03-05,Richards Bay (South Africa),Indian East Coast (Paradip/Vizag/Gangavaram),4300,775,280.0,0,9.55
2022-03-06,Richards Bay (South Africa),Indian East Coast (Paradip/Vizag/Gangavaram),4300,800,280.0,0,8.96
2022-03-07,Richards Bay (South Africa),Indian East Coast (Paradip/Vizag/Gangavaram),4300,744,280.0,0,8.89
2022-03-08,Richards Bay (South Africa),Indian East Coast (Paradip/Vizag/Gangavaram),4300,776,280.0,0,9.72
2022-03-09,Richards Bay (South Africa),Indian East Coast (Paradip/Vizag/Gangavaram),4300,772,280.0,0,9.14
2022-03-10,Richards Bay (South Africa),Indian East Coast (Paradip/Vizag/Gangavaram),4300,672,280.0,0,7.96
2022-03-11,Richards Bay (South Africa),Indian East Coast (Paradip/Vizag/Gangavaram),4300,733,280.0,0,8.6
2022-03-12,Richards Bay (South Africa),Indian East Coast (Paradip/Vizag/Gangavaram),4300,704,280.0,0,8.62
2022-03-13,Richards Bay (South Africa),Indian East Coast (Paradip/Vizag/Gangavaram),4300,679,280.0,0,8.85
2022-03-14,Richards Bay (South Africa),Indian East Coast (Paradip/Vizag/Gangavaram),4300,625,280.0,0,8.52
2022-03-15,Richards Bay (South Africa),Indian East Coast (Paradip/Vizag/Gangavaram),4300,596,280.0,0,7.56
2022-03-16,Richards Bay (South Africa),Indian East Coast (Paradip/Vizag/Gangavaram),4300,632,280.0,0,8.23
2022-03-17,Richards Bay (South Africa),Indian East Coast (Paradip/Vizag/Gangavaram),4300,630,280.0,0,8.82
2022-03-18,Richards Bay (South Africa),Indian East Coast (Paradip/Vizag/Gangavaram),4300,659,280.0,0,8.74
2022-03-19,Richards Bay (South Africa),Indian East Coast (Paradip/Vizag/Gangavaram),4300,690,280.0,0,8.95
2022-03-20,Richards Bay (South Africa),Indian East Coast (Paradip/Vizag/Gangavaram),4300,778,280.0,0,9.06
2022-03-21,Richards Bay (South Africa),Indian East Coast (Paradip/Vizag/Gangavaram),4300,763,280.0,0,8.41
2022-03-22,Richards Bay (South Africa),Indian East Coast (Paradip/Vizag/Gangavaram),4300,679,280.0,0,8.52
2022-03-23,Richards Bay (South Africa),Indian East Coast (Paradip/Vizag/Gangavaram),4300,753,280.0,0,9.08
2022-03-24,Richards Bay (South Africa),Indian East Coast (Paradip/Vizag/Gangavaram),4300,740,280.0,0,9.06
2022-03-25,Richards Bay (South Africa),Indian East Coast (Paradip/Vizag/Gangavaram),4300,816,280.0,0,9.39
2022-03-26,Richards Bay (South Africa),Indian East Coast (Paradip/Vizag/Gangavaram),4300,846,280.0,0,9.27
2022-03-27,Richards Bay (South Africa),Indian East Coast (Paradip/Vizag/Gangavaram),4300,842,280.0,0,9.83
2022-03-28,Richards Bay (South Africa),Indian East Coast (Paradip/Vizag/Gangavaram),4300,869,280.0,0,9.45
2022-03-29,Richards Bay (South Africa),Indian East Coast (Paradip/Vizag/Gangavaram),4300,997,280.0,0,9.69
2022-03-30,Richards Bay (South Africa),Indian East Coast (Paradip/Vizag/Gangavaram),4300,1131,280.0,0,10.67
2022-03-31,Richards Bay (South Africa),Indian East Coast (Paradip/Vizag/Gangavaram),4300,1131,280.0,0,10.7
2022-04-01,Richards Bay (South Africa),Indian East Coast (Paradip/Vizag/Gangavaram),4300,1138,280.0,0,10.6
2022-04-02,Richards Bay (South Africa),Indian East Coast (Paradip/Vizag/Gangavaram),4300,1205,280.0,0,10.51
2022-04-03,Richards Bay (South Africa),Indian East Coast (Paradip/Vizag/Gangavaram),4300,1143,280.0,0,10.82
2022-04-04,Richards Bay (South Africa),Indian East Coast (Paradip/Vizag/Gangavaram),4300,1161,280.0,0,10.73
2022-04-05,Richards Bay (South Africa),Indian East Coast (Paradip/Vizag/Gangavaram),4300,1155,280.0,0,10.58
2022-04-06,Richards Bay (South Africa),Indian East Coast (Paradip/Vizag/Gangavaram),4300,1172,280.0,0,10.87
2022-04-07,Richards Bay (South Africa),Indian East Coast (Paradip/Vizag/Gangavaram),4300,1111,280.0,0,10.58
2022-04-08,Richards Bay (South Africa),Indian East Coast (Paradip/Vizag/Gangavaram),4300,1000,285.4,0,9.61
2022-04-09,Richards Bay (South Africa),Indian East Coast (Paradip/Vizag/Gangavaram),4300,859,290.78,0,10.28
2022-04-10,Richards Bay (South Africa),Indian East Coast (Paradip/Vizag/Gangavaram),4300,787,289.26,0,9.34
2022-04-11,Richards Bay (South Africa),Indian East Coast (Paradip/Vizag/Gangavaram),4300,762,293.3,0,9.71
2022-04-12,Richards Bay (South Africa),Indian East Coast (Paradip/Vizag/Gangavaram),4300,749,299.27,0,9.28
2022-04-13,Richards Bay (South Africa),Indian East Coast (Paradip/Vizag/Gangavaram),4300,891,305.44,0,10.34
2022-04-14,Richards Bay (South Africa),Indian East Coast (Paradip/Vizag/Gangavaram),4300,971,307.22,0,9.98
2022-04-15,Richards Bay (South Africa),Indian East Coast (Paradip/Vizag/Gangavaram),4300,904,313.35,0,10.1
2022-04-16,Richards Bay (South Africa),Indian East Coast (Paradip/Vizag/Gangavaram),4300,931,318.87,0,10.41
2022-04-17,Richards Bay (South Africa),Indian East Coast (Paradip/Vizag/Gangavaram),4300,904,328.89,0,10.6
2022-04-18,Richards Bay (South Africa),Indian East Coast (Paradip/Vizag/Gangavaram),4300,887,329.9,0,10.3
2022-04-19,Richards Bay (South Africa),Indian East Coast (Paradip/Vizag/Gangavaram),4300,902,331.58,0,10.29
2022-04-20,Richards Bay (South Africa),Indian East Coast (Paradip/Vizag/Gangavaram),4300,948,333.83,0,10.57
2022-04-21,Richards Bay (South Africa),Indian East Coast (Paradip/Vizag/Gangavaram),4300,925,335.6,0,10.81
2022-04-22,Richards Bay (South Africa),Indian East Coast (Paradip/Vizag/Gangavaram),4300,1001,336.29,0,10.3
2022-04-23,Richards Bay (South Africa),Indian East Coast (Paradip/Vizag/Gangavaram),4300,918,331.89,0,10.4
2022-04-24,Richards Bay (South Africa),Indian East Coast (Paradip/Vizag/Gangavaram),4300,919,333.83,0,10.53
2022-04-25,Richards Bay (South Africa),Indian East Coast (Paradip/Vizag/Gangavaram),4300,1105,337.97,0,11.3
2022-04-26,Richards Bay (South Africa),Indian East Coast (Paradip/Vizag/Gangavaram),4300,1115,339.76,0,11.4
2022-04-27,Richards Bay (South Africa),Indian East Coast (Paradip/Vizag/Gangavaram),4300,1211,348.15,0,11.42
2022-04-28,Richards Bay (South Africa),Indian East Coast (Paradip/Vizag/Gangavaram),4300,1207,351.31,0,11.77
2022-04-29,Richards Bay (South Africa),Indian East Coast (Paradip/Vizag/Gangavaram),4300,1238,357.94,0,11.89
2022-04-30,Richards Bay (South Africa),Indian East Coast (Paradip/Vizag/Gangavaram),4300,1222,361.75,0,12.05
2022-05-01,Richards Bay (South Africa),Indian East Coast (Paradip/Vizag/Gangavaram),4300,1198,367.09,0,12.67
2022-05-02,Richards Bay (South Africa),Indian East Coast (Paradip/Vizag/Gangavaram),4300,1131,370.93,0,12.21
2022-05-03,Richards Bay (South Africa),Indian East Coast (Paradip/Vizag/Gangavaram),4300,1153,377.71,0,11.92
2022-05-04,Richards Bay (South Africa),Indian East Coast (Paradip/Vizag/Gangavaram),4300,1082,380.9,0,11.39
2022-05-05,Richards Bay (South Africa),Indian East Coast (Paradip/Vizag/Gangavaram),4300,1121,385.26,0,11.74
2022-05-06,Richards Bay (South Africa),Indian East Coast (Paradip/Vizag/Gangavaram),4300,1188,389.24,0,12.96
2022-05-07,Richards Bay (South Africa),Indian East Coast (Paradip/Vizag/Gangavaram),4300,1201,391.41,0,11.94
2022-05-08,Richards Bay (South Africa),Indian East Coast (Paradip/Vizag/Gangavaram),4300,1167,395.44,0,12.66
2022-05-09,Richards Bay (South Africa),Indian East Coast (Paradip/Vizag/Gangavaram),4300,1186,404.41,0,12.42
2022-05-10,Richards Bay (South Africa),Indian East Coast (Paradip/Vizag/Gangavaram),4300,1150,406.52,0,12.42
2022-05-11,Richards Bay (South Africa),Indian East Coast (Paradip/Vizag/Gangavaram),4300,1203,410.48,0,12.03
2022-05-12,Richards Bay (South Africa),Indian East Coast (Paradip/Vizag/Gangavaram),4300,1060,416.67,0,11.91
2022-05-13,Richards Bay (South Africa),Indian East Coast (Paradip/Vizag/Gangavaram),4300,1026,422.5,0,11.94
2022-05-14,Richards Bay (South Africa),Indian East Coast (Paradip/Vizag/Gangavaram),4300,880,425.21,0,11.09
2022-05-15,Richards Bay (South Africa),Indian East Coast (Paradip/Vizag/Gangavaram),4300,773,421.36,0,11.14
2022-05-16,Richards Bay (South Africa),Indian East Coast (Paradip/Vizag/Gangavaram),4300,866,425.34,0,11.02
2022-05-17,Richards Bay (South Africa),Indian East Coast (Paradip/Vizag/Gangavaram),4300,923,421.83,0,11.28
2022-05-18,Richards Bay (South Africa),Indian East Coast (Paradip/Vizag/Gangavaram),4300,868,428.3,0,11.53
2022-05-19,Richards Bay (South Africa),Indian East Coast (Paradip/Vizag/Gangavaram),4300,762,431.17,0,11.03
2022-05-20,Richards Bay (South Africa),Indian East Coast (Paradip/Vizag/Gangavaram),4300,563,436.25,0,10.11
2022-05-21,Richards Bay (South Africa),Indian East Coast (Paradip/Vizag/Gangavaram),4300,533,436.08,0,10.11
2022-05-22,Richards Bay (South Africa),Indian East Coast (Paradip/Vizag/Gangavaram),4300,702,434.08,0,10.32
2022-05-23,Richards Bay (South Africa),Indian East Coast (Paradip/Vizag/Gangavaram),4300,731,436.95,0,11.12
2022-05-24,Richards Bay (South Africa),Indian East Coast (Paradip/Vizag/Gangavaram),4300,694,438.95,0,10.78
2022-05-25,Richards Bay (South Africa),Indian East Coast (Paradip/Vizag/Gangavaram),4300,725,439.64,0,10.84
2022-05-26,Richards Bay (South Africa),Indian East Coast (Paradip/Vizag/Gangavaram),4300,623,441.82,0,10.13
2022-05-27,Richards Bay (South Africa),Indian East Coast (Paradip/Vizag/Gangavaram),4300,607,451.23,0,10.09
2022-05-28,Richards Bay (South Africa),Indian East Coast (Paradip/Vizag/Gangavaram),4300,617,455.3,0,10.0
2022-05-29,Richards Bay (South Africa),Indian East Coast (Paradip/Vizag/Gangavaram),4300,614,459.88,0,10.27
2022-05-30,Richards Bay (South Africa),Indian East Coast (Paradip/Vizag/Gangavaram),4300,667,463.83,0,11.38
2022-05-31,Richards Bay (South Africa),Indian East Coast (Paradip/Vizag/Gangavaram),4300,689,469.42,0,10.79
2022-06-01,Richards Bay (South Africa),Indian East Coast (Paradip/Vizag/Gangavaram),4300,730,470.4,1,12.26
2022-06-02,Richards Bay (South Africa),Indian East Coast (Paradip/Vizag/Gangavaram),4300,684,466.22,1,12.15
2022-06-03,Richards Bay (South Africa),Indian East Coast (Paradip/Vizag/Gangavaram),4300,739,467.04,1,12.97
2022-06-04,Richards Bay (South Africa),Indian East Coast (Paradip/Vizag/Gangavaram),4300,835,470.49,1,13.41
2022-06-05,Richards Bay (South Africa),Indian East Coast (Paradip/Vizag/Gangavaram),4300,769,469.01,1,13.06
2022-06-06,Richards Bay (South Africa),Indian East Coast (Paradip/Vizag/Gangavaram),4300,710,469.61,1,13.61
2022-06-07,Richards Bay (South Africa),Indian East Coast (Paradip/Vizag/Gangavaram),4300,788,468.71,1,13.61
2022-06-08,Richards Bay (South Africa),Indian East Coast (Paradip/Vizag/Gangavaram),4300,771,473.7,1,13.86
2022-06-09,Richards Bay (South Africa),Indian East Coast (Paradip/Vizag/Gangavaram),4300,848,476.55,1,12.7
2022-06-10,Richards Bay (South Africa),Indian East Coast (Paradip/Vizag/Gangavaram),4300,814,479.05,1,12.89
2022-06-11,Richards Bay (South Africa),Indian East Coast (Paradip/Vizag/Gangavaram),4300,892,481.38,1,14.49
2022-06-12,Richards Bay (South Africa),Indian East Coast (Paradip/Vizag/Gangavaram),4300,889,481.83,1,14.38
2022-06-13,Richards Bay (South Africa),Indian East Coast (Paradip/Vizag/Gangavaram),4300,894,482.82,1,14.66
2022-06-14,Richards Bay (South Africa),Indian East Coast (Paradip/Vizag/Gangavaram),4300,974,479.97,1,14.75
2022-06-15,Richards Bay (South Africa),Indian East Coast (Paradip/Vizag/Gangavaram),4300,940,474.3,1,14.68
2022-06-16,Richards Bay (South Africa),Indian East Coast (Paradip/Vizag/Gangavaram),4300,875,474.9,1,14.19
2022-06-17,Richards Bay (South Africa),Indian East Coast (Paradip/Vizag/Gangavaram),4300,840,475.88,1,13.39
2022-06-18,Richards Bay (South Africa),Indian East Coast (Paradip/Vizag/Gangavaram),4300,858,479.18,1,13.91
2022-06-19,Richards Bay (South Africa),Indian East Coast (Paradip/Vizag/Gangavaram),4300,762,483.37,1,13.19
2022-06-20,Richards Bay (South Africa),Indian East Coast (Paradip/Vizag/Gangavaram),4300,793,487.47,1,13.5
2022-06-21,Richards Bay (South Africa),Indian East Coast (Paradip/Vizag/Gangavaram),4300,757,484.5,1,12.83
2022-06-22,Richards Bay (South Africa),Indian East Coast (Paradip/Vizag/Gangavaram),4300,817,483.19,1,14.68
2022-06-23,Richards Bay (South Africa),Indian East Coast (Paradip/Vizag/Gangavaram),4300,678,484.06,1,12.95
2022-06-24,Richards Bay (South Africa),Indian East Coast (Paradip/Vizag/Gangavaram),4300,634,490.42,1,12.76
2022-06-25,Richards Bay (South Africa),Indian East Coast (Paradip/Vizag/Gangavaram),4300,542,493.84,1,13.2
2022-06-26,Richards Bay (South Africa),Indian East Coast (Paradip/Vizag/Gangavaram),4300,502,496.19,1,12.18
2022-06-27,Richards Bay (South Africa),Indian East Coast (Paradip/Vizag/Gangavaram),4300,522,494.35,1,11.49
2022-06-28,Richards Bay (South Africa),Indian East Coast (Paradip/Vizag/Gangavaram),4300,518,491.08,1,12.38
2022-06-29,Richards Bay (South Africa),Indian East Coast (Paradip/Vizag/Gangavaram),4300,511,492.27,1,11.75
2022-06-30,Richards Bay (South Africa),Indian East Coast (Paradip/Vizag/Gangavaram),4300,509,488.25,1,12.54
2022-07-01,Richards Bay (South Africa),Indian East Coast (Paradip/Vizag/Gangavaram),4300,528,486.48,1,12.76
2022-07-02,Richards Bay (South Africa),Indian East Coast (Paradip/Vizag/Gangavaram),4300,479,484.98,1,11.95
2022-07-03,Richards Bay (South Africa),Indian East Coast (Paradip/Vizag/Gangavaram),4300,526,488.03,1,12.18
2022-07-04,Richards Bay (South Africa),Indian East Coast (Paradip/Vizag/Gangavaram),4300,570,485.72,1,12.63
2022-07-05,Richards Bay (South Africa),Indian East Coast (Paradip/Vizag/Gangavaram),4300,596,477.65,1,12.85
2022-07-06,Richards Bay (South Africa),Indian East Coast (Paradip/Vizag/Gangavaram),4300,632,477.52,1,11.82
2022-07-07,Richards Bay (South Africa),Indian East Coast (Paradip/Vizag/Gangavaram),4300,652,474.05,1,12.96
2022-07-08,Richards Bay (South Africa),Indian East Coast (Paradip/Vizag/Gangavaram),4300,767,472.51,1,12.86
2022-07-09,Richards Bay (South Africa),Indian East Coast (Paradip/Vizag/Gangavaram),4300,761,470.56,1,13.55
2022-07-10,Richards Bay (South Africa),Indian East Coast (Paradip/Vizag/Gangavaram),4300,744,468.03,1,12.22
2022-07-11,Richards Bay (South Africa),Indian East Coast (Paradip/Vizag/Gangavaram),4300,702,468.33,1,12.53
2022-07-12,Richards Bay (South Africa),Indian East Coast (Paradip/Vizag/Gangavaram),4300,647,462.24,1,11.48
2022-07-13,Richards Bay (South Africa),Indian East Coast (Paradip/Vizag/Gangavaram),4300,582,458.86,1,11.91
2022-07-14,Richards Bay (South Africa),Indian East Coast (Paradip/Vizag/Gangavaram),4300,540,458.68,1,11.86
2022-07-15,Richards Bay (South Africa),Indian East Coast (Paradip/Vizag/Gangavaram),4300,544,454.91,1,11.71
2022-07-16,Richards Bay (South Africa),Indian East Coast (Paradip/Vizag/Gangavaram),4300,570,448.38,1,12.11
2022-07-17,Richards Bay (South Africa),Indian East Coast (Paradip/Vizag/Gangavaram),4300,579,447.99,1,11.58
2022-07-18,Richards Bay (South Africa),Indian East Coast (Paradip/Vizag/Gangavaram),4300,544,448.78,1,12.06
2022-07-19,Richards Bay (South Africa),Indian East Coast (Paradip/Vizag/Gangavaram),4300,602,446.35,1,11.87
2022-07-20,Richards Bay (South Africa),Indian East Coast (Paradip/Vizag/Gangavaram),4300,649,438.66,1,12.7
2022-07-21,Richards Bay (South Africa),Indian East Coast (Paradip/Vizag/Gangavaram),4300,645,438.18,1,12.58
2022-07-22,Richards Bay (South Africa),Indian East Coast (Paradip/Vizag/Gangavaram),4300,614,431.22,1,11.07
2022-07-23,Richards Bay (South Africa),Indian East Coast (Paradip/Vizag/Gangavaram),4300,650,429.57,1,11.94
2022-07-24,Richards Bay (South Africa),Indian East Coast (Paradip/Vizag/Gangavaram),4300,665,424.64,1,11.77
2022-07-25,Richards Bay (South Africa),Indian East Coast (Paradip/Vizag/Gangavaram),4300,590,418.92,1,12.2
2022-07-26,Richards Bay (South Africa),Indian East Coast (Paradip/Vizag/Gangavaram),4300,594,415.13,1,10.56
2022-07-27,Richards Bay (South Africa),Indian East Coast (Paradip/Vizag/Gangavaram),4300,616,412.01,1,11.89
2022-07-28,Richards Bay (South Africa),Indian East Coast (Paradip/Vizag/Gangavaram),4300,573,407.61,1,10.6
2022-07-29,Richards Bay (South Africa),Indian East Coast (Paradip/Vizag/Gangavaram),4300,592,406.54,1,12.32
2022-07-30,Richards Bay (South Africa),Indian East Coast (Paradip/Vizag/Gangavaram),4300,520,402.63,1,10.93
2022-07-31,Richards Bay (South Africa),Indian East Coast (Paradip/Vizag/Gangavaram),4300,604,402.59,1,11.58
2022-08-01,Richards Bay (South Africa),Indian East Coast (Paradip/Vizag/Gangavaram),4300,681,400.62,1,11.31
2022-08-02,Richards Bay (South Africa),Indian East Coast (Paradip/Vizag/Gangavaram),4300,672,395.98,1,11.71
2022-08-03,Richards Bay (South Africa),Indian East Coast (Paradip/Vizag/Gangavaram),4300,698,390.87,1,12.05
2022-08-04,Richards Bay (South Africa),Indian East Coast (Paradip/Vizag/Gangavaram),4300,570,383.63,1,10.85
2022-08-05,Richards Bay (South Africa),Indian East Coast (Paradip/Vizag/Gangavaram),4300,516,381.65,1,10.18
2022-08-06,Richards Bay (South Africa),Indian East Coast (Paradip/Vizag/Gangavaram),4300,512,377.91,1,9.72
2022-08-07,Richards Bay (South Africa),Indian East Coast (Paradip/Vizag/Gangavaram),4300,465,368.69,1,10.49
2022-08-08,Richards Bay (South Africa),Indian East Coast (Paradip/Vizag/Gangavaram),4300,518,364.46,1,11.02
2022-08-09,Richards Bay (South Africa),Indian East Coast (Paradip/Vizag/Gangavaram),4300,640,359.25,1,10.55
2022-08-10,Richards Bay (South Africa),Indian East Coast (Paradip/Vizag/Gangavaram),4300,583,360.78,1,10.83
2022-08-11,Richards Bay (South Africa),Indian East Coast (Paradip/Vizag/Gangavaram),4300,547,353.4,1,10.15
2022-08-12,Richards Bay (South Africa),Indian East Coast (Paradip/Vizag/Gangavaram),4300,572,346.75,1,10.11
2022-08-13,Richards Bay (South Africa),Indian East Coast (Paradip/Vizag/Gangavaram),4300,671,347.06,1,11.54
2022-08-14,Richards Bay (South Africa),Indian East Coast (Paradip/Vizag/Gangavaram),4300,611,348.06,1,10.82
2022-08-15,Richards Bay (South Africa),Indian East Coast (Paradip/Vizag/Gangavaram),4300,635,343.36,1,10.74
2022-08-16,Richards Bay (South Africa),Indian East Coast (Paradip/Vizag/Gangavaram),4300,744,339.0,1,11.14
2022-08-17,Richards Bay (South Africa),Indian East Coast (Paradip/Vizag/Gangavaram),4300,659,338.05,1,9.87
2022-08-18,Richards Bay (South Africa),Indian East Coast (Paradip/Vizag/Gangavaram),4300,597,329.14,1,10.68
2022-08-19,Richards Bay (South Africa),Indian East Coast (Paradip/Vizag/Gangavaram),4300,585,321.52,1,10.22
2022-08-20,Richards Bay (South Africa),Indian East Coast (Paradip/Vizag/Gangavaram),4300,568,318.24,1,10.09
2022-08-21,Richards Bay (South Africa),Indian East Coast (Paradip/Vizag/Gangavaram),4300,625,319.98,1,9.83
2022-08-22,Richards Bay (South Africa),Indian East Coast (Paradip/Vizag/Gangavaram),4300,649,316.35,1,10.23
2022-08-23,Richards Bay (South Africa),Indian East Coast (Paradip/Vizag/Gangavaram),4300,561,314.23,1,9.78
2022-08-24,Richards Bay (South Africa),Indian East Coast (Paradip/Vizag/Gangavaram),4300,603,314.97,1,10.23
2022-08-25,Richards Bay (South Africa),Indian East Coast (Paradip/Vizag/Gangavaram),4300,583,318.4,1,10.13
2022-08-26,Richards Bay (South Africa),Indian East Coast (Paradip/Vizag/Gangavaram),4300,666,314.58,1,10.88
2022-08-27,Richards Bay (South Africa),Indian East Coast (Paradip/Vizag/Gangavaram),4300,641,312.34,1,10.69
2022-08-28,Richards Bay (South Africa),Indian East Coast (Paradip/Vizag/Gangavaram),4300,617,315.16,1,10.28
2022-08-29,Richards Bay (South Africa),Indian East Coast (Paradip/Vizag/Gangavaram),4300,659,308.93,1,10.43
2022-08-30,Richards Bay (South Africa),Indian East Coast (Paradip/Vizag/Gangavaram),4300,712,309.71,1,10.04
2022-08-31,Richards Bay (South Africa),Indian East Coast (Paradip/Vizag/Gangavaram),4300,746,304.98,1,9.91
2022-09-01,Richards Bay (South Africa),Indian East Coast (Paradip/Vizag/Gangavaram),4300,662,303.37,1,9.62
2022-09-02,Richards Bay (South Africa),Indian East Coast (Paradip/Vizag/Gangavaram),4300,702,300.88,1,10.73
2022-09-03,Richards Bay (South Africa),Indian East Coast (Paradip/Vizag/Gangavaram),4300,656,296.52,1,10.54
2022-09-04,Richards Bay (South Africa),Indian East Coast (Paradip/Vizag/Gangavaram),4300,681,292.16,1,10.12
2022-09-05,Richards Bay (South Africa),Indian East Coast (Paradip/Vizag/Gangavaram),4300,614,291.3,1,10.04
2022-09-06,Richards Bay (South Africa),Indian East Coast (Paradip/Vizag/Gangavaram),4300,652,292.47,1,9.44
2022-09-07,Richards Bay (South Africa),Indian East Coast (Paradip/Vizag/Gangavaram),4300,620,290.66,1,10.28
2022-09-08,Richards Bay (South Africa),Indian East Coast (Paradip/Vizag/Gangavaram),4300,564,289.47,1,9.35
2022-09-09,Richards Bay (South Africa),Indian East Coast (Paradip/Vizag/Gangavaram),4300,619,289.72,1,10.93
2022-09-10,Richards Bay (South Africa),Indian East Coast (Paradip/Vizag/Gangavaram),4300,647,285.86,1,9.49
2022-09-11,Richards Bay (South Africa),Indian East Coast (Paradip/Vizag/Gangavaram),4300,627,286.74,1,10.59
2022-09-12,Richards Bay (South Africa),Indian East Coast (Paradip/Vizag/Gangavaram),4300,721,287.92,1,10.85
2022-09-13,Richards Bay (South Africa),Indian East Coast (Paradip/Vizag/Gangavaram),4300,709,294.03,1,10.26
2022-09-14,Richards Bay (South Africa),Indian East Coast (Paradip/Vizag/Gangavaram),4300,723,292.14,1,10.47
2022-09-15,Richards Bay (South Africa),Indian East Coast (Paradip/Vizag/Gangavaram),4300,749,290.1,1,10.41
2022-09-16,Richards Bay (South Africa),Indian East Coast (Paradip/Vizag/Gangavaram),4300,726,291.5,1,10.42
2022-09-17,Richards Bay (South Africa),Indian East Coast (Paradip/Vizag/Gangavaram),4300,765,293.12,1,10.67
2022-09-18,Richards Bay (South Africa),Indian East Coast (Paradip/Vizag/Gangavaram),4300,746,291.16,1,10.52
2022-09-19,Richards Bay (South Africa),Indian East Coast (Paradip/Vizag/Gangavaram),4300,736,289.64,1,10.66
2022-09-20,Richards Bay (South Africa),Indian East Coast (Paradip/Vizag/Gangavaram),4300,823,290.79,1,10.45
2022-09-21,Richards Bay (South Africa),Indian East Coast (Paradip/Vizag/Gangavaram),4300,775,288.31,1,10.29
2022-09-22,Richards Bay (South Africa),Indian East Coast (Paradip/Vizag/Gangavaram),4300,654,287.06,1,10.16
2022-09-23,Richards Bay (South Africa),Indian East Coast (Paradip/Vizag/Gangavaram),4300,759,287.27,1,10.28
2022-09-24,Richards Bay (South Africa),Indian East Coast (Paradip/Vizag/Gangavaram),4300,912,290.04,1,10.48
2022-09-25,Richards Bay (South Africa),Indian East Coast (Paradip/Vizag/Gangavaram),4300,897,288.56,1,11.68
2022-09-26,Richards Bay (South Africa),Indian East Coast (Paradip/Vizag/Gangavaram),4300,798,283.81,1,10.75
2022-09-27,Richards Bay (South Africa),Indian East Coast (Paradip/Vizag/Gangavaram),4300,793,280.0,1,9.74
2022-09-28,Richards Bay (South Africa),Indian East Coast (Paradip/Vizag/Gangavaram),4300,790,280.0,1,10.77
2022-09-29,Richards Bay (South Africa),Indian East Coast (Paradip/Vizag/Gangavaram),4300,792,280.0,1,10.61
2022-09-30,Richards Bay (South Africa),Indian East Coast (Paradip/Vizag/Gangavaram),4300,743,280.0,1,10.57
2022-10-01,Richards Bay (South Africa),Indian East Coast (Paradip/Vizag/Gangavaram),4300,790,280.0,0,9.2
2022-10-02,Richards Bay (South Africa),Indian East Coast (Paradip/Vizag/Gangavaram),4300,832,280.0,0,9.87
2022-10-03,Richards Bay (South Africa),Indian East Coast (Paradip/Vizag/Gangavaram),4300,762,280.0,0,9.06
2022-10-04,Richards Bay (South Africa),Indian East Coast (Paradip/Vizag/Gangavaram),4300,815,280.0,0,8.87
2022-10-05,Richards Bay (South Africa),Indian East Coast (Paradip/Vizag/Gangavaram),4300,941,280.0,0,10.31
2022-10-06,Richards Bay (South Africa),Indian East Coast (Paradip/Vizag/Gangavaram),4300,959,280.0,0,10.02
2022-10-07,Richards Bay (South Africa),Indian East Coast (Paradip/Vizag/Gangavaram),4300,949,280.0,0,10.1
2022-10-08,Richards Bay (South Africa),Indian East Coast (Paradip/Vizag/Gangavaram),4300,950,280.0,0,10.23
2022-10-09,Richards Bay (South Africa),Indian East Coast (Paradip/Vizag/Gangavaram),4300,993,280.0,0,10.9
2022-10-10,Richards Bay (South Africa),Indian East Coast (Paradip/Vizag/Gangavaram),4300,906,280.0,0,11.3
2022-10-11,Richards Bay (South Africa),Indian East Coast (Paradip/Vizag/Gangavaram),4300,927,280.0,0,11.39
2022-10-12,Richards Bay (South Africa),Indian East Coast (Paradip/Vizag/Gangavaram),4300,916,280.0,0,11.53
2022-10-13,Richards Bay (South Africa),Indian East Coast (Paradip/Vizag/Gangavaram),4300,1029,280.0,0,12.63
2022-10-14,Richards Bay (South Africa),Indian East Coast (Paradip/Vizag/Gangavaram),4300,1027,280.0,0,11.39
2022-10-15,Richards Bay (South Africa),Indian East Coast (Paradip/Vizag/Gangavaram),4300,1127,280.0,0,12.58
2022-10-16,Richards Bay (South Africa),Indian East Coast (Paradip/Vizag/Gangavaram),4300,1071,280.0,0,11.91
2022-10-17,Richards Bay (South Africa),Indian East Coast (Paradip/Vizag/Gangavaram),4300,1110,280.0,0,13.37
2022-10-18,Richards Bay (South Africa),Indian East Coast (Paradip/Vizag/Gangavaram),4300,1133,282.37,0,13.12
2022-10-19,Richards Bay (South Africa),Indian East Coast (Paradip/Vizag/Gangavaram),4300,1091,280.74,0,13.12
2022-10-20,Richards Bay (South Africa),Indian East Coast (Paradip/Vizag/Gangavaram),4300,1107,282.09,0,13.26
2022-10-21,Richards Bay (South Africa),Indian East Coast (Paradip/Vizag/Gangavaram),4300,1181,282.76,0,14.32
2022-10-22,Richards Bay (South Africa),Indian East Coast (Paradip/Vizag/Gangavaram),4300,1167,283.26,0,13.49
2022-10-23,Richards Bay (South Africa),Indian East Coast (Paradip/Vizag/Gangavaram),4300,1079,283.72,0,13.32
2022-10-24,Richards Bay (South Africa),Indian East Coast (Paradip/Vizag/Gangavaram),4300,1086,284.79,0,13.64
2022-10-25,Richards Bay (South Africa),Indian East Coast (Paradip/Vizag/Gangavaram),4300,1045,287.88,0,13.83
2022-10-26,Richards Bay (South Africa),Indian East Coast (Paradip/Vizag/Gangavaram),4300,1036,292.41,0,13.54
2022-10-27,Richards Bay (South Africa),Indian East Coast (Paradip/Vizag/Gangavaram),4300,1042,293.18,0,12.88
2022-10-28,Richards Bay (South Africa),Indian East Coast (Paradip/Vizag/Gangavaram),4300,959,296.19,0,12.2
2022-10-29,Richards Bay (South Africa),Indian East Coast (Paradip/Vizag/Gangavaram),4300,884,295.07,0,12.83
2022-10-30,Richards Bay (South Africa),Indian East Coast (Paradip/Vizag/Gangavaram),4300,927,297.94,0,12.35
2022-10-31,Richards Bay (South Africa),Indian East Coast (Paradip/Vizag/Gangavaram),4300,913,296.66,0,11.78
2022-11-01,Richards Bay (South Africa),Indian East Coast (Paradip/Vizag/Gangavaram),4300,788,300.43,0,10.69
2022-11-02,Richards Bay (South Africa),Indian East Coast (Paradip/Vizag/Gangavaram),4300,852,307.24,0,11.12
2022-11-03,Richards Bay (South Africa),Indian East Coast (Paradip/Vizag/Gangavaram),4300,886,307.71,0,11.3
2022-11-04,Richards Bay (South Africa),Indian East Coast (Paradip/Vizag/Gangavaram),4300,864,302.55,0,11.01
2022-11-05,Richards Bay (South Africa),Indian East Coast (Paradip/Vizag/Gangavaram),4300,810,301.86,0,10.53
2022-11-06,Richards Bay (South Africa),Indian East Coast (Paradip/Vizag/Gangavaram),4300,877,306.02,0,11.05
2022-11-07,Richards Bay (South Africa),Indian East Coast (Paradip/Vizag/Gangavaram),4300,915,308.33,0,10.68
2022-11-08,Richards Bay (South Africa),Indian East Coast (Paradip/Vizag/Gangavaram),4300,1064,309.82,0,12.54
2022-11-09,Richards Bay (South Africa),Indian East Coast (Paradip/Vizag/Gangavaram),4300,1100,313.38,0,10.89
2022-11-10,Richards Bay (South Africa),Indian East Coast (Paradip/Vizag/Gangavaram),4300,1133,315.51,0,11.35
2022-11-11,Richards Bay (South Africa),Indian East Coast (Paradip/Vizag/Gangavaram),4300,1134,319.64,0,11.32
2022-11-12,Richards Bay (South Africa),Indian East Coast (Paradip/Vizag/Gangavaram),4300,1190,322.97,0,11.47
2022-11-13,Richards Bay (South Africa),Indian East Coast (Paradip/Vizag/Gangavaram),4300,1234,327.93,0,12.11
2022-11-14,Richards Bay (South Africa),Indian East Coast (Paradip/Vizag/Gangavaram),4300,1311,329.73,0,12.52
2022-11-15,Richards Bay (South Africa),Indian East Coast (Paradip/Vizag/Gangavaram),4300,1288,333.01,0,12.25
2022-11-16,Richards Bay (South Africa),Indian East Coast (Paradip/Vizag/Gangavaram),4300,1270,333.01,0,12.63
2022-11-17,Richards Bay (South Africa),Indian East Coast (Paradip/Vizag/Gangavaram),4300,1251,332.2,0,11.14
2022-11-18,Richards Bay (South Africa),Indian East Coast (Paradip/Vizag/Gangavaram),4300,1303,337.67,0,11.86
2022-11-19,Richards Bay (South Africa),Indian East Coast (Paradip/Vizag/Gangavaram),4300,1392,339.09,0,13.17
2022-11-20,Richards Bay (South Africa),Indian East Coast (Paradip/Vizag/Gangavaram),4300,1371,342.12,0,12.94
2022-11-21,Richards Bay (South Africa),Indian East Coast (Paradip/Vizag/Gangavaram),4300,1353,343.29,0,12.46
2022-11-22,Richards Bay (South Africa),Indian East Coast (Paradip/Vizag/Gangavaram),4300,1376,342.53,0,13.09
2022-11-23,Richards Bay (South Africa),Indian East Coast (Paradip/Vizag/Gangavaram),4300,1367,343.4,0,12.0
2022-11-24,Richards Bay (South Africa),Indian East Coast (Paradip/Vizag/Gangavaram),4300,1425,348.15,0,13.03
2022-11-25,Richards Bay (South Africa),Indian East Coast (Paradip/Vizag/Gangavaram),4300,1306,350.5,0,12.62
2022-11-26,Richards Bay (South Africa),Indian East Coast (Paradip/Vizag/Gangavaram),4300,1269,346.69,0,11.92
2022-11-27,Richards Bay (South Africa),Indian East Coast (Paradip/Vizag/Gangavaram),4300,1235,346.95,0,12.75
2022-11-28,Richards Bay (South Africa),Indian East Coast (Paradip/Vizag/Gangavaram),4300,1119,352.64,0,11.35
2022-11-29,Richards Bay (South Africa),Indian East Coast (Paradip/Vizag/Gangavaram),4300,1082,352.91,0,10.79
2022-11-30,Richards Bay (South Africa),Indian East Coast (Paradip/Vizag/Gangavaram),4300,1049,348.86,0,11.21
2022-12-01,Richards Bay (South Africa),Indian East Coast (Paradip/Vizag/Gangavaram),4300,1056,354.86,0,11.03
2022-12-02,Richards Bay (South Africa),Indian East Coast (Paradip/Vizag/Gangavaram),4300,1136,357.56,0,11.95
2022-12-03,Richards Bay (South Africa),Indian East Coast (Paradip/Vizag/Gangavaram),4300,1139,358.23,0,12.09
2022-12-04,Richards Bay (South Africa),Indian East Coast (Paradip/Vizag/Gangavaram),4300,1098,358.07,0,11.43
2022-12-05,Richards Bay (South Africa),Indian East Coast (Paradip/Vizag/Gangavaram),4300,1113,361.87,0,12.08
2022-12-06,Richards Bay (South Africa),Indian East Coast (Paradip/Vizag/Gangavaram),4300,1188,361.25,0,12.04
2022-12-07,Richards Bay (South Africa),Indian East Coast (Paradip/Vizag/Gangavaram),4300,1150,365.23,0,11.45
2022-12-08,Richards Bay (South Africa),Indian East Coast (Paradip/Vizag/Gangavaram),4300,1117,367.56,0,11.74
2022-12-09,Richards Bay (South Africa),Indian East Coast (Paradip/Vizag/Gangavaram),4300,1166,369.08,0,12.14
2022-12-10,Richards Bay (South Africa),Indian East Coast (Paradip/Vizag/Gangavaram),4300,1170,370.34,0,11.85
2022-12-11,Richards Bay (South Africa),Indian East Coast (Paradip/Vizag/Gangavaram),4300,1223,370.72,0,12.11
2022-12-12,Richards Bay (South Africa),Indian East Coast (Paradip/Vizag/Gangavaram),4300,1237,374.43,0,12.45
2022-12-13,Richards Bay (South Africa),Indian East Coast (Paradip/Vizag/Gangavaram),4300,1291,372.94,0,12.1
2022-12-14,Richards Bay (South Africa),Indian East Coast (Paradip/Vizag/Gangavaram),4300,1247,369.39,0,11.53
2022-12-15,Richards Bay (South Africa),Indian East Coast (Paradip/Vizag/Gangavaram),4300,1261,371.92,0,12.28
2022-12-16,Richards Bay (South Africa),Indian East Coast (Paradip/Vizag/Gangavaram),4300,1265,374.5,0,12.13
2022-12-17,Richards Bay (South Africa),Indian East Coast (Paradip/Vizag/Gangavaram),4300,1213,376.67,0,11.81
2022-12-18,Richards Bay (South Africa),Indian East Coast (Paradip/Vizag/Gangavaram),4300,1144,378.64,0,11.35
2022-12-19,Richards Bay (South Africa),Indian East Coast (Paradip/Vizag/Gangavaram),4300,1201,378.64,0,11.69
2022-12-20,Richards Bay (South Africa),Indian East Coast (Paradip/Vizag/Gangavaram),4300,1200,381.64,0,12.31
2022-12-21,Richards Bay (South Africa),Indian East Coast (Paradip/Vizag/Gangavaram),4300,1162,382.39,0,12.0
2022-12-22,Richards Bay (South Africa),Indian East Coast (Paradip/Vizag/Gangavaram),4300,1176,381.93,0,12.04
2022-12-23,Richards Bay (South Africa),Indian East Coast (Paradip/Vizag/Gangavaram),4300,1258,381.95,0,11.83
2022-12-24,Richards Bay (South Africa),Indian East Coast (Paradip/Vizag/Gangavaram),4300,1149,388.31,0,11.94
2022-12-25,Richards Bay (South Africa),Indian East Coast (Paradip/Vizag/Gangavaram),4300,1088,384.46,0,11.63
2022-12-26,Richards Bay (South Africa),Indian East Coast (Paradip/Vizag/Gangavaram),4300,1060,386.68,0,11.99
2022-12-27,Richards Bay (South Africa),Indian East Coast (Paradip/Vizag/Gangavaram),4300,1165,382.98,0,12.55
2022-12-28,Richards Bay (South Africa),Indian East Coast (Paradip/Vizag/Gangavaram),4300,1202,383.56,0,12.74
2022-12-29,Richards Bay (South Africa),Indian East Coast (Paradip/Vizag/Gangavaram),4300,1264,383.25,0,12.11
2022-12-30,Richards Bay (South Africa),Indian East Coast (Paradip/Vizag/Gangavaram),4300,1219,378.44,0,11.45
2022-12-31,Richards Bay (South Africa),Indian East Coast (Paradip/Vizag/Gangavaram),4300,1178,380.37,0,12.09
2023-01-01,Richards Bay (South Africa),Indian East Coast (Paradip/Vizag/Gangavaram),4300,1224,380.2,0,13.05
2023-01-02,Richards Bay (South Africa),Indian East Coast (Paradip/Vizag/Gangavaram),4300,1247,375.36,0,12.28
2023-01-03,Richards Bay (South Africa),Indian East Coast (Paradip/Vizag/Gangavaram),4300,1297,378.51,0,12.4
2023-01-04,Richards Bay (South Africa),Indian East Coast (Paradip/Vizag/Gangavaram),4300,1305,383.28,0,12.83
2023-01-05,Richards Bay (South Africa),Indian East Coast (Paradip/Vizag/Gangavaram),4300,1338,388.2,0,13.68
2023-01-06,Richards Bay (South Africa),Indian East Coast (Paradip/Vizag/Gangavaram),4300,1364,390.05,0,13.05
2023-01-07,Richards Bay (South Africa),Indian East Coast (Paradip/Vizag/Gangavaram),4300,1423,391.04,0,13.09
2023-01-08,Richards Bay (South Africa),Indian East Coast (Paradip/Vizag/Gangavaram),4300,1482,395.52,0,12.85
2023-01-09,Richards Bay (South Africa),Indian East Coast (Paradip/Vizag/Gangavaram),4300,1405,400.96,0,13.6
2023-01-10,Richards Bay (South Africa),Indian East Coast (Paradip/Vizag/Gangavaram),4300,1297,404.91,0,13.49
2023-01-11,Richards Bay (South Africa),Indian East Coast (Paradip/Vizag/Gangavaram),4300,1372,403.21,0,13.56
2023-01-12,Richards Bay (South Africa),Indian East Coast (Paradip/Vizag/Gangavaram),4300,1455,404.62,0,14.2
2023-01-13,Richards Bay (South Africa),Indian East Coast (Paradip/Vizag/Gangavaram),4300,1413,406.68,0,13.3
2023-01-14,Richards Bay (South Africa),Indian East Coast (Paradip/Vizag/Gangavaram),4300,1327,402.62,0,12.71
2023-01-15,Richards Bay (South Africa),Indian East Coast (Paradip/Vizag/Gangavaram),4300,1352,404.76,0,13.72
2023-01-16,Richards Bay (South Africa),Indian East Coast (Paradip/Vizag/Gangavaram),4300,1422,411.81,0,13.71
2023-01-17,Richards Bay (South Africa),Indian East Coast (Paradip/Vizag/Gangavaram),4300,1537,414.41,0,12.89
2023-01-18,Richards Bay (South Africa),Indian East Coast (Paradip/Vizag/Gangavaram),4300,1579,419.28,0,14.43
2023-01-19,Richards Bay (South Africa),Indian East Coast (Paradip/Vizag/Gangavaram),4300,1570,420.64,0,13.85
2023-01-20,Richards Bay (South Africa),Indian East Coast (Paradip/Vizag/Gangavaram),4300,1533,421.3,0,14.68
2023-01-21,Richards Bay (South Africa),Indian East Coast (Paradip/Vizag/Gangavaram),4300,1547,423.19,0,14.58
2023-01-22,Richards Bay (South Africa),Indian East Coast (Paradip/Vizag/Gangavaram),4300,1544,421.83,0,13.22
2023-01-23,Richards Bay (South Africa),Indian East Coast (Paradip/Vizag/Gangavaram),4300,1501,420.07,0,14.08
2023-01-24,Richards Bay (South Africa),Indian East Coast (Paradip/Vizag/Gangavaram),4300,1629,424.37,0,15.13
2023-01-25,Richards Bay (South Africa),Indian East Coast (Paradip/Vizag/Gangavaram),4300,1739,428.95,0,15.1
2023-01-26,Richards Bay (South Africa),Indian East Coast (Paradip/Vizag/Gangavaram),4300,1809,427.11,0,15.8
2023-01-27,Richards Bay (South Africa),Indian East Coast (Paradip/Vizag/Gangavaram),4300,1763,430.6,0,16.0
2023-01-28,Richards Bay (South Africa),Indian East Coast (Paradip/Vizag/Gangavaram),4300,1817,431.21,0,15.98
2023-01-29,Richards Bay (South Africa),Indian East Coast (Paradip/Vizag/Gangavaram),4300,1858,432.99,0,15.8
2023-01-30,Richards Bay (South Africa),Indian East Coast (Paradip/Vizag/Gangavaram),4300,1886,435.09,0,16.31
2023-01-31,Richards Bay (South Africa),Indian East Coast (Paradip/Vizag/Gangavaram),4300,1958,438.64,0,17.34
2023-02-01,Richards Bay (South Africa),Indian East Coast (Paradip/Vizag/Gangavaram),4300,1994,439.71,0,16.87
2023-02-02,Richards Bay (South Africa),Indian East Coast (Paradip/Vizag/Gangavaram),4300,2034,444.39,0,16.71
2023-02-03,Richards Bay (South Africa),Indian East Coast (Paradip/Vizag/Gangavaram),4300,2068,446.08,0,16.68
2023-02-04,Richards Bay (South Africa),Indian East Coast (Paradip/Vizag/Gangavaram),4300,2085,448.62,0,17.35
2023-02-05,Richards Bay (South Africa),Indian East Coast (Paradip/Vizag/Gangavaram),4300,1984,447.19,0,16.72
2023-02-06,Richards Bay (South Africa),Indian East Coast (Paradip/Vizag/Gangavaram),4300,1990,453.9,0,17.36
2023-02-07,Richards Bay (South Africa),Indian East Coast (Paradip/Vizag/Gangavaram),4300,1960,456.02,0,16.02
2023-02-08,Richards Bay (South Africa),Indian East Coast (Paradip/Vizag/Gangavaram),4300,1892,458.79,0,16.71
2023-02-09,Richards Bay (South Africa),Indian East Coast (Paradip/Vizag/Gangavaram),4300,1989,455.25,0,16.23
2023-02-10,Richards Bay (South Africa),Indian East Coast (Paradip/Vizag/Gangavaram),4300,2086,453.85,0,15.77
2023-02-11,Richards Bay (South Africa),Indian East Coast (Paradip/Vizag/Gangavaram),4300,2159,458.05,0,17.07
2023-02-12,Richards Bay (South Africa),Indian East Coast (Paradip/Vizag/Gangavaram),4300,2169,459.66,0,17.03
2023-02-13,Richards Bay (South Africa),Indian East Coast (Paradip/Vizag/Gangavaram),4300,2240,455.28,0,17.57
2023-02-14,Richards Bay (South Africa),Indian East Coast (Paradip/Vizag/Gangavaram),4300,2234,458.93,0,17.77
2023-02-15,Richards Bay (South Africa),Indian East Coast (Paradip/Vizag/Gangavaram),4300,2239,458.28,0,17.45
2023-02-16,Richards Bay (South Africa),Indian East Coast (Paradip/Vizag/Gangavaram),4300,2173,462.94,0,18.47
2023-02-17,Richards Bay (South Africa),Indian East Coast (Paradip/Vizag/Gangavaram),4300,2191,463.52,0,18.09
2023-02-18,Richards Bay (South Africa),Indian East Coast (Paradip/Vizag/Gangavaram),4300,2191,464.89,0,17.89
2023-02-19,Richards Bay (South Africa),Indian East Coast (Paradip/Vizag/Gangavaram),4300,2115,468.92,0,17.6
2023-02-20,Richards Bay (South Africa),Indian East Coast (Paradip/Vizag/Gangavaram),4300,2112,467.29,0,17.28
2023-02-21,Richards Bay (South Africa),Indian East Coast (Paradip/Vizag/Gangavaram),4300,2107,465.4,0,17.69
2023-02-22,Richards Bay (South Africa),Indian East Coast (Paradip/Vizag/Gangavaram),4300,2205,465.68,0,17.84
2023-02-23,Richards Bay (South Africa),Indian East Coast (Paradip/Vizag/Gangavaram),4300,2251,468.74,0,17.72
2023-02-24,Richards Bay (South Africa),Indian East Coast (Paradip/Vizag/Gangavaram),4300,2246,465.92,0,16.96
2023-02-25,Richards Bay (South Africa),Indian East Coast (Paradip/Vizag/Gangavaram),4300,2255,462.19,0,16.76
2023-02-26,Richards Bay (South Africa),Indian East Coast (Paradip/Vizag/Gangavaram),4300,2253,465.23,0,18.04
2023-02-27,Richards Bay (South Africa),Indian East Coast (Paradip/Vizag/Gangavaram),4300,2237,464.39,0,17.53
2023-02-28,Richards Bay (South Africa),Indian East Coast (Paradip/Vizag/Gangavaram),4300,2174,464.12,0,17.04
2023-03-01,Richards Bay (South Africa),Indian East Coast (Paradip/Vizag/Gangavaram),4300,2164,459.86,0,17.2
2023-03-02,Richards Bay (South Africa),Indian East Coast (Paradip/Vizag/Gangavaram),4300,2122,458.81,0,17.76
2023-03-03,Richards Bay (South Africa),Indian East Coast (Paradip/Vizag/Gangavaram),4300,2054,459.58,0,16.17
2023-03-04,Richards Bay (South Africa),Indian East Coast (Paradip/Vizag/Gangavaram),4300,2086,462.89,0,17.05
2023-03-05,Richards Bay (South Africa),Indian East Coast (Paradip/Vizag/Gangavaram),4300,2109,461.58,0,16.68
2023-03-06,Richards Bay (South Africa),Indian East Coast (Paradip/Vizag/Gangavaram),4300,2013,466.87,0,16.25
2023-03-07,Richards Bay (South Africa),Indian East Coast (Paradip/Vizag/Gangavaram),4300,2011,465.79,0,16.32
2023-03-08,Richards Bay (South Africa),Indian East Coast (Paradip/Vizag/Gangavaram),4300,2071,464.71,0,17.02
2023-03-09,Richards Bay (South Africa),Indian East Coast (Paradip/Vizag/Gangavaram),4300,2133,469.66,0,17.7
2023-03-10,Richards Bay (South Africa),Indian East Coast (Paradip/Vizag/Gangavaram),4300,2191,471.01,0,17.87
2023-03-11,Richards Bay (South Africa),Indian East Coast (Paradip/Vizag/Gangavaram),4300,2192,470.28,0,17.13
2023-03-12,Richards Bay (South Africa),Indian East Coast (Paradip/Vizag/Gangavaram),4300,2146,470.62,0,18.1
2023-03-13,Richards Bay (South Africa),Indian East Coast (Paradip/Vizag/Gangavaram),4300,2087,475.06,0,17.47
2023-03-14,Richards Bay (South Africa),Indian East Coast (Paradip/Vizag/Gangavaram),4300,2110,479.81,0,16.76
2023-03-15,Richards Bay (South Africa),Indian East Coast (Paradip/Vizag/Gangavaram),4300,2134,478.35,0,18.03
2023-03-16,Richards Bay (South Africa),Indian East Coast (Paradip/Vizag/Gangavaram),4300,2207,478.99,0,18.55
2023-03-17,Richards Bay (South Africa),Indian East Coast (Paradip/Vizag/Gangavaram),4300,2267,479.98,0,17.64
2023-03-18,Richards Bay (South Africa),Indian East Coast (Paradip/Vizag/Gangavaram),4300,2258,478.05,0,18.1
2023-03-19,Richards Bay (South Africa),Indian East Coast (Paradip/Vizag/Gangavaram),4300,2188,478.64,0,17.74
2023-03-20,Richards Bay (South Africa),Indian East Coast (Paradip/Vizag/Gangavaram),4300,2171,479.4,0,17.88
2023-03-21,Richards Bay (South Africa),Indian East Coast (Paradip/Vizag/Gangavaram),4300,2185,483.24,0,18.17
2023-03-22,Richards Bay (South Africa),Indian East Coast (Paradip/Vizag/Gangavaram),4300,2175,487.26,0,17.53
2023-03-23,Richards Bay (South Africa),Indian East Coast (Paradip/Vizag/Gangavaram),4300,2145,487.1,0,16.52
2023-03-24,Richards Bay (South Africa),Indian East Coast (Paradip/Vizag/Gangavaram),4300,2162,487.25,0,18.23
2023-03-25,Richards Bay (South Africa),Indian East Coast (Paradip/Vizag/Gangavaram),4300,2136,489.78,0,17.93
2023-03-26,Richards Bay (South Africa),Indian East Coast (Paradip/Vizag/Gangavaram),4300,2105,488.91,0,18.3
2023-03-27,Richards Bay (South Africa),Indian East Coast (Paradip/Vizag/Gangavaram),4300,2127,491.23,0,17.85
2023-03-28,Richards Bay (South Africa),Indian East Coast (Paradip/Vizag/Gangavaram),4300,2109,491.71,0,17.37
2023-03-29,Richards Bay (South Africa),Indian East Coast (Paradip/Vizag/Gangavaram),4300,2127,489.79,0,18.17
2023-03-30,Richards Bay (South Africa),Indian East Coast (Paradip/Vizag/Gangavaram),4300,2147,487.89,0,17.82
2023-03-31,Richards Bay (South Africa),Indian East Coast (Paradip/Vizag/Gangavaram),4300,2088,492.54,0,17.34
2023-04-01,Richards Bay (South Africa),Indian East Coast (Paradip/Vizag/Gangavaram),4300,2067,492.81,0,17.57
2023-04-02,Richards Bay (South Africa),Indian East Coast (Paradip/Vizag/Gangavaram),4300,2153,497.98,0,18.79
2023-04-03,Richards Bay (South Africa),Indian East Coast (Paradip/Vizag/Gangavaram),4300,2093,497.27,0,17.18
2023-04-04,Richards Bay (South Africa),Indian East Coast (Paradip/Vizag/Gangavaram),4300,1982,498.76,0,16.62
2023-04-05,Richards Bay (South Africa),Indian East Coast (Paradip/Vizag/Gangavaram),4300,1890,505.96,0,16.2
2023-04-06,Richards Bay (South Africa),Indian East Coast (Paradip/Vizag/Gangavaram),4300,1905,503.76,0,16.72
2023-04-07,Richards Bay (South Africa),Indian East Coast (Paradip/Vizag/Gangavaram),4300,1920,499.28,0,16.41
2023-04-08,Richards Bay (South Africa),Indian East Coast (Paradip/Vizag/Gangavaram),4300,1926,503.46,0,16.55
2023-04-09,Richards Bay (South Africa),Indian East Coast (Paradip/Vizag/Gangavaram),4300,2005,501.89,0,17.05
2023-04-10,Richards Bay (South Africa),Indian East Coast (Paradip/Vizag/Gangavaram),4300,1868,502.5,0,17.16
2023-04-11,Richards Bay (South Africa),Indian East Coast (Paradip/Vizag/Gangavaram),4300,1904,501.57,0,16.32
2023-04-12,Richards Bay (South Africa),Indian East Coast (Paradip/Vizag/Gangavaram),4300,2003,502.97,0,16.44
2023-04-13,Richards Bay (South Africa),Indian East Coast (Paradip/Vizag/Gangavaram),4300,1951,501.04,0,17.4
2023-04-14,Richards Bay (South Africa),Indian East Coast (Paradip/Vizag/Gangavaram),4300,1942,501.2,0,16.16
2023-04-15,Richards Bay (South Africa),Indian East Coast (Paradip/Vizag/Gangavaram),4300,1913,503.08,0,17.78
2023-04-16,Richards Bay (South Africa),Indian East Coast (Paradip/Vizag/Gangavaram),4300,1878,500.98,0,17.27
2023-04-17,Richards Bay (South Africa),Indian East Coast (Paradip/Vizag/Gangavaram),4300,1874,499.72,0,16.38
2023-04-18,Richards Bay (South Africa),Indian East Coast (Paradip/Vizag/Gangavaram),4300,1968,499.42,0,17.9
2023-04-19,Richards Bay (South Africa),Indian East Coast (Paradip/Vizag/Gangavaram),4300,2081,496.16,0,17.48
2023-04-20,Richards Bay (South Africa),Indian East Coast (Paradip/Vizag/Gangavaram),4300,2070,495.65,0,18.34
2023-04-21,Richards Bay (South Africa),Indian East Coast (Paradip/Vizag/Gangavaram),4300,2183,496.6,0,17.63
2023-04-22,Richards Bay (South Africa),Indian East Coast (Paradip/Vizag/Gangavaram),4300,2190,496.13,0,16.54
2023-04-23,Richards Bay (South Africa),Indian East Coast (Paradip/Vizag/Gangavaram),4300,2291,496.01,0,18.8
2023-04-24,Richards Bay (South Africa),Indian East Coast (Paradip/Vizag/Gangavaram),4300,2286,496.57,0,19.01
2023-04-25,Richards Bay (South Africa),Indian East Coast (Paradip/Vizag/Gangavaram),4300,2295,495.4,0,18.9
2023-04-26,Richards Bay (South Africa),Indian East Coast (Paradip/Vizag/Gangavaram),4300,2316,497.89,0,18.39
2023-04-27,Richards Bay (South Africa),Indian East Coast (Paradip/Vizag/Gangavaram),4300,2491,502.39,0,19.07
2023-04-28,Richards Bay (South Africa),Indian East Coast (Paradip/Vizag/Gangavaram),4300,2532,501.73,0,19.83
2023-04-29,Richards Bay (South Africa),Indian East Coast (Paradip/Vizag/Gangavaram),4300,2486,503.64,0,19.09
2023-04-30,Richards Bay (South Africa),Indian East Coast (Paradip/Vizag/Gangavaram),4300,2533,503.58,0,21.26
2023-05-01,Richards Bay (South Africa),Indian East Coast (Paradip/Vizag/Gangavaram),4300,2506,505.16,0,19.04
2023-05-02,Richards Bay (South Africa),Indian East Coast (Paradip/Vizag/Gangavaram),4300,2473,510.0,0,19.92
2023-05-03,Richards Bay (South Africa),Indian East Coast (Paradip/Vizag/Gangavaram),4300,2518,511.96,0,19.59
2023-05-04,Richards Bay (South Africa),Indian East Coast (Paradip/Vizag/Gangavaram),4300,2513,507.7,0,19.76
2023-05-05,Richards Bay (South Africa),Indian East Coast (Paradip/Vizag/Gangavaram),4300,2522,509.5,0,19.34
2023-05-06,Richards Bay (South Africa),Indian East Coast (Paradip/Vizag/Gangavaram),4300,2517,513.42,0,20.34
2023-05-07,Richards Bay (South Africa),Indian East Coast (Paradip/Vizag/Gangavaram),4300,2529,513.38,0,19.57
2023-05-08,Richards Bay (South Africa),Indian East Coast (Paradip/Vizag/Gangavaram),4300,2546,516.64,0,19.77
2023-05-09,Richards Bay (South Africa),Indian East Coast (Paradip/Vizag/Gangavaram),4300,2432,515.31,0,18.83
2023-05-10,Richards Bay (South Africa),Indian East Coast (Paradip/Vizag/Gangavaram),4300,2465,511.81,0,19.17
2023-05-11,Richards Bay (South Africa),Indian East Coast (Paradip/Vizag/Gangavaram),4300,2407,512.73,0,19.36
2023-05-12,Richards Bay (South Africa),Indian East Coast (Paradip/Vizag/Gangavaram),4300,2325,508.49,0,18.33
2023-05-13,Richards Bay (South Africa),Indian East Coast (Paradip/Vizag/Gangavaram),4300,2323,508.37,0,18.78
2023-05-14,Richards Bay (South Africa),Indian East Coast (Paradip/Vizag/Gangavaram),4300,2328,512.4,0,18.36
2023-05-15,Richards Bay (South Africa),Indian East Coast (Paradip/Vizag/Gangavaram),4300,2290,507.72,0,17.95
2023-05-16,Richards Bay (South Africa),Indian East Coast (Paradip/Vizag/Gangavaram),4300,2338,504.76,0,18.59
2023-05-17,Richards Bay (South Africa),Indian East Coast (Paradip/Vizag/Gangavaram),4300,2265,502.46,0,17.42
2023-05-18,Richards Bay (South Africa),Indian East Coast (Paradip/Vizag/Gangavaram),4300,2245,502.79,0,19.39
2023-05-19,Richards Bay (South Africa),Indian East Coast (Paradip/Vizag/Gangavaram),4300,2217,502.3,0,18.63
2023-05-20,Richards Bay (South Africa),Indian East Coast (Paradip/Vizag/Gangavaram),4300,2219,506.6,0,17.33
2023-05-21,Richards Bay (South Africa),Indian East Coast (Paradip/Vizag/Gangavaram),4300,2238,509.69,0,19.91
2023-05-22,Richards Bay (South Africa),Indian East Coast (Paradip/Vizag/Gangavaram),4300,2187,511.53,0,17.76
2023-05-23,Richards Bay (South Africa),Indian East Coast (Paradip/Vizag/Gangavaram),4300,2232,512.4,0,18.31
2023-05-24,Richards Bay (South Africa),Indian East Coast (Paradip/Vizag/Gangavaram),4300,2240,513.95,0,18.74
2023-05-25,Richards Bay (South Africa),Indian East Coast (Paradip/Vizag/Gangavaram),4300,2140,512.08,0,16.87
2023-05-26,Richards Bay (South Africa),Indian East Coast (Paradip/Vizag/Gangavaram),4300,2039,514.88,0,17.78
2023-05-27,Richards Bay (South Africa),Indian East Coast (Paradip/Vizag/Gangavaram),4300,2050,512.31,0,17.91
2023-05-28,Richards Bay (South Africa),Indian East Coast (Paradip/Vizag/Gangavaram),4300,2048,515.04,0,17.91
2023-05-29,Richards Bay (South Africa),Indian East Coast (Paradip/Vizag/Gangavaram),4300,2053,518.72,0,18.16
2023-05-30,Richards Bay (South Africa),Indian East Coast (Paradip/Vizag/Gangavaram),4300,2062,519.74,0,18.13
2023-05-31,Richards Bay (South Africa),Indian East Coast (Paradip/Vizag/Gangavaram),4300,2084,519.7,0,17.82
2023-06-01,Richards Bay (South Africa),Indian East Coast (Paradip/Vizag/Gangavaram),4300,2146,521.23,1,21.56
2023-06-02,Richards Bay (South Africa),Indian East Coast (Paradip/Vizag/Gangavaram),4300,2092,513.88,1,21.16
2023-06-03,Richards Bay (South Africa),Indian East Coast (Paradip/Vizag/Gangavaram),4300,2036,515.13,1,19.75
2023-06-04,Richards Bay (South Africa),Indian East Coast (Paradip/Vizag/Gangavaram),4300,1987,515.24,1,20.65
2023-06-05,Richards Bay (South Africa),Indian East Coast (Paradip/Vizag/Gangavaram),4300,2015,515.52,1,20.61
2023-06-06,Richards Bay (South Africa),Indian East Coast (Paradip/Vizag/Gangavaram),4300,2096,517.85,1,21.47
2023-06-07,Richards Bay (South Africa),Indian East Coast (Paradip/Vizag/Gangavaram),4300,2081,518.05,1,20.89
2023-06-08,Richards Bay (South Africa),Indian East Coast (Paradip/Vizag/Gangavaram),4300,1952,515.35,1,19.19
2023-06-09,Richards Bay (South Africa),Indian East Coast (Paradip/Vizag/Gangavaram),4300,1872,515.36,1,19.32
2023-06-10,Richards Bay (South Africa),Indian East Coast (Paradip/Vizag/Gangavaram),4300,1843,515.94,1,19.41
2023-06-11,Richards Bay (South Africa),Indian East Coast (Paradip/Vizag/Gangavaram),4300,1830,516.63,1,20.17
2023-06-12,Richards Bay (South Africa),Indian East Coast (Paradip/Vizag/Gangavaram),4300,1826,517.45,1,20.28
2023-06-13,Richards Bay (South Africa),Indian East Coast (Paradip/Vizag/Gangavaram),4300,1846,520.65,1,22.07
2023-06-14,Richards Bay (South Africa),Indian East Coast (Paradip/Vizag/Gangavaram),4300,1846,518.07,1,21.04
2023-06-15,Richards Bay (South Africa),Indian East Coast (Paradip/Vizag/Gangavaram),4300,1921,518.91,1,21.95
2023-06-16,Richards Bay (South Africa),Indian East Coast (Paradip/Vizag/Gangavaram),4300,1899,522.78,1,22.85
2023-06-17,Richards Bay (South Africa),Indian East Coast (Paradip/Vizag/Gangavaram),4300,1867,518.41,1,24.79
2023-06-18,Richards Bay (South Africa),Indian East Coast (Paradip/Vizag/Gangavaram),4300,1909,519.25,1,21.69
2023-06-19,Richards Bay (South Africa),Indian East Coast (Paradip/Vizag/Gangavaram),4300,1840,518.0,1,23.07
2023-06-20,Richards Bay (South Africa),Indian East Coast (Paradip/Vizag/Gangavaram),4300,1879,517.32,1,22.68
2023-06-21,Richards Bay (South Africa),Indian East Coast (Paradip/Vizag/Gangavaram),4300,1900,515.19,1,22.46
2023-06-22,Richards Bay (South Africa),Indian East Coast (Paradip/Vizag/Gangavaram),4300,1907,515.06,1,24.16
2023-06-23,Richards Bay (South Africa),Indian East Coast (Paradip/Vizag/Gangavaram),4300,2009,520.39,1,24.96
2023-06-24,Richards Bay (South Africa),Indian East Coast (Paradip/Vizag/Gangavaram),4300,1986,517.26,1,24.28
2023-06-25,Richards Bay (South Africa),Indian East Coast (Paradip/Vizag/Gangavaram),4300,2112,514.39,1,25.02
2023-06-26,Richards Bay (South Africa),Indian East Coast (Paradip/Vizag/Gangavaram),4300,2107,511.15,1,25.62
2023-06-27,Richards Bay (South Africa),Indian East Coast (Paradip/Vizag/Gangavaram),4300,2044,516.15,1,25.49
2023-06-28,Richards Bay (South Africa),Indian East Coast (Paradip/Vizag/Gangavaram),4300,2058,515.18,1,25.34
2023-06-29,Richards Bay (South Africa),Indian East Coast (Paradip/Vizag/Gangavaram),4300,2008,515.4,1,25.84
2023-06-30,Richards Bay (South Africa),Indian East Coast (Paradip/Vizag/Gangavaram),4300,1977,514.58,1,24.21
2023-07-01,Richards Bay (South Africa),Indian East Coast (Paradip/Vizag/Gangavaram),4300,2011,512.29,1,24.77
2023-07-02,Richards Bay (South Africa),Indian East Coast (Paradip/Vizag/Gangavaram),4300,2052,511.92,1,24.65
2023-07-03,Richards Bay (South Africa),Indian East Coast (Paradip/Vizag/Gangavaram),4300,2027,518.87,1,24.28
2023-07-04,Richards Bay (South Africa),Indian East Coast (Paradip/Vizag/Gangavaram),4300,2091,522.92,1,24.5
2023-07-05,Richards Bay (South Africa),Indian East Coast (Paradip/Vizag/Gangavaram),4300,2163,520.85,1,24.88
2023-07-06,Richards Bay (South Africa),Indian East Coast (Paradip/Vizag/Gangavaram),4300,2247,522.86,1,23.4
2023-07-07,Richards Bay (South Africa),Indian East Coast (Paradip/Vizag/Gangavaram),4300,2278,520.84,1,24.54
2023-07-08,Richards Bay (South Africa),Indian East Coast (Paradip/Vizag/Gangavaram),4300,2354,516.24,1,24.61
2023-07-09,Richards Bay (South Africa),Indian East Coast (Paradip/Vizag/Gangavaram),4300,2249,519.25,1,23.4
2023-07-10,Richards Bay (South Africa),Indian East Coast (Paradip/Vizag/Gangavaram),4300,2233,522.63,1,23.65
2023-07-11,Richards Bay (South Africa),Indian East Coast (Paradip/Vizag/Gangavaram),4300,2187,525.69,1,23.31
2023-07-12,Richards Bay (South Africa),Indian East Coast (Paradip/Vizag/Gangavaram),4300,2198,524.63,1,22.55
2023-07-13,Richards Bay (South Africa),Indian East Coast (Paradip/Vizag/Gangavaram),4300,2169,524.38,1,23.12
2023-07-14,Richards Bay (South Africa),Indian East Coast (Paradip/Vizag/Gangavaram),4300,2164,526.62,1,22.03
2023-07-15,Richards Bay (South Africa),Indian East Coast (Paradip/Vizag/Gangavaram),4300,2272,527.88,1,21.38
2023-07-16,Richards Bay (South Africa),Indian East Coast (Paradip/Vizag/Gangavaram),4300,2263,527.0,1,22.17
2023-07-17,Richards Bay (South Africa),Indian East Coast (Paradip/Vizag/Gangavaram),4300,2286,522.78,1,20.02
2023-07-18,Richards Bay (South Africa),Indian East Coast (Paradip/Vizag/Gangavaram),4300,2273,523.27,1,21.29
2023-07-19,Richards Bay (South Africa),Indian East Coast (Paradip/Vizag/Gangavaram),4300,2278,526.38,1,21.72
2023-07-20,Richards Bay (South Africa),Indian East Coast (Paradip/Vizag/Gangavaram),4300,2278,523.29,1,20.81
2023-07-21,Richards Bay (South Africa),Indian East Coast (Paradip/Vizag/Gangavaram),4300,2302,525.19,1,22.35
2023-07-22,Richards Bay (South Africa),Indian East Coast (Paradip/Vizag/Gangavaram),4300,2365,526.25,1,20.89
2023-07-23,Richards Bay (South Africa),Indian East Coast (Paradip/Vizag/Gangavaram),4300,2452,528.44,1,22.36
2023-07-24,Richards Bay (South Africa),Indian East Coast (Paradip/Vizag/Gangavaram),4300,2462,530.96,1,21.4
2023-07-25,Richards Bay (South Africa),Indian East Coast (Paradip/Vizag/Gangavaram),4300,2487,529.2,1,22.28
2023-07-26,Richards Bay (South Africa),Indian East Coast (Paradip/Vizag/Gangavaram),4300,2416,524.94,1,21.84
2023-07-27,Richards Bay (South Africa),Indian East Coast (Paradip/Vizag/Gangavaram),4300,2405,523.62,1,22.91
2023-07-28,Richards Bay (South Africa),Indian East Coast (Paradip/Vizag/Gangavaram),4300,2451,526.15,1,22.93
2023-07-29,Richards Bay (South Africa),Indian East Coast (Paradip/Vizag/Gangavaram),4300,2491,524.8,1,22.82
2023-07-30,Richards Bay (South Africa),Indian East Coast (Paradip/Vizag/Gangavaram),4300,2494,523.02,1,22.93
2023-07-31,Richards Bay (South Africa),Indian East Coast (Paradip/Vizag/Gangavaram),4300,2534,518.17,1,23.1
2023-08-01,Richards Bay (South Africa),Indian East Coast (Paradip/Vizag/Gangavaram),4300,2550,523.03,1,20.96
2023-08-02,Richards Bay (South Africa),Indian East Coast (Paradip/Vizag/Gangavaram),4300,2605,525.37,1,23.27
2023-08-03,Richards Bay (South Africa),Indian East Coast (Paradip/Vizag/Gangavaram),4300,2608,527.55,1,22.56
2023-08-04,Richards Bay (South Africa),Indian East Coast (Paradip/Vizag/Gangavaram),4300,2575,530.26,1,23.13
2023-08-05,Richards Bay (South Africa),Indian East Coast (Paradip/Vizag/Gangavaram),4300,2581,531.91,1,22.46
2023-08-06,Richards Bay (South Africa),Indian East Coast (Paradip/Vizag/Gangavaram),4300,2407,531.31,1,22.77
2023-08-07,Richards Bay (South Africa),Indian East Coast (Paradip/Vizag/Gangavaram),4300,2421,530.93,1,21.06
2023-08-08,Richards Bay (South Africa),Indian East Coast (Paradip/Vizag/Gangavaram),4300,2212,529.82,1,20.51
2023-08-09,Richards Bay (South Africa),Indian East Coast (Paradip/Vizag/Gangavaram),4300,2117,537.04,1,20.39
2023-08-10,Richards Bay (South Africa),Indian East Coast (Paradip/Vizag/Gangavaram),4300,2145,538.6,1,22.84
2023-08-11,Richards Bay (South Africa),Indian East Coast (Paradip/Vizag/Gangavaram),4300,2173,537.37,1,21.91
2023-08-12,Richards Bay (South Africa),Indian East Coast (Paradip/Vizag/Gangavaram),4300,2110,538.67,1,20.98
2023-08-13,Richards Bay (South Africa),Indian East Coast (Paradip/Vizag/Gangavaram),4300,2073,535.95,1,20.72
2023-08-14,Richards Bay (South Africa),Indian East Coast (Paradip/Vizag/Gangavaram),4300,2152,540.07,1,20.08
2023-08-15,Richards Bay (South Africa),Indian East Coast (Paradip/Vizag/Gangavaram),4300,2126,538.28,1,21.14
2023-08-16,Richards Bay (South Africa),Indian East Coast (Paradip/Vizag/Gangavaram),4300,2251,539.66,1,21.84
2023-08-17,Richards Bay (South Africa),Indian East Coast (Paradip/Vizag/Gangavaram),4300,2248,542.56,1,22.76
2023-08-18,Richards Bay (South Africa),Indian East Coast (Paradip/Vizag/Gangavaram),4300,2268,543.61,1,21.66
2023-08-19,Richards Bay (South Africa),Indian East Coast (Paradip/Vizag/Gangavaram),4300,2353,543.86,1,21.79
2023-08-20,Richards Bay (South Africa),Indian East Coast (Paradip/Vizag/Gangavaram),4300,2353,543.87,1,21.78
2023-08-21,Richards Bay (South Africa),Indian East Coast (Paradip/Vizag/Gangavaram),4300,2291,543.7,1,21.4
2023-08-22,Richards Bay (South Africa),Indian East Coast (Paradip/Vizag/Gangavaram),4300,2280,542.11,1,22.63
2023-08-23,Richards Bay (South Africa),Indian East Coast (Paradip/Vizag/Gangavaram),4300,2273,540.85,1,21.04
2023-08-24,Richards Bay (South Africa),Indian East Coast (Paradip/Vizag/Gangavaram),4300,2193,544.84,1,21.35
2023-08-25,Richards Bay (South Africa),Indian East Coast (Paradip/Vizag/Gangavaram),4300,2177,544.5,1,22.42
2023-08-26,Richards Bay (South Africa),Indian East Coast (Paradip/Vizag/Gangavaram),4300,2135,542.32,1,21.85
2023-08-27,Richards Bay (South Africa),Indian East Coast (Paradip/Vizag/Gangavaram),4300,2185,540.86,1,21.48
2023-08-28,Richards Bay (South Africa),Indian East Coast (Paradip/Vizag/Gangavaram),4300,2185,543.79,1,21.38
2023-08-29,Richards Bay (South Africa),Indian East Coast (Paradip/Vizag/Gangavaram),4300,2166,545.56,1,20.54
2023-08-30,Richards Bay (South Africa),Indian East Coast (Paradip/Vizag/Gangavaram),4300,2159,547.02,1,21.1
2023-08-31,Richards Bay (South Africa),Indian East Coast (Paradip/Vizag/Gangavaram),4300,2169,546.24,1,19.85
2023-09-01,Richards Bay (South Africa),Indian East Coast (Paradip/Vizag/Gangavaram),4300,2200,547.72,1,20.45
2023-09-02,Richards Bay (South Africa),Indian East Coast (Paradip/Vizag/Gangavaram),4300,2142,545.88,1,20.73
2023-09-03,Richards Bay (South Africa),Indian East Coast (Paradip/Vizag/Gangavaram),4300,2082,545.08,1,20.37
2023-09-04,Richards Bay (South Africa),Indian East Coast (Paradip/Vizag/Gangavaram),4300,2143,547.61,1,20.75
2023-09-05,Richards Bay (South Africa),Indian East Coast (Paradip/Vizag/Gangavaram),4300,2118,549.89,1,21.58
2023-09-06,Richards Bay (South Africa),Indian East Coast (Paradip/Vizag/Gangavaram),4300,2039,547.1,1,22.42
2023-09-07,Richards Bay (South Africa),Indian East Coast (Paradip/Vizag/Gangavaram),4300,2064,544.66,1,20.54
2023-09-08,Richards Bay (South Africa),Indian East Coast (Paradip/Vizag/Gangavaram),4300,2090,544.83,1,21.22
2023-09-09,Richards Bay (South Africa),Indian East Coast (Paradip/Vizag/Gangavaram),4300,2004,549.4,1,20.38
2023-09-10,Richards Bay (South Africa),Indian East Coast (Paradip/Vizag/Gangavaram),4300,2019,544.05,1,20.09
2023-09-11,Richards Bay (South Africa),Indian East Coast (Paradip/Vizag/Gangavaram),4300,2060,544.67,1,19.63
2023-09-12,Richards Bay (South Africa),Indian East Coast (Paradip/Vizag/Gangavaram),4300,2080,540.78,1,22.22
2023-09-13,Richards Bay (South Africa),Indian East Coast (Paradip/Vizag/Gangavaram),4300,2113,538.9,1,19.9
2023-09-14,Richards Bay (South Africa),Indian East Coast (Paradip/Vizag/Gangavaram),4300,2033,537.75,1,21.93
2023-09-15,Richards Bay (South Africa),Indian East Coast (Paradip/Vizag/Gangavaram),4300,2051,536.44,1,20.8
2023-09-16,Richards Bay (South Africa),Indian East Coast (Paradip/Vizag/Gangavaram),4300,2033,534.82,1,19.9
2023-09-17,Richards Bay (South Africa),Indian East Coast (Paradip/Vizag/Gangavaram),4300,2006,534.67,1,20.51
2023-09-18,Richards Bay (South Africa),Indian East Coast (Paradip/Vizag/Gangavaram),4300,2054,533.03,1,22.29
2023-09-19,Richards Bay (South Africa),Indian East Coast (Paradip/Vizag/Gangavaram),4300,2133,528.87,1,21.76
2023-09-20,Richards Bay (South Africa),Indian East Coast (Paradip/Vizag/Gangavaram),4300,2227,530.8,1,20.36
2023-09-21,Richards Bay (South Africa),Indian East Coast (Paradip/Vizag/Gangavaram),4300,2291,532.65,1,21.52
2023-09-22,Richards Bay (South Africa),Indian East Coast (Paradip/Vizag/Gangavaram),4300,2275,534.74,1,22.39
2023-09-23,Richards Bay (South Africa),Indian East Coast (Paradip/Vizag/Gangavaram),4300,2284,530.34,1,21.3
2023-09-24,Richards Bay (South Africa),Indian East Coast (Paradip/Vizag/Gangavaram),4300,2315,530.94,1,22.0
2023-09-25,Richards Bay (South Africa),Indian East Coast (Paradip/Vizag/Gangavaram),4300,2309,532.56,1,22.3
2023-09-26,Richards Bay (South Africa),Indian East Coast (Paradip/Vizag/Gangavaram),4300,2304,529.52,1,21.02
2023-09-27,Richards Bay (South Africa),Indian East Coast (Paradip/Vizag/Gangavaram),4300,2338,529.32,1,22.76
2023-09-28,Richards Bay (South Africa),Indian East Coast (Paradip/Vizag/Gangavaram),4300,2321,528.77,1,21.51
2023-09-29,Richards Bay (South Africa),Indian East Coast (Paradip/Vizag/Gangavaram),4300,2267,533.53,1,20.43
2023-09-30,Richards Bay (South Africa),Indian East Coast (Paradip/Vizag/Gangavaram),4300,2233,538.52,1,22.04
2023-10-01,Richards Bay (South Africa),Indian East Coast (Paradip/Vizag/Gangavaram),4300,2257,533.74,0,19.46
2023-10-02,Richards Bay (South Africa),Indian East Coast (Paradip/Vizag/Gangavaram),4300,2246,540.27,0,19.59
2023-10-03,Richards Bay (South Africa),Indian East Coast (Paradip/Vizag/Gangavaram),4300,2253,537.51,0,18.52
2023-10-04,Richards Bay (South Africa),Indian East Coast (Paradip/Vizag/Gangavaram),4300,2278,539.91,0,18.82
2023-10-05,Richards Bay (South Africa),Indian East Coast (Paradip/Vizag/Gangavaram),4300,2245,542.28,0,18.83
2023-10-06,Richards Bay (South Africa),Indian East Coast (Paradip/Vizag/Gangavaram),4300,2274,539.29,0,17.85
2023-10-07,Richards Bay (South Africa),Indian East Coast (Paradip/Vizag/Gangavaram),4300,2282,540.34,0,18.94
2023-10-08,Richards Bay (South Africa),Indian East Coast (Paradip/Vizag/Gangavaram),4300,2200,539.76,0,19.51
2023-10-09,Richards Bay (South Africa),Indian East Coast (Paradip/Vizag/Gangavaram),4300,2268,540.97,0,18.04
2023-10-10,Richards Bay (South Africa),Indian East Coast (Paradip/Vizag/Gangavaram),4300,2227,541.29,0,18.59
2023-10-11,Richards Bay (South Africa),Indian East Coast (Paradip/Vizag/Gangavaram),4300,2123,544.24,0,18.72
2023-10-12,Richards Bay (South Africa),Indian East Coast (Paradip/Vizag/Gangavaram),4300,2057,544.13,0,18.72
2023-10-13,Richards Bay (South Africa),Indian East Coast (Paradip/Vizag/Gangavaram),4300,1994,543.36,0,17.45
2023-10-14,Richards Bay (South Africa),Indian East Coast (Paradip/Vizag/Gangavaram),4300,1992,546.02,0,17.39
2023-10-15,Richards Bay (South Africa),Indian East Coast (Paradip/Vizag/Gangavaram),4300,1971,547.27,0,16.56
2023-10-16,Richards Bay (South Africa),Indian East Coast (Paradip/Vizag/Gangavaram),4300,1948,548.92,0,17.92
2023-10-17,Richards Bay (South Africa),Indian East Coast (Paradip/Vizag/Gangavaram),4300,1978,546.78,0,17.1
2023-10-18,Richards Bay (South Africa),Indian East Coast (Paradip/Vizag/Gangavaram),4300,1991,543.59,0,17.47
2023-10-19,Richards Bay (South Africa),Indian East Coast (Paradip/Vizag/Gangavaram),4300,2003,541.69,0,18.81
2023-10-20,Richards Bay (South Africa),Indian East Coast (Paradip/Vizag/Gangavaram),4300,2019,539.65,0,16.97
2023-10-21,Richards Bay (South Africa),Indian East Coast (Paradip/Vizag/Gangavaram),4300,2045,541.43,0,18.43
2023-10-22,Richards Bay (South Africa),Indian East Coast (Paradip/Vizag/Gangavaram),4300,1920,543.72,0,18.56
2023-10-23,Richards Bay (South Africa),Indian East Coast (Paradip/Vizag/Gangavaram),4300,1896,542.93,0,18.18
2023-10-24,Richards Bay (South Africa),Indian East Coast (Paradip/Vizag/Gangavaram),4300,1772,546.44,0,16.41
2023-10-25,Richards Bay (South Africa),Indian East Coast (Paradip/Vizag/Gangavaram),4300,1774,549.78,0,16.57
2023-10-26,Richards Bay (South Africa),Indian East Coast (Paradip/Vizag/Gangavaram),4300,1774,550.06,0,16.81
2023-10-27,Richards Bay (South Africa),Indian East Coast (Paradip/Vizag/Gangavaram),4300,1831,547.43,0,18.09
2023-10-28,Richards Bay (South Africa),Indian East Coast (Paradip/Vizag/Gangavaram),4300,1894,551.32,0,17.55
2023-10-29,Richards Bay (South Africa),Indian East Coast (Paradip/Vizag/Gangavaram),4300,1900,550.76,0,17.08
2023-10-30,Richards Bay (South Africa),Indian East Coast (Paradip/Vizag/Gangavaram),4300,1867,550.69,0,17.38
2023-10-31,Richards Bay (South Africa),Indian East Coast (Paradip/Vizag/Gangavaram),4300,1889,549.36,0,17.98
2023-11-01,Richards Bay (South Africa),Indian East Coast (Paradip/Vizag/Gangavaram),4300,1855,546.52,0,17.84
2023-11-02,Richards Bay (South Africa),Indian East Coast (Paradip/Vizag/Gangavaram),4300,1850,542.11,0,16.45
2023-11-03,Richards Bay (South Africa),Indian East Coast (Paradip/Vizag/Gangavaram),4300,1900,543.4,0,16.99
2023-11-04,Richards Bay (South Africa),Indian East Coast (Paradip/Vizag/Gangavaram),4300,1863,540.84,0,17.12
2023-11-05,Richards Bay (South Africa),Indian East Coast (Paradip/Vizag/Gangavaram),4300,1901,548.73,0,18.08
2023-11-06,Richards Bay (South Africa),Indian East Coast (Paradip/Vizag/Gangavaram),4300,1932,545.33,0,17.65
2023-11-07,Richards Bay (South Africa),Indian East Coast (Paradip/Vizag/Gangavaram),4300,1871,541.47,0,16.96
2023-11-08,Richards Bay (South Africa),Indian East Coast (Paradip/Vizag/Gangavaram),4300,1918,542.41,0,17.13
2023-11-09,Richards Bay (South Africa),Indian East Coast (Paradip/Vizag/Gangavaram),4300,1948,546.11,0,18.58
2023-11-10,Richards Bay (South Africa),Indian East Coast (Paradip/Vizag/Gangavaram),4300,1944,545.83,0,18.24
2023-11-11,Richards Bay (South Africa),Indian East Coast (Paradip/Vizag/Gangavaram),4300,1892,546.92,0,17.99
2023-11-12,Richards Bay (South Africa),Indian East Coast (Paradip/Vizag/Gangavaram),4300,1836,541.44,0,17.02
2023-11-13,Richards Bay (South Africa),Indian East Coast (Paradip/Vizag/Gangavaram),4300,1800,539.12,0,17.03
2023-11-14,Richards Bay (South Africa),Indian East Coast (Paradip/Vizag/Gangavaram),4300,1825,535.72,0,16.06
2023-11-15,Richards Bay (South Africa),Indian East Coast (Paradip/Vizag/Gangavaram),4300,1765,530.08,0,15.09
2023-11-16,Richards Bay (South Africa),Indian East Coast (Paradip/Vizag/Gangavaram),4300,1785,529.91,0,17.23
2023-11-17,Richards Bay (South Africa),Indian East Coast (Paradip/Vizag/Gangavaram),4300,1712,523.32,0,16.24
2023-11-18,Richards Bay (South Africa),Indian East Coast (Paradip/Vizag/Gangavaram),4300,1700,519.23,0,15.87
2023-11-19,Richards Bay (South Africa),Indian East Coast (Paradip/Vizag/Gangavaram),4300,1706,517.27,0,15.54
2023-11-20,Richards Bay (South Africa),Indian East Coast (Paradip/Vizag/Gangavaram),4300,1842,514.5,0,15.75
2023-11-21,Richards Bay (South Africa),Indian East Coast (Paradip/Vizag/Gangavaram),4300,1762,515.07,0,16.8
2023-11-22,Richards Bay (South Africa),Indian East Coast (Paradip/Vizag/Gangavaram),4300,1844,515.38,0,17.66
2023-11-23,Richards Bay (South Africa),Indian East Coast (Paradip/Vizag/Gangavaram),4300,1850,517.3,0,16.49
2023-11-24,Richards Bay (South Africa),Indian East Coast (Paradip/Vizag/Gangavaram),4300,1872,518.82,0,17.12
2023-11-25,Richards Bay (South Africa),Indian East Coast (Paradip/Vizag/Gangavaram),4300,1877,521.39,0,17.02
2023-11-26,Richards Bay (South Africa),Indian East Coast (Paradip/Vizag/Gangavaram),4300,1901,520.86,0,16.78
2023-11-27,Richards Bay (South Africa),Indian East Coast (Paradip/Vizag/Gangavaram),4300,1892,521.14,0,17.95
2023-11-28,Richards Bay (South Africa),Indian East Coast (Paradip/Vizag/Gangavaram),4300,1975,522.0,0,17.15
2023-11-29,Richards Bay (South Africa),Indian East Coast (Paradip/Vizag/Gangavaram),4300,1947,521.84,0,17.65
2023-11-30,Richards Bay (South Africa),Indian East Coast (Paradip/Vizag/Gangavaram),4300,2012,520.21,0,17.79
2023-12-01,Richards Bay (South Africa),Indian East Coast (Paradip/Vizag/Gangavaram),4300,1973,518.75,0,17.39
2023-12-02,Richards Bay (South Africa),Indian East Coast (Paradip/Vizag/Gangavaram),4300,1970,515.97,0,17.94
2023-12-03,Richards Bay (South Africa),Indian East Coast (Paradip/Vizag/Gangavaram),4300,1907,516.55,0,17.79
2023-12-04,Richards Bay (South Africa),Indian East Coast (Paradip/Vizag/Gangavaram),4300,1937,515.73,0,17.05
2023-12-05,Richards Bay (South Africa),Indian East Coast (Paradip/Vizag/Gangavaram),4300,2026,513.36,0,18.13
2023-12-06,Richards Bay (South Africa),Indian East Coast (Paradip/Vizag/Gangavaram),4300,2022,510.98,0,17.98
2023-12-07,Richards Bay (South Africa),Indian East Coast (Paradip/Vizag/Gangavaram),4300,2011,507.11,0,17.7
2023-12-08,Richards Bay (South Africa),Indian East Coast (Paradip/Vizag/Gangavaram),4300,1944,509.19,0,15.24
2023-12-09,Richards Bay (South Africa),Indian East Coast (Paradip/Vizag/Gangavaram),4300,1933,508.82,0,17.07
2023-12-10,Richards Bay (South Africa),Indian East Coast (Paradip/Vizag/Gangavaram),4300,1838,505.88,0,16.54
2023-12-11,Richards Bay (South Africa),Indian East Coast (Paradip/Vizag/Gangavaram),4300,1788,507.49,0,16.24
2023-12-12,Richards Bay (South Africa),Indian East Coast (Paradip/Vizag/Gangavaram),4300,1810,505.36,0,16.51
2023-12-13,Richards Bay (South Africa),Indian East Coast (Paradip/Vizag/Gangavaram),4300,1902,500.94,0,16.48
2023-12-14,Richards Bay (South Africa),Indian East Coast (Paradip/Vizag/Gangavaram),4300,2086,503.11,0,17.84
2023-12-15,Richards Bay (South Africa),Indian East Coast (Paradip/Vizag/Gangavaram),4300,2048,501.04,0,17.51
2023-12-16,Richards Bay (South Africa),Indian East Coast (Paradip/Vizag/Gangavaram),4300,2142,499.31,0,18.66
2023-12-17,Richards Bay (South Africa),Indian East Coast (Paradip/Vizag/Gangavaram),4300,2155,498.81,0,18.7
2023-12-18,Richards Bay (South Africa),Indian East Coast (Paradip/Vizag/Gangavaram),4300,2143,501.29,0,18.32
2023-12-19,Richards Bay (South Africa),Indian East Coast (Paradip/Vizag/Gangavaram),4300,2168,500.72,0,18.34
2023-12-20,Richards Bay (South Africa),Indian East Coast (Paradip/Vizag/Gangavaram),4300,2168,496.83,0,19.03
2023-12-21,Richards Bay (South Africa),Indian East Coast (Paradip/Vizag/Gangavaram),4300,2171,497.68,0,18.43
2023-12-22,Richards Bay (South Africa),Indian East Coast (Paradip/Vizag/Gangavaram),4300,2138,495.73,0,17.7
2023-12-23,Richards Bay (South Africa),Indian East Coast (Paradip/Vizag/Gangavaram),4300,2039,500.22,0,17.88
2023-12-24,Richards Bay (South Africa),Indian East Coast (Paradip/Vizag/Gangavaram),4300,1931,499.58,0,17.38
2023-12-25,Richards Bay (South Africa),Indian East Coast (Paradip/Vizag/Gangavaram),4300,1976,492.85,0,17.98
2023-12-26,Richards Bay (South Africa),Indian East Coast (Paradip/Vizag/Gangavaram),4300,1955,493.18,0,17.31
2023-12-27,Richards Bay (South Africa),Indian East Coast (Paradip/Vizag/Gangavaram),4300,1913,497.81,0,16.63
2023-12-28,Richards Bay (South Africa),Indian East Coast (Paradip/Vizag/Gangavaram),4300,1912,501.45,0,17.8
2023-12-29,Richards Bay (South Africa),Indian East Coast (Paradip/Vizag/Gangavaram),4300,1965,505.77,0,16.17
2023-12-30,Richards Bay (South Africa),Indian East Coast (Paradip/Vizag/Gangavaram),4300,1973,502.33,0,17.55
2023-12-31,Richards Bay (South Africa),Indian East Coast (Paradip/Vizag/Gangavaram),4300,1922,504.15,0,16.52
2024-01-01,Richards Bay (South Africa),Indian East Coast (Paradip/Vizag/Gangavaram),4300,2003,536.51,0,18.84
2024-01-02,Richards Bay (South Africa),Indian East Coast (Paradip/Vizag/Gangavaram),4300,2106,536.45,0,17.85
2024-01-03,Richards Bay (South Africa),Indian East Coast (Paradip/Vizag/Gangavaram),4300,2128,532.31,0,17.78
2024-01-04,Richards Bay (South Africa),Indian East Coast (Paradip/Vizag/Gangavaram),4300,2182,529.88,0,18.09
2024-01-05,Richards Bay (South Africa),Indian East Coast (Paradip/Vizag/Gangavaram),4300,2252,527.36,0,19.02
2024-01-06,Richards Bay (South Africa),Indian East Coast (Paradip/Vizag/Gangavaram),4300,2310,529.12,0,18.78
2024-01-07,Richards Bay (South Africa),Indian East Coast (Paradip/Vizag/Gangavaram),4300,2329,530.61,0,18.66
2024-01-08,Richards Bay (South Africa),Indian East Coast (Paradip/Vizag/Gangavaram),4300,2346,530.67,0,18.27
2024-01-09,Richards Bay (South Africa),Indian East Coast (Paradip/Vizag/Gangavaram),4300,2354,526.3,0,19.59
2024-01-10,Richards Bay (South Africa),Indian East Coast (Paradip/Vizag/Gangavaram),4300,2248,524.76,0,18.71
2024-01-11,Richards Bay (South Africa),Indian East Coast (Paradip/Vizag/Gangavaram),4300,2270,522.03,0,17.87
2024-01-12,Richards Bay (South Africa),Indian East Coast (Paradip/Vizag/Gangavaram),4300,2147,523.69,0,17.32
2024-01-13,Richards Bay (South Africa),Indian East Coast (Paradip/Vizag/Gangavaram),4300,2066,526.19,0,18.16
2024-01-14,Richards Bay (South Africa),Indian East Coast (Paradip/Vizag/Gangavaram),4300,2133,528.36,0,18.6
2024-01-15,Richards Bay (South Africa),Indian East Coast (Paradip/Vizag/Gangavaram),4300,2164,525.59,0,18.64
2024-01-16,Richards Bay (South Africa),Indian East Coast (Paradip/Vizag/Gangavaram),4300,2237,517.43,0,18.79
2024-01-17,Richards Bay (South Africa),Indian East Coast (Paradip/Vizag/Gangavaram),4300,2185,511.91,0,19.07
2024-01-18,Richards Bay (South Africa),Indian East Coast (Paradip/Vizag/Gangavaram),4300,2073,515.06,0,18.33
2024-01-19,Richards Bay (South Africa),Indian East Coast (Paradip/Vizag/Gangavaram),4300,2027,513.24,0,19.01
2024-01-20,Richards Bay (South Africa),Indian East Coast (Paradip/Vizag/Gangavaram),4300,2004,510.48,0,19.28
2024-01-21,Richards Bay (South Africa),Indian East Coast (Paradip/Vizag/Gangavaram),4300,1980,514.22,0,16.4
2024-01-22,Richards Bay (South Africa),Indian East Coast (Paradip/Vizag/Gangavaram),4300,2027,516.93,0,16.18
2024-01-23,Richards Bay (South Africa),Indian East Coast (Paradip/Vizag/Gangavaram),4300,1971,516.27,0,17.24
2024-01-24,Richards Bay (South Africa),Indian East Coast (Paradip/Vizag/Gangavaram),4300,1963,514.73,0,17.69
2024-01-25,Richards Bay (South Africa),Indian East Coast (Paradip/Vizag/Gangavaram),4300,1866,513.64,0,16.31
2024-01-26,Richards Bay (South Africa),Indian East Coast (Paradip/Vizag/Gangavaram),4300,1866,513.52,0,16.7
2024-01-27,Richards Bay (South Africa),Indian East Coast (Paradip/Vizag/Gangavaram),4300,1837,517.13,0,16.81
2024-01-28,Richards Bay (South Africa),Indian East Coast (Paradip/Vizag/Gangavaram),4300,1758,517.53,0,16.41
2024-01-29,Richards Bay (South Africa),Indian East Coast (Paradip/Vizag/Gangavaram),4300,1716,518.76,0,15.65
2024-01-30,Richards Bay (South Africa),Indian East Coast (Paradip/Vizag/Gangavaram),4300,1678,521.2,0,16.02
2024-01-31,Richards Bay (South Africa),Indian East Coast (Paradip/Vizag/Gangavaram),4300,1636,517.27,0,16.16
2024-02-01,Richards Bay (South Africa),Indian East Coast (Paradip/Vizag/Gangavaram),4300,1723,518.57,0,15.95
2024-02-02,Richards Bay (South Africa),Indian East Coast (Paradip/Vizag/Gangavaram),4300,1688,517.01,0,16.01
2024-02-03,Richards Bay (South Africa),Indian East Coast (Paradip/Vizag/Gangavaram),4300,1645,509.41,0,15.75
2024-02-04,Richards Bay (South Africa),Indian East Coast (Paradip/Vizag/Gangavaram),4300,1489,502.86,0,14.7
2024-02-05,Richards Bay (South Africa),Indian East Coast (Paradip/Vizag/Gangavaram),4300,1414,499.34,0,15.09
2024-02-06,Richards Bay (South Africa),Indian East Coast (Paradip/Vizag/Gangavaram),4300,1380,500.02,0,14.1
2024-02-07,Richards Bay (South Africa),Indian East Coast (Paradip/Vizag/Gangavaram),4300,1321,499.56,0,13.56
2024-02-08,Richards Bay (South Africa),Indian East Coast (Paradip/Vizag/Gangavaram),4300,1389,499.3,0,14.87
2024-02-09,Richards Bay (South Africa),Indian East Coast (Paradip/Vizag/Gangavaram),4300,1361,503.84,0,14.59
2024-02-10,Richards Bay (South Africa),Indian East Coast (Paradip/Vizag/Gangavaram),4300,1420,499.62,0,14.23
2024-02-11,Richards Bay (South Africa),Indian East Coast (Paradip/Vizag/Gangavaram),4300,1403,498.77,0,15.27
2024-02-12,Richards Bay (South Africa),Indian East Coast (Paradip/Vizag/Gangavaram),4300,1386,498.83,0,15.36
2024-02-13,Richards Bay (South Africa),Indian East Coast (Paradip/Vizag/Gangavaram),4300,1362,496.05,0,14.31
2024-02-14,Richards Bay (South Africa),Indian East Coast (Paradip/Vizag/Gangavaram),4300,1344,495.35,0,14.75
2024-02-15,Richards Bay (South Africa),Indian East Coast (Paradip/Vizag/Gangavaram),4300,1425,490.22,0,13.27
2024-02-16,Richards Bay (South Africa),Indian East Coast (Paradip/Vizag/Gangavaram),4300,1272,493.28,0,14.37
2024-02-17,Richards Bay (South Africa),Indian East Coast (Paradip/Vizag/Gangavaram),4300,1145,490.64,0,13.07
2024-02-18,Richards Bay (South Africa),Indian East Coast (Paradip/Vizag/Gangavaram),4300,1105,495.39,0,13.42
2024-02-19,Richards Bay (South Africa),Indian East Coast (Paradip/Vizag/Gangavaram),4300,1098,494.52,0,12.6
2024-02-20,Richards Bay (South Africa),Indian East Coast (Paradip/Vizag/Gangavaram),4300,1129,496.53,0,13.42
2024-02-21,Richards Bay (South Africa),Indian East Coast (Paradip/Vizag/Gangavaram),4300,1147,495.6,0,13.0
2024-02-22,Richards Bay (South Africa),Indian East Coast (Paradip/Vizag/Gangavaram),4300,1116,494.73,0,12.96
2024-02-23,Richards Bay (South Africa),Indian East Coast (Paradip/Vizag/Gangavaram),4300,1165,492.35,0,14.46
2024-02-24,Richards Bay (South Africa),Indian East Coast (Paradip/Vizag/Gangavaram),4300,1213,491.88,0,13.54
2024-02-25,Richards Bay (South Africa),Indian East Coast (Paradip/Vizag/Gangavaram),4300,1212,491.96,0,14.83
2024-02-26,Richards Bay (South Africa),Indian East Coast (Paradip/Vizag/Gangavaram),4300,1255,489.03,0,13.7
2024-02-27,Richards Bay (South Africa),Indian East Coast (Paradip/Vizag/Gangavaram),4300,1258,487.9,0,14.54
2024-02-28,Richards Bay (South Africa),Indian East Coast (Paradip/Vizag/Gangavaram),4300,1216,485.44,0,12.94
2024-02-29,Richards Bay (South Africa),Indian East Coast (Paradip/Vizag/Gangavaram),4300,1245,490.9,0,13.17
2024-03-01,Richards Bay (South Africa),Indian East Coast (Paradip/Vizag/Gangavaram),4300,1240,489.86,0,13.35
2024-03-02,Richards Bay (South Africa),Indian East Coast (Paradip/Vizag/Gangavaram),4300,1230,493.27,0,14.41
2024-03-03,Richards Bay (South Africa),Indian East Coast (Paradip/Vizag/Gangavaram),4300,1300,491.94,0,14.24
2024-03-04,Richards Bay (South Africa),Indian East Coast (Paradip/Vizag/Gangavaram),4300,1152,491.84,0,12.27
2024-03-05,Richards Bay (South Africa),Indian East Coast (Paradip/Vizag/Gangavaram),4300,1066,487.45,0,12.5
2024-03-06,Richards Bay (South Africa),Indian East Coast (Paradip/Vizag/Gangavaram),4300,995,485.43,0,12.1
2024-03-07,Richards Bay (South Africa),Indian East Coast (Paradip/Vizag/Gangavaram),4300,972,485.2,0,12.99
2024-03-08,Richards Bay (South Africa),Indian East Coast (Paradip/Vizag/Gangavaram),4300,956,488.72,0,12.86
2024-03-09,Richards Bay (South Africa),Indian East Coast (Paradip/Vizag/Gangavaram),4300,871,488.52,0,12.22
2024-03-10,Richards Bay (South Africa),Indian East Coast (Paradip/Vizag/Gangavaram),4300,817,491.48,0,12.0
2024-03-11,Richards Bay (South Africa),Indian East Coast (Paradip/Vizag/Gangavaram),4300,772,492.42,0,12.16
2024-03-12,Richards Bay (South Africa),Indian East Coast (Paradip/Vizag/Gangavaram),4300,911,496.04,0,12.2
2024-03-13,Richards Bay (South Africa),Indian East Coast (Paradip/Vizag/Gangavaram),4300,1009,495.07,0,12.98
2024-03-14,Richards Bay (South Africa),Indian East Coast (Paradip/Vizag/Gangavaram),4300,982,500.77,0,13.52
2024-03-15,Richards Bay (South Africa),Indian East Coast (Paradip/Vizag/Gangavaram),4300,958,498.64,0,12.37
2024-03-16,Richards Bay (South Africa),Indian East Coast (Paradip/Vizag/Gangavaram),4300,891,495.75,0,12.43
2024-03-17,Richards Bay (South Africa),Indian East Coast (Paradip/Vizag/Gangavaram),4300,785,491.65,0,12.06
2024-03-18,Richards Bay (South Africa),Indian East Coast (Paradip/Vizag/Gangavaram),4300,781,497.19,0,12.24
2024-03-19,Richards Bay (South Africa),Indian East Coast (Paradip/Vizag/Gangavaram),4300,728,498.61,0,11.33
2024-03-20,Richards Bay (South Africa),Indian East Coast (Paradip/Vizag/Gangavaram),4300,728,496.89,0,12.03
2024-03-21,Richards Bay (South Africa),Indian East Coast (Paradip/Vizag/Gangavaram),4300,644,499.48,0,11.35
2024-03-22,Richards Bay (South Africa),Indian East Coast (Paradip/Vizag/Gangavaram),4300,609,500.55,0,11.6
2024-03-23,Richards Bay (South Africa),Indian East Coast (Paradip/Vizag/Gangavaram),4300,624,505.09,0,11.52
2024-03-24,Richards Bay (South Africa),Indian East Coast (Paradip/Vizag/Gangavaram),4300,652,500.07,0,11.58
2024-03-25,Richards Bay (South Africa),Indian East Coast (Paradip/Vizag/Gangavaram),4300,681,498.54,0,11.46
2024-03-26,Richards Bay (South Africa),Indian East Coast (Paradip/Vizag/Gangavaram),4300,613,496.47,0,11.25
2024-03-27,Richards Bay (South Africa),Indian East Coast (Paradip/Vizag/Gangavaram),4300,667,490.3,0,10.86
2024-03-28,Richards Bay (South Africa),Indian East Coast (Paradip/Vizag/Gangavaram),4300,628,492.37,0,11.58
2024-03-29,Richards Bay (South Africa),Indian East Coast (Paradip/Vizag/Gangavaram),4300,669,490.83,0,10.85
2024-03-30,Richards Bay (South Africa),Indian East Coast (Paradip/Vizag/Gangavaram),4300,673,492.03,0,11.55
2024-03-31,Richards Bay (South Africa),Indian East Coast (Paradip/Vizag/Gangavaram),4300,602,497.65,0,10.85
2024-04-01,Richards Bay (South Africa),Indian East Coast (Paradip/Vizag/Gangavaram),4300,591,495.88,0,10.93
2024-04-02,Richards Bay (South Africa),Indian East Coast (Paradip/Vizag/Gangavaram),4300,618,493.93,0,11.21
2024-04-03,Richards Bay (South Africa),Indian East Coast (Paradip/Vizag/Gangavaram),4300,658,493.44,0,11.18
2024-04-04,Richards Bay (South Africa),Indian East Coast (Paradip/Vizag/Gangavaram),4300,654,495.32,0,11.7
2024-04-05,Richards Bay (South Africa),Indian East Coast (Paradip/Vizag/Gangavaram),4300,743,492.98,0,11.75
2024-04-06,Richards Bay (South Africa),Indian East Coast (Paradip/Vizag/Gangavaram),4300,799,490.46,0,11.47
2024-04-07,Richards Bay (South Africa),Indian East Coast (Paradip/Vizag/Gangavaram),4300,784,492.53,0,12.37
2024-04-08,Richards Bay (South Africa),Indian East Coast (Paradip/Vizag/Gangavaram),4300,825,492.75,0,12.6
2024-04-09,Richards Bay (South Africa),Indian East Coast (Paradip/Vizag/Gangavaram),4300,929,486.39,0,12.97
2024-04-10,Richards Bay (South Africa),Indian East Coast (Paradip/Vizag/Gangavaram),4300,1031,482.25,0,12.75
2024-04-11,Richards Bay (South Africa),Indian East Coast (Paradip/Vizag/Gangavaram),4300,954,485.54,0,13.05
2024-04-12,Richards Bay (South Africa),Indian East Coast (Paradip/Vizag/Gangavaram),4300,896,485.83,0,12.66
2024-04-13,Richards Bay (South Africa),Indian East Coast (Paradip/Vizag/Gangavaram),4300,973,482.95,0,12.41
2024-04-14,Richards Bay (South Africa),Indian East Coast (Paradip/Vizag/Gangavaram),4300,907,481.69,0,11.66
2024-04-15,Richards Bay (South Africa),Indian East Coast (Paradip/Vizag/Gangavaram),4300,828,480.93,0,11.94
2024-04-16,Richards Bay (South Africa),Indian East Coast (Paradip/Vizag/Gangavaram),4300,798,482.13,0,12.29
2024-04-17,Richards Bay (South Africa),Indian East Coast (Paradip/Vizag/Gangavaram),4300,819,477.64,0,11.75
2024-04-18,Richards Bay (South Africa),Indian East Coast (Paradip/Vizag/Gangavaram),4300,811,474.56,0,10.73
2024-04-19,Richards Bay (South Africa),Indian East Coast (Paradip/Vizag/Gangavaram),4300,772,474.51,0,11.88
2024-04-20,Richards Bay (South Africa),Indian East Coast (Paradip/Vizag/Gangavaram),4300,734,473.44,0,11.57
2024-04-21,Richards Bay (South Africa),Indian East Coast (Paradip/Vizag/Gangavaram),4300,694,474.2,0,11.34
2024-04-22,Richards Bay (South Africa),Indian East Coast (Paradip/Vizag/Gangavaram),4300,647,470.07,0,11.06
2024-04-23,Richards Bay (South Africa),Indian East Coast (Paradip/Vizag/Gangavaram),4300,775,470.25,0,11.67
2024-04-24,Richards Bay (South Africa),Indian East Coast (Paradip/Vizag/Gangavaram),4300,789,472.43,0,11.3
2024-04-25,Richards Bay (South Africa),Indian East Coast (Paradip/Vizag/Gangavaram),4300,835,472.97,0,12.69
2024-04-26,Richards Bay (South Africa),Indian East Coast (Paradip/Vizag/Gangavaram),4300,804,472.56,0,11.14
2024-04-27,Richards Bay (South Africa),Indian East Coast (Paradip/Vizag/Gangavaram),4300,791,471.51,0,11.24
2024-04-28,Richards Bay (South Africa),Indian East Coast (Paradip/Vizag/Gangavaram),4300,748,468.46,0,11.26
2024-04-29,Richards Bay (South Africa),Indian East Coast (Paradip/Vizag/Gangavaram),4300,601,467.48,0,10.57
2024-04-30,Richards Bay (South Africa),Indian East Coast (Paradip/Vizag/Gangavaram),4300,529,470.13,0,10.71
2024-05-01,Richards Bay (South Africa),Indian East Coast (Paradip/Vizag/Gangavaram),4300,435,469.02,0,10.82
2024-05-02,Richards Bay (South Africa),Indian East Coast (Paradip/Vizag/Gangavaram),4300,400,465.82,0,10.47
2024-05-03,Richards Bay (South Africa),Indian East Coast (Paradip/Vizag/Gangavaram),4300,400,463.71,0,10.09
2024-05-04,Richards Bay (South Africa),Indian East Coast (Paradip/Vizag/Gangavaram),4300,400,463.48,0,9.22
2024-05-05,Richards Bay (South Africa),Indian East Coast (Paradip/Vizag/Gangavaram),4300,400,461.69,0,9.66
2024-05-06,Richards Bay (South Africa),Indian East Coast (Paradip/Vizag/Gangavaram),4300,448,462.24,0,10.04
2024-05-07,Richards Bay (South Africa),Indian East Coast (Paradip/Vizag/Gangavaram),4300,480,462.89,0,10.07
2024-05-08,Richards Bay (South Africa),Indian East Coast (Paradip/Vizag/Gangavaram),4300,531,464.54,0,10.2
2024-05-09,Richards Bay (South Africa),Indian East Coast (Paradip/Vizag/Gangavaram),4300,487,467.65,0,10.66
2024-05-10,Richards Bay (South Africa),Indian East Coast (Paradip/Vizag/Gangavaram),4300,523,469.59,0,10.42
2024-05-11,Richards Bay (South Africa),Indian East Coast (Paradip/Vizag/Gangavaram),4300,570,466.29,0,10.75
2024-05-12,Richards Bay (South Africa),Indian East Coast (Paradip/Vizag/Gangavaram),4300,542,463.07,0,10.88
2024-05-13,Richards Bay (South Africa),Indian East Coast (Paradip/Vizag/Gangavaram),4300,579,462.11,0,10.56
2024-05-14,Richards Bay (South Africa),Indian East Coast (Paradip/Vizag/Gangavaram),4300,614,460.12,0,11.34
2024-05-15,Richards Bay (South Africa),Indian East Coast (Paradip/Vizag/Gangavaram),4300,587,456.27,0,10.01
2024-05-16,Richards Bay (South Africa),Indian East Coast (Paradip/Vizag/Gangavaram),4300,529,454.32,0,10.13
2024-05-17,Richards Bay (South Africa),Indian East Coast (Paradip/Vizag/Gangavaram),4300,470,452.28,0,9.73
2024-05-18,Richards Bay (South Africa),Indian East Coast (Paradip/Vizag/Gangavaram),4300,483,449.7,0,10.41
2024-05-19,Richards Bay (South Africa),Indian East Coast (Paradip/Vizag/Gangavaram),4300,508,448.1,0,10.29
2024-05-20,Richards Bay (South Africa),Indian East Coast (Paradip/Vizag/Gangavaram),4300,471,450.56,0,9.88
2024-05-21,Richards Bay (South Africa),Indian East Coast (Paradip/Vizag/Gangavaram),4300,481,450.36,0,9.97
2024-05-22,Richards Bay (South Africa),Indian East Coast (Paradip/Vizag/Gangavaram),4300,520,456.35,0,10.57
2024-05-23,Richards Bay (South Africa),Indian East Coast (Paradip/Vizag/Gangavaram),4300,560,456.07,0,10.57
2024-05-24,Richards Bay (South Africa),Indian East Coast (Paradip/Vizag/Gangavaram),4300,650,454.55,0,11.43
2024-05-25,Richards Bay (South Africa),Indian East Coast (Paradip/Vizag/Gangavaram),4300,722,453.83,0,10.96
2024-05-26,Richards Bay (South Africa),Indian East Coast (Paradip/Vizag/Gangavaram),4300,667,453.8,0,11.03
2024-05-27,Richards Bay (South Africa),Indian East Coast (Paradip/Vizag/Gangavaram),4300,760,454.25,0,11.37
2024-05-28,Richards Bay (South Africa),Indian East Coast (Paradip/Vizag/Gangavaram),4300,729,459.18,0,10.78
2024-05-29,Richards Bay (South Africa),Indian East Coast (Paradip/Vizag/Gangavaram),4300,785,456.16,0,11.39
2024-05-30,Richards Bay (South Africa),Indian East Coast (Paradip/Vizag/Gangavaram),4300,786,457.77,0,11.03
2024-05-31,Richards Bay (South Africa),Indian East Coast (Paradip/Vizag/Gangavaram),4300,761,457.62,0,11.59
2024-06-01,Richards Bay (South Africa),Indian East Coast (Paradip/Vizag/Gangavaram),4300,659,452.63,1,12.87
2024-06-02,Richards Bay (South Africa),Indian East Coast (Paradip/Vizag/Gangavaram),4300,651,454.02,1,12.78
2024-06-03,Richards Bay (South Africa),Indian East Coast (Paradip/Vizag/Gangavaram),4300,569,456.76,1,12.26
2024-06-04,Richards Bay (South Africa),Indian East Coast (Paradip/Vizag/Gangavaram),4300,629,453.72,1,12.89
2024-06-05,Richards Bay (South Africa),Indian East Coast (Paradip/Vizag/Gangavaram),4300,719,452.99,1,13.36
2024-06-06,Richards Bay (South Africa),Indian East Coast (Paradip/Vizag/Gangavaram),4300,679,447.6,1,12.88
2024-06-07,Richards Bay (South Africa),Indian East Coast (Paradip/Vizag/Gangavaram),4300,702,443.48,1,13.21
2024-06-08,Richards Bay (South Africa),Indian East Coast (Paradip/Vizag/Gangavaram),4300,667,445.64,1,12.73
2024-06-09,Richards Bay (South Africa),Indian East Coast (Paradip/Vizag/Gangavaram),4300,639,443.68,1,12.27
2024-06-10,Richards Bay (South Africa),Indian East Coast (Paradip/Vizag/Gangavaram),4300,694,439.97,1,12.46
2024-06-11,Richards Bay (South Africa),Indian East Coast (Paradip/Vizag/Gangavaram),4300,700,439.91,1,12.79
2024-06-12,Richards Bay (South Africa),Indian East Coast (Paradip/Vizag/Gangavaram),4300,811,437.81,1,12.22
2024-06-13,Richards Bay (South Africa),Indian East Coast (Paradip/Vizag/Gangavaram),4300,788,435.85,1,12.91
2024-06-14,Richards Bay (South Africa),Indian East Coast (Paradip/Vizag/Gangavaram),4300,855,437.18,1,12.31
2024-06-15,Richards Bay (South Africa),Indian East Coast (Paradip/Vizag/Gangavaram),4300,866,433.35,1,13.47
2024-06-16,Richards Bay (South Africa),Indian East Coast (Paradip/Vizag/Gangavaram),4300,919,430.22,1,13.7
2024-06-17,Richards Bay (South Africa),Indian East Coast (Paradip/Vizag/Gangavaram),4300,893,429.97,1,12.68
2024-06-18,Richards Bay (South Africa),Indian East Coast (Paradip/Vizag/Gangavaram),4300,893,431.94,1,13.06
2024-06-19,Richards Bay (South Africa),Indian East Coast (Paradip/Vizag/Gangavaram),4300,887,434.65,1,13.49
2024-06-20,Richards Bay (South Africa),Indian East Coast (Paradip/Vizag/Gangavaram),4300,835,432.18,1,13.81
2024-06-21,Richards Bay (South Africa),Indian East Coast (Paradip/Vizag/Gangavaram),4300,878,434.08,1,14.26
2024-06-22,Richards Bay (South Africa),Indian East Coast (Paradip/Vizag/Gangavaram),4300,919,431.3,1,13.64
2024-06-23,Richards Bay (South Africa),Indian East Coast (Paradip/Vizag/Gangavaram),4300,953,435.62,1,13.66
2024-06-24,Richards Bay (South Africa),Indian East Coast (Paradip/Vizag/Gangavaram),4300,1044,431.89,1,14.03
2024-06-25,Richards Bay (South Africa),Indian East Coast (Paradip/Vizag/Gangavaram),4300,1125,434.87,1,14.57
2024-06-26,Richards Bay (South Africa),Indian East Coast (Paradip/Vizag/Gangavaram),4300,1087,432.44,1,14.0
2024-06-27,Richards Bay (South Africa),Indian East Coast (Paradip/Vizag/Gangavaram),4300,1095,437.29,1,13.73
2024-06-28,Richards Bay (South Africa),Indian East Coast (Paradip/Vizag/Gangavaram),4300,1040,438.27,1,14.13
2024-06-29,Richards Bay (South Africa),Indian East Coast (Paradip/Vizag/Gangavaram),4300,1026,434.88,1,13.72
2024-06-30,Richards Bay (South Africa),Indian East Coast (Paradip/Vizag/Gangavaram),4300,973,432.84,1,14.29
2024-07-01,Richards Bay (South Africa),Indian East Coast (Paradip/Vizag/Gangavaram),4300,1056,434.34,1,14.45
2024-07-02,Richards Bay (South Africa),Indian East Coast (Paradip/Vizag/Gangavaram),4300,1059,436.59,1,15.11
2024-07-03,Richards Bay (South Africa),Indian East Coast (Paradip/Vizag/Gangavaram),4300,1026,435.79,1,14.17
2024-07-04,Richards Bay (South Africa),Indian East Coast (Paradip/Vizag/Gangavaram),4300,1077,435.31,1,13.91
2024-07-05,Richards Bay (South Africa),Indian East Coast (Paradip/Vizag/Gangavaram),4300,928,436.77,1,13.83
2024-07-06,Richards Bay (South Africa),Indian East Coast (Paradip/Vizag/Gangavaram),4300,796,436.53,1,12.66
2024-07-07,Richards Bay (South Africa),Indian East Coast (Paradip/Vizag/Gangavaram),4300,832,432.41,1,12.83
2024-07-08,Richards Bay (South Africa),Indian East Coast (Paradip/Vizag/Gangavaram),4300,824,429.61,1,12.73
2024-07-09,Richards Bay (South Africa),Indian East Coast (Paradip/Vizag/Gangavaram),4300,828,429.66,1,11.5
2024-07-10,Richards Bay (South Africa),Indian East Coast (Paradip/Vizag/Gangavaram),4300,744,432.39,1,12.02
2024-07-11,Richards Bay (South Africa),Indian East Coast (Paradip/Vizag/Gangavaram),4300,737,436.2,1,13.43
2024-07-12,Richards Bay (South Africa),Indian East Coast (Paradip/Vizag/Gangavaram),4300,843,437.75,1,12.75
2024-07-13,Richards Bay (South Africa),Indian East Coast (Paradip/Vizag/Gangavaram),4300,881,437.96,1,13.22
2024-07-14,Richards Bay (South Africa),Indian East Coast (Paradip/Vizag/Gangavaram),4300,882,439.43,1,13.4
2024-07-15,Richards Bay (South Africa),Indian East Coast (Paradip/Vizag/Gangavaram),4300,851,437.05,1,12.23
2024-07-16,Richards Bay (South Africa),Indian East Coast (Paradip/Vizag/Gangavaram),4300,824,436.07,1,13.15
2024-07-17,Richards Bay (South Africa),Indian East Coast (Paradip/Vizag/Gangavaram),4300,702,433.28,1,12.92
2024-07-18,Richards Bay (South Africa),Indian East Coast (Paradip/Vizag/Gangavaram),4300,716,429.33,1,12.65
2024-07-19,Richards Bay (South Africa),Indian East Coast (Paradip/Vizag/Gangavaram),4300,762,429.69,1,11.32
2024-07-20,Richards Bay (South Africa),Indian East Coast (Paradip/Vizag/Gangavaram),4300,673,429.66,1,12.32
2024-07-21,Richards Bay (South Africa),Indian East Coast (Paradip/Vizag/Gangavaram),4300,638,430.99,1,12.06
2024-07-22,Richards Bay (South Africa),Indian East Coast (Paradip/Vizag/Gangavaram),4300,576,431.94,1,11.94
2024-07-23,Richards Bay (South Africa),Indian East Coast (Paradip/Vizag/Gangavaram),4300,528,432.07,1,10.9
2024-07-24,Richards Bay (South Africa),Indian East Coast (Paradip/Vizag/Gangavaram),4300,537,433.06,1,12.45
2024-07-25,Richards Bay (South Africa),Indian East Coast (Paradip/Vizag/Gangavaram),4300,428,432.43,1,10.6
2024-07-26,Richards Bay (South Africa),Indian East Coast (Paradip/Vizag/Gangavaram),4300,471,433.03,1,11.13
2024-07-27,Richards Bay (South Africa),Indian East Coast (Paradip/Vizag/Gangavaram),4300,521,430.55,1,10.78
2024-07-28,Richards Bay (South Africa),Indian East Coast (Paradip/Vizag/Gangavaram),4300,514,431.04,1,10.95
2024-07-29,Richards Bay (South Africa),Indian East Coast (Paradip/Vizag/Gangavaram),4300,400,432.36,1,10.23
2024-07-30,Richards Bay (South Africa),Indian East Coast (Paradip/Vizag/Gangavaram),4300,400,430.04,1,11.24
2024-07-31,Richards Bay (South Africa),Indian East Coast (Paradip/Vizag/Gangavaram),4300,423,429.69,1,11.54
2024-08-01,Richards Bay (South Africa),Indian East Coast (Paradip/Vizag/Gangavaram),4300,400,427.5,1,10.9
2024-08-02,Richards Bay (South Africa),Indian East Coast (Paradip/Vizag/Gangavaram),4300,400,425.59,1,10.58
2024-08-03,Richards Bay (South Africa),Indian East Coast (Paradip/Vizag/Gangavaram),4300,400,422.05,1,11.07
2024-08-04,Richards Bay (South Africa),Indian East Coast (Paradip/Vizag/Gangavaram),4300,400,425.02,1,11.01
2024-08-05,Richards Bay (South Africa),Indian East Coast (Paradip/Vizag/Gangavaram),4300,400,427.45,1,10.32
2024-08-06,Richards Bay (South Africa),Indian East Coast (Paradip/Vizag/Gangavaram),4300,400,428.44,1,10.8
2024-08-07,Richards Bay (South Africa),Indian East Coast (Paradip/Vizag/Gangavaram),4300,400,433.35,1,11.01
2024-08-08,Richards Bay (South Africa),Indian East Coast (Paradip/Vizag/Gangavaram),4300,468,432.38,1,11.4
2024-08-09,Richards Bay (South Africa),Indian East Coast (Paradip/Vizag/Gangavaram),4300,466,440.17,1,11.5
2024-08-10,Richards Bay (South Africa),Indian East Coast (Paradip/Vizag/Gangavaram),4300,497,439.11,1,11.47
2024-08-11,Richards Bay (South Africa),Indian East Coast (Paradip/Vizag/Gangavaram),4300,424,439.36,1,11.37
2024-08-12,Richards Bay (South Africa),Indian East Coast (Paradip/Vizag/Gangavaram),4300,502,437.84,1,12.05
2024-08-13,Richards Bay (South Africa),Indian East Coast (Paradip/Vizag/Gangavaram),4300,469,438.42,1,11.16
2024-08-14,Richards Bay (South Africa),Indian East Coast (Paradip/Vizag/Gangavaram),4300,448,440.27,1,11.04
2024-08-15,Richards Bay (South Africa),Indian East Coast (Paradip/Vizag/Gangavaram),4300,458,439.54,1,10.7
2024-08-16,Richards Bay (South Africa),Indian East Coast (Paradip/Vizag/Gangavaram),4300,400,443.95,1,11.23
2024-08-17,Richards Bay (South Africa),Indian East Coast (Paradip/Vizag/Gangavaram),4300,410,444.19,1,11.32
2024-08-18,Richards Bay (South Africa),Indian East Coast (Paradip/Vizag/Gangavaram),4300,476,444.52,1,11.9
2024-08-19,Richards Bay (South Africa),Indian East Coast (Paradip/Vizag/Gangavaram),4300,503,441.64,1,12.16
2024-08-20,Richards Bay (South Africa),Indian East Coast (Paradip/Vizag/Gangavaram),4300,425,442.39,1,11.18
2024-08-21,Richards Bay (South Africa),Indian East Coast (Paradip/Vizag/Gangavaram),4300,431,441.63,1,10.62
2024-08-22,Richards Bay (South Africa),Indian East Coast (Paradip/Vizag/Gangavaram),4300,485,439.59,1,11.92
2024-08-23,Richards Bay (South Africa),Indian East Coast (Paradip/Vizag/Gangavaram),4300,400,437.09,1,10.86
2024-08-24,Richards Bay (South Africa),Indian East Coast (Paradip/Vizag/Gangavaram),4300,400,443.98,1,11.57
2024-08-25,Richards Bay (South Africa),Indian East Coast (Paradip/Vizag/Gangavaram),4300,412,442.9,1,11.57
2024-08-26,Richards Bay (South Africa),Indian East Coast (Paradip/Vizag/Gangavaram),4300,441,438.57,1,10.78
2024-08-27,Richards Bay (South Africa),Indian East Coast (Paradip/Vizag/Gangavaram),4300,476,436.31,1,10.93
2024-08-28,Richards Bay (South Africa),Indian East Coast (Paradip/Vizag/Gangavaram),4300,591,435.81,1,12.56
2024-08-29,Richards Bay (South Africa),Indian East Coast (Paradip/Vizag/Gangavaram),4300,625,436.95,1,12.23
2024-08-30,Richards Bay (South Africa),Indian East Coast (Paradip/Vizag/Gangavaram),4300,668,438.11,1,12.26
2024-08-31,Richards Bay (South Africa),Indian East Coast (Paradip/Vizag/Gangavaram),4300,823,439.61,1,12.91
2024-09-01,Richards Bay (South Africa),Indian East Coast (Paradip/Vizag/Gangavaram),4300,811,437.52,1,13.4
2024-09-02,Richards Bay (South Africa),Indian East Coast (Paradip/Vizag/Gangavaram),4300,769,438.12,1,12.98
2024-09-03,Richards Bay (South Africa),Indian East Coast (Paradip/Vizag/Gangavaram),4300,795,435.41,1,12.72
2024-09-04,Richards Bay (South Africa),Indian East Coast (Paradip/Vizag/Gangavaram),4300,821,433.4,1,13.52
2024-09-05,Richards Bay (South Africa),Indian East Coast (Paradip/Vizag/Gangavaram),4300,793,430.59,1,13.87
2024-09-06,Richards Bay (South Africa),Indian East Coast (Paradip/Vizag/Gangavaram),4300,739,427.05,1,12.03
2024-09-07,Richards Bay (South Africa),Indian East Coast (Paradip/Vizag/Gangavaram),4300,870,429.64,1,13.21
2024-09-08,Richards Bay (South Africa),Indian East Coast (Paradip/Vizag/Gangavaram),4300,888,431.22,1,13.65
2024-09-09,Richards Bay (South Africa),Indian East Coast (Paradip/Vizag/Gangavaram),4300,847,433.58,1,13.09
2024-09-10,Richards Bay (South Africa),Indian East Coast (Paradip/Vizag/Gangavaram),4300,898,433.4,1,13.01
2024-09-11,Richards Bay (South Africa),Indian East Coast (Paradip/Vizag/Gangavaram),4300,892,435.23,1,13.02
2024-09-12,Richards Bay (South Africa),Indian East Coast (Paradip/Vizag/Gangavaram),4300,878,430.17,1,13.66
2024-09-13,Richards Bay (South Africa),Indian East Coast (Paradip/Vizag/Gangavaram),4300,909,432.24,1,12.45
2024-09-14,Richards Bay (South Africa),Indian East Coast (Paradip/Vizag/Gangavaram),4300,838,432.46,1,12.19
2024-09-15,Richards Bay (South Africa),Indian East Coast (Paradip/Vizag/Gangavaram),4300,859,433.91,1,13.17
2024-09-16,Richards Bay (South Africa),Indian East Coast (Paradip/Vizag/Gangavaram),4300,966,434.68,1,13.93
2024-09-17,Richards Bay (South Africa),Indian East Coast (Paradip/Vizag/Gangavaram),4300,990,431.75,1,13.11
2024-09-18,Richards Bay (South Africa),Indian East Coast (Paradip/Vizag/Gangavaram),4300,967,427.43,1,13.05
2024-09-19,Richards Bay (South Africa),Indian East Coast (Paradip/Vizag/Gangavaram),4300,937,425.26,1,12.94
2024-09-20,Richards Bay (South Africa),Indian East Coast (Paradip/Vizag/Gangavaram),4300,914,426.56,1,13.45
2024-09-21,Richards Bay (South Africa),Indian East Coast (Paradip/Vizag/Gangavaram),4300,901,428.21,1,13.14
2024-09-22,Richards Bay (South Africa),Indian East Coast (Paradip/Vizag/Gangavaram),4300,882,424.27,1,12.39
2024-09-23,Richards Bay (South Africa),Indian East Coast (Paradip/Vizag/Gangavaram),4300,934,421.39,1,13.34
2024-09-24,Richards Bay (South Africa),Indian East Coast (Paradip/Vizag/Gangavaram),4300,839,419.21,1,12.74
2024-09-25,Richards Bay (South Africa),Indian East Coast (Paradip/Vizag/Gangavaram),4300,891,418.03,1,13.0
2024-09-26,Richards Bay (South Africa),Indian East Coast (Paradip/Vizag/Gangavaram),4300,872,414.13,1,12.26
2024-09-27,Richards Bay (South Africa),Indian East Coast (Paradip/Vizag/Gangavaram),4300,896,410.07,1,13.07
2024-09-28,Richards Bay (South Africa),Indian East Coast (Paradip/Vizag/Gangavaram),4300,837,407.65,1,12.28
2024-09-29,Richards Bay (South Africa),Indian East Coast (Paradip/Vizag/Gangavaram),4300,915,407.7,1,12.49
2024-09-30,Richards Bay (South Africa),Indian East Coast (Paradip/Vizag/Gangavaram),4300,986,404.31,1,13.03
2024-10-01,Richards Bay (South Africa),Indian East Coast (Paradip/Vizag/Gangavaram),4300,1038,403.83,0,11.66
2024-10-02,Richards Bay (South Africa),Indian East Coast (Paradip/Vizag/Gangavaram),4300,953,406.54,0,11.53
2024-10-03,Richards Bay (South Africa),Indian East Coast (Paradip/Vizag/Gangavaram),4300,1001,402.84,0,11.61
2024-10-04,Richards Bay (South Africa),Indian East Coast (Paradip/Vizag/Gangavaram),4300,1023,402.13,0,12.5
2024-10-05,Richards Bay (South Africa),Indian East Coast (Paradip/Vizag/Gangavaram),4300,934,404.77,0,11.82
2024-10-06,Richards Bay (South Africa),Indian East Coast (Paradip/Vizag/Gangavaram),4300,936,403.49,0,11.18
2024-10-07,Richards Bay (South Africa),Indian East Coast (Paradip/Vizag/Gangavaram),4300,959,401.79,0,11.62
2024-10-08,Richards Bay (South Africa),Indian East Coast (Paradip/Vizag/Gangavaram),4300,992,404.82,0,11.57
2024-10-09,Richards Bay (South Africa),Indian East Coast (Paradip/Vizag/Gangavaram),4300,1003,403.87,0,11.83
2024-10-10,Richards Bay (South Africa),Indian East Coast (Paradip/Vizag/Gangavaram),4300,1020,406.75,0,12.27
2024-10-11,Richards Bay (South Africa),Indian East Coast (Paradip/Vizag/Gangavaram),4300,1102,407.8,0,11.84
2024-10-12,Richards Bay (South Africa),Indian East Coast (Paradip/Vizag/Gangavaram),4300,1168,406.76,0,12.53
2024-10-13,Richards Bay (South Africa),Indian East Coast (Paradip/Vizag/Gangavaram),4300,1006,407.97,0,12.05
2024-10-14,Richards Bay (South Africa),Indian East Coast (Paradip/Vizag/Gangavaram),4300,991,408.74,0,12.03
2024-10-15,Richards Bay (South Africa),Indian East Coast (Paradip/Vizag/Gangavaram),4300,984,411.43,0,11.56
2024-10-16,Richards Bay (South Africa),Indian East Coast (Paradip/Vizag/Gangavaram),4300,891,409.85,0,10.55
2024-10-17,Richards Bay (South Africa),Indian East Coast (Paradip/Vizag/Gangavaram),4300,903,409.89,0,10.51
2024-10-18,Richards Bay (South Africa),Indian East Coast (Paradip/Vizag/Gangavaram),4300,978,409.65,0,12.59
2024-10-19,Richards Bay (South Africa),Indian East Coast (Paradip/Vizag/Gangavaram),4300,922,411.5,0,11.46
2024-10-20,Richards Bay (South Africa),Indian East Coast (Paradip/Vizag/Gangavaram),4300,947,408.65,0,11.45
2024-10-21,Richards Bay (South Africa),Indian East Coast (Paradip/Vizag/Gangavaram),4300,902,411.36,0,11.35
2024-10-22,Richards Bay (South Africa),Indian East Coast (Paradip/Vizag/Gangavaram),4300,872,412.58,0,10.78
2024-10-23,Richards Bay (South Africa),Indian East Coast (Paradip/Vizag/Gangavaram),4300,962,408.95,0,11.56
2024-10-24,Richards Bay (South Africa),Indian East Coast (Paradip/Vizag/Gangavaram),4300,938,412.2,0,11.03
2024-10-25,Richards Bay (South Africa),Indian East Coast (Paradip/Vizag/Gangavaram),4300,970,418.24,0,11.36
2024-10-26,Richards Bay (South Africa),Indian East Coast (Paradip/Vizag/Gangavaram),4300,873,420.94,0,10.68
2024-10-27,Richards Bay (South Africa),Indian East Coast (Paradip/Vizag/Gangavaram),4300,985,424.8,0,11.15
2024-10-28,Richards Bay (South Africa),Indian East Coast (Paradip/Vizag/Gangavaram),4300,1024,425.02,0,12.39
2024-10-29,Richards Bay (South Africa),Indian East Coast (Paradip/Vizag/Gangavaram),4300,1019,420.49,0,11.5
2024-10-30,Richards Bay (South Africa),Indian East Coast (Paradip/Vizag/Gangavaram),4300,1055,415.47,0,12.3
2024-10-31,Richards Bay (South Africa),Indian East Coast (Paradip/Vizag/Gangavaram),4300,982,416.17,0,12.42
2024-11-01,Richards Bay (South Africa),Indian East Coast (Paradip/Vizag/Gangavaram),4300,1053,414.57,0,11.97
2024-11-02,Richards Bay (South Africa),Indian East Coast (Paradip/Vizag/Gangavaram),4300,1040,412.1,0,11.93
2024-11-03,Richards Bay (South Africa),Indian East Coast (Paradip/Vizag/Gangavaram),4300,1034,411.95,0,11.96
2024-11-04,Richards Bay (South Africa),Indian East Coast (Paradip/Vizag/Gangavaram),4300,1013,413.65,0,11.7
2024-11-05,Richards Bay (South Africa),Indian East Coast (Paradip/Vizag/Gangavaram),4300,987,409.73,0,12.07
2024-11-06,Richards Bay (South Africa),Indian East Coast (Paradip/Vizag/Gangavaram),4300,1033,408.55,0,12.37
2024-11-07,Richards Bay (South Africa),Indian East Coast (Paradip/Vizag/Gangavaram),4300,1054,412.7,0,12.59
2024-11-08,Richards Bay (South Africa),Indian East Coast (Paradip/Vizag/Gangavaram),4300,1095,409.82,0,11.31
2024-11-09,Richards Bay (South Africa),Indian East Coast (Paradip/Vizag/Gangavaram),4300,1100,412.24,0,11.87
2024-11-10,Richards Bay (South Africa),Indian East Coast (Paradip/Vizag/Gangavaram),4300,1132,410.99,0,12.51
2024-11-11,Richards Bay (South Africa),Indian East Coast (Paradip/Vizag/Gangavaram),4300,1113,412.54,0,12.45
2024-11-12,Richards Bay (South Africa),Indian East Coast (Paradip/Vizag/Gangavaram),4300,1241,415.6,0,12.14
2024-11-13,Richards Bay (South Africa),Indian East Coast (Paradip/Vizag/Gangavaram),4300,1155,417.69,0,12.09
2024-11-14,Richards Bay (South Africa),Indian East Coast (Paradip/Vizag/Gangavaram),4300,1228,420.25,0,12.99
2024-11-15,Richards Bay (South Africa),Indian East Coast (Paradip/Vizag/Gangavaram),4300,1305,417.21,0,13.17
2024-11-16,Richards Bay (South Africa),Indian East Coast (Paradip/Vizag/Gangavaram),4300,1257,420.33,0,12.23
2024-11-17,Richards Bay (South Africa),Indian East Coast (Paradip/Vizag/Gangavaram),4300,1380,418.12,0,13.07
2024-11-18,Richards Bay (South Africa),Indian East Coast (Paradip/Vizag/Gangavaram),4300,1432,418.93,0,13.75
2024-11-19,Richards Bay (South Africa),Indian East Coast (Paradip/Vizag/Gangavaram),4300,1480,419.75,0,13.4
2024-11-20,Richards Bay (South Africa),Indian East Coast (Paradip/Vizag/Gangavaram),4300,1476,421.19,0,14.31
2024-11-21,Richards Bay (South Africa),Indian East Coast (Paradip/Vizag/Gangavaram),4300,1458,422.23,0,13.83
2024-11-22,Richards Bay (South Africa),Indian East Coast (Paradip/Vizag/Gangavaram),4300,1441,420.06,0,13.0
2024-11-23,Richards Bay (South Africa),Indian East Coast (Paradip/Vizag/Gangavaram),4300,1459,416.53,0,14.46
2024-11-24,Richards Bay (South Africa),Indian East Coast (Paradip/Vizag/Gangavaram),4300,1531,419.05,0,14.32
2024-11-25,Richards Bay (South Africa),Indian East Coast (Paradip/Vizag/Gangavaram),4300,1534,419.7,0,14.38
2024-11-26,Richards Bay (South Africa),Indian East Coast (Paradip/Vizag/Gangavaram),4300,1478,422.98,0,13.31
2024-11-27,Richards Bay (South Africa),Indian East Coast (Paradip/Vizag/Gangavaram),4300,1518,423.02,0,14.84
2024-11-28,Richards Bay (South Africa),Indian East Coast (Paradip/Vizag/Gangavaram),4300,1563,419.36,0,14.38
2024-11-29,Richards Bay (South Africa),Indian East Coast (Paradip/Vizag/Gangavaram),4300,1593,422.16,0,14.41
2024-11-30,Richards Bay (South Africa),Indian East Coast (Paradip/Vizag/Gangavaram),4300,1626,421.33,0,14.24
2024-12-01,Richards Bay (South Africa),Indian East Coast (Paradip/Vizag/Gangavaram),4300,1602,422.45,0,14.91
2024-12-02,Richards Bay (South Africa),Indian East Coast (Paradip/Vizag/Gangavaram),4300,1543,420.88,0,14.25
2024-12-03,Richards Bay (South Africa),Indian East Coast (Paradip/Vizag/Gangavaram),4300,1490,425.54,0,13.98
2024-12-04,Richards Bay (South Africa),Indian East Coast (Paradip/Vizag/Gangavaram),4300,1397,423.36,0,13.82
2024-12-05,Richards Bay (South Africa),Indian East Coast (Paradip/Vizag/Gangavaram),4300,1411,422.65,0,13.43
2024-12-06,Richards Bay (South Africa),Indian East Coast (Paradip/Vizag/Gangavaram),4300,1406,423.15,0,13.84
2024-12-07,Richards Bay (South Africa),Indian East Coast (Paradip/Vizag/Gangavaram),4300,1382,420.4,0,12.65
2024-12-08,Richards Bay (South Africa),Indian East Coast (Paradip/Vizag/Gangavaram),4300,1221,421.52,0,12.92
2024-12-09,Richards Bay (South Africa),Indian East Coast (Paradip/Vizag/Gangavaram),4300,1160,426.14,0,12.93
2024-12-10,Richards Bay (South Africa),Indian East Coast (Paradip/Vizag/Gangavaram),4300,1232,425.04,0,12.86
2024-12-11,Richards Bay (South Africa),Indian East Coast (Paradip/Vizag/Gangavaram),4300,1203,426.35,0,13.07
2024-12-12,Richards Bay (South Africa),Indian East Coast (Paradip/Vizag/Gangavaram),4300,1231,419.12,0,12.74
2024-12-13,Richards Bay (South Africa),Indian East Coast (Paradip/Vizag/Gangavaram),4300,1163,419.27,0,12.71
2024-12-14,Richards Bay (South Africa),Indian East Coast (Paradip/Vizag/Gangavaram),4300,1253,418.67,0,13.06
2024-12-15,Richards Bay (South Africa),Indian East Coast (Paradip/Vizag/Gangavaram),4300,1253,416.71,0,13.46
2024-12-16,Richards Bay (South Africa),Indian East Coast (Paradip/Vizag/Gangavaram),4300,1277,419.92,0,12.88
2024-12-17,Richards Bay (South Africa),Indian East Coast (Paradip/Vizag/Gangavaram),4300,1412,419.31,0,13.73
2024-12-18,Richards Bay (South Africa),Indian East Coast (Paradip/Vizag/Gangavaram),4300,1498,419.1,0,13.67
2024-12-19,Richards Bay (South Africa),Indian East Coast (Paradip/Vizag/Gangavaram),4300,1482,418.36,0,13.73
2024-12-20,Richards Bay (South Africa),Indian East Coast (Paradip/Vizag/Gangavaram),4300,1450,413.44,0,14.26
2024-12-21,Richards Bay (South Africa),Indian East Coast (Paradip/Vizag/Gangavaram),4300,1435,410.66,0,13.77
2024-12-22,Richards Bay (South Africa),Indian East Coast (Paradip/Vizag/Gangavaram),4300,1466,413.57,0,14.05
2024-12-23,Richards Bay (South Africa),Indian East Coast (Paradip/Vizag/Gangavaram),4300,1462,408.14,0,13.4
2024-12-24,Richards Bay (South Africa),Indian East Coast (Paradip/Vizag/Gangavaram),4300,1443,406.37,0,14.15
2024-12-25,Richards Bay (South Africa),Indian East Coast (Paradip/Vizag/Gangavaram),4300,1528,405.6,0,13.56
2024-12-26,Richards Bay (South Africa),Indian East Coast (Paradip/Vizag/Gangavaram),4300,1522,410.67,0,13.55
2024-12-27,Richards Bay (South Africa),Indian East Coast (Paradip/Vizag/Gangavaram),4300,1650,413.09,0,14.92
2024-12-28,Richards Bay (South Africa),Indian East Coast (Paradip/Vizag/Gangavaram),4300,1652,411.91,0,14.73
2024-12-29,Richards Bay (South Africa),Indian East Coast (Paradip/Vizag/Gangavaram),4300,1748,415.8,0,13.86
2024-12-30,Richards Bay (South Africa),Indian East Coast (Paradip/Vizag/Gangavaram),4300,1761,414.13,0,14.78
2024-12-31,Richards Bay (South Africa),Indian East Coast (Paradip/Vizag/Gangavaram),4300,1808,417.22,0,15.64
2025-01-01,Richards Bay (South Africa),Indian East Coast (Paradip/Vizag/Gangavaram),4300,1761,413.89,0,14.83
2025-01-02,Richards Bay (South Africa),Indian East Coast (Paradip/Vizag/Gangavaram),4300,1708,417.17,0,15.27
2025-01-03,Richards Bay (South Africa),Indian East Coast (Paradip/Vizag/Gangavaram),4300,1730,416.43,0,14.15
2025-01-04,Richards Bay (South Africa),Indian East Coast (Paradip/Vizag/Gangavaram),4300,1781,414.0,0,14.0
2025-01-05,Richards Bay (South Africa),Indian East Coast (Paradip/Vizag/Gangavaram),4300,1777,413.79,0,14.81
2025-01-06,Richards Bay (South Africa),Indian East Coast (Paradip/Vizag/Gangavaram),4300,1701,414.93,0,14.76
2025-01-07,Richards Bay (South Africa),Indian East Coast (Paradip/Vizag/Gangavaram),4300,1624,413.97,0,13.15
2025-01-08,Richards Bay (South Africa),Indian East Coast (Paradip/Vizag/Gangavaram),4300,1547,415.87,0,14.21
2025-01-09,Richards Bay (South Africa),Indian East Coast (Paradip/Vizag/Gangavaram),4300,1453,414.69,0,13.0
2025-01-10,Richards Bay (South Africa),Indian East Coast (Paradip/Vizag/Gangavaram),4300,1466,416.78,0,13.92
2025-01-11,Richards Bay (South Africa),Indian East Coast (Paradip/Vizag/Gangavaram),4300,1535,418.39,0,15.13
2025-01-12,Richards Bay (South Africa),Indian East Coast (Paradip/Vizag/Gangavaram),4300,1539,418.64,0,14.14
2025-01-13,Richards Bay (South Africa),Indian East Coast (Paradip/Vizag/Gangavaram),4300,1420,417.86,0,13.64
2025-01-14,Richards Bay (South Africa),Indian East Coast (Paradip/Vizag/Gangavaram),4300,1418,418.7,0,14.11
2025-01-15,Richards Bay (South Africa),Indian East Coast (Paradip/Vizag/Gangavaram),4300,1419,420.63,0,13.84
2025-01-16,Richards Bay (South Africa),Indian East Coast (Paradip/Vizag/Gangavaram),4300,1544,426.67,0,13.91
2025-01-17,Richards Bay (South Africa),Indian East Coast (Paradip/Vizag/Gangavaram),4300,1470,429.67,0,14.46
2025-01-18,Richards Bay (South Africa),Indian East Coast (Paradip/Vizag/Gangavaram),4300,1457,432.77,0,14.16
2025-01-19,Richards Bay (South Africa),Indian East Coast (Paradip/Vizag/Gangavaram),4300,1560,441.62,0,14.59
2025-01-20,Richards Bay (South Africa),Indian East Coast (Paradip/Vizag/Gangavaram),4300,1590,443.48,0,14.93
2025-01-21,Richards Bay (South Africa),Indian East Coast (Paradip/Vizag/Gangavaram),4300,1626,445.26,0,14.57
2025-01-22,Richards Bay (South Africa),Indian East Coast (Paradip/Vizag/Gangavaram),4300,1636,447.64,0,15.05
2025-01-23,Richards Bay (South Africa),Indian East Coast (Paradip/Vizag/Gangavaram),4300,1658,445.36,0,15.05
2025-01-24,Richards Bay (South Africa),Indian East Coast (Paradip/Vizag/Gangavaram),4300,1705,444.63,0,15.44
2025-01-25,Richards Bay (South Africa),Indian East Coast (Paradip/Vizag/Gangavaram),4300,1662,443.74,0,14.13
2025-01-26,Richards Bay (South Africa),Indian East Coast (Paradip/Vizag/Gangavaram),4300,1714,445.98,0,16.15
2025-01-27,Richards Bay (South Africa),Indian East Coast (Paradip/Vizag/Gangavaram),4300,1640,446.0,0,15.21
2025-01-28,Richards Bay (South Africa),Indian East Coast (Paradip/Vizag/Gangavaram),4300,1663,446.87,0,14.73
2025-01-29,Richards Bay (South Africa),Indian East Coast (Paradip/Vizag/Gangavaram),4300,1678,450.33,0,15.3
2025-01-30,Richards Bay (South Africa),Indian East Coast (Paradip/Vizag/Gangavaram),4300,1648,453.18,0,14.48
2025-01-31,Richards Bay (South Africa),Indian East Coast (Paradip/Vizag/Gangavaram),4300,1652,453.25,0,14.85
2025-02-01,Richards Bay (South Africa),Indian East Coast (Paradip/Vizag/Gangavaram),4300,1623,451.94,0,14.68
2025-02-02,Richards Bay (South Africa),Indian East Coast (Paradip/Vizag/Gangavaram),4300,1571,455.55,0,14.44
2025-02-03,Richards Bay (South Africa),Indian East Coast (Paradip/Vizag/Gangavaram),4300,1560,458.18,0,15.26
2025-02-04,Richards Bay (South Africa),Indian East Coast (Paradip/Vizag/Gangavaram),4300,1508,454.34,0,14.62
2025-02-05,Richards Bay (South Africa),Indian East Coast (Paradip/Vizag/Gangavaram),4300,1538,454.02,0,14.16
2025-02-06,Richards Bay (South Africa),Indian East Coast (Paradip/Vizag/Gangavaram),4300,1485,455.01,0,13.98
2025-02-07,Richards Bay (South Africa),Indian East Coast (Paradip/Vizag/Gangavaram),4300,1537,457.67,0,14.87
2025-02-08,Richards Bay (South Africa),Indian East Coast (Paradip/Vizag/Gangavaram),4300,1483,460.7,0,14.73
2025-02-09,Richards Bay (South Africa),Indian East Coast (Paradip/Vizag/Gangavaram),4300,1465,462.02,0,14.04
2025-02-10,Richards Bay (South Africa),Indian East Coast (Paradip/Vizag/Gangavaram),4300,1444,464.17,0,15.07
2025-02-11,Richards Bay (South Africa),Indian East Coast (Paradip/Vizag/Gangavaram),4300,1532,464.9,0,15.15
2025-02-12,Richards Bay (South Africa),Indian East Coast (Paradip/Vizag/Gangavaram),4300,1562,463.64,0,14.04
2025-02-13,Richards Bay (South Africa),Indian East Coast (Paradip/Vizag/Gangavaram),4300,1562,463.5,0,14.66
2025-02-14,Richards Bay (South Africa),Indian East Coast (Paradip/Vizag/Gangavaram),4300,1601,464.12,0,14.95
2025-02-15,Richards Bay (South Africa),Indian East Coast (Paradip/Vizag/Gangavaram),4300,1495,464.61,0,14.55
2025-02-16,Richards Bay (South Africa),Indian East Coast (Paradip/Vizag/Gangavaram),4300,1507,460.06,0,14.82
2025-02-17,Richards Bay (South Africa),Indian East Coast (Paradip/Vizag/Gangavaram),4300,1631,459.57,0,15.46
2025-02-18,Richards Bay (South Africa),Indian East Coast (Paradip/Vizag/Gangavaram),4300,1648,460.32,0,14.94
2025-02-19,Richards Bay (South Africa),Indian East Coast (Paradip/Vizag/Gangavaram),4300,1661,460.15,0,15.71
2025-02-20,Richards Bay (South Africa),Indian East Coast (Paradip/Vizag/Gangavaram),4300,1701,460.08,0,15.45
2025-02-21,Richards Bay (South Africa),Indian East Coast (Paradip/Vizag/Gangavaram),4300,1758,462.01,0,15.48
2025-02-22,Richards Bay (South Africa),Indian East Coast (Paradip/Vizag/Gangavaram),4300,1655,459.68,0,15.5
2025-02-23,Richards Bay (South Africa),Indian East Coast (Paradip/Vizag/Gangavaram),4300,1572,455.87,0,14.91
2025-02-24,Richards Bay (South Africa),Indian East Coast (Paradip/Vizag/Gangavaram),4300,1597,455.54,0,14.9
2025-02-25,Richards Bay (South Africa),Indian East Coast (Paradip/Vizag/Gangavaram),4300,1570,458.24,0,14.66
2025-02-26,Richards Bay (South Africa),Indian East Coast (Paradip/Vizag/Gangavaram),4300,1656,463.46,0,15.15
2025-02-27,Richards Bay (South Africa),Indian East Coast (Paradip/Vizag/Gangavaram),4300,1650,466.21,0,15.29
2025-02-28,Richards Bay (South Africa),Indian East Coast (Paradip/Vizag/Gangavaram),4300,1555,462.85,0,14.68
2025-03-01,Richards Bay (South Africa),Indian East Coast (Paradip/Vizag/Gangavaram),4300,1500,462.86,0,13.88
2025-03-02,Richards Bay (South Africa),Indian East Coast (Paradip/Vizag/Gangavaram),4300,1366,464.2,0,14.25
2025-03-03,Richards Bay (South Africa),Indian East Coast (Paradip/Vizag/Gangavaram),4300,1375,465.33,0,14.07
2025-03-04,Richards Bay (South Africa),Indian East Coast (Paradip/Vizag/Gangavaram),4300,1386,467.45,0,13.61
2025-03-05,Richards Bay (South Africa),Indian East Coast (Paradip/Vizag/Gangavaram),4300,1384,465.61,0,13.9
2025-03-06,Richards Bay (South Africa),Indian East Coast (Paradip/Vizag/Gangavaram),4300,1466,466.44,0,14.3
2025-03-07,Richards Bay (South Africa),Indian East Coast (Paradip/Vizag/Gangavaram),4300,1551,468.25,0,15.07
2025-03-08,Richards Bay (South Africa),Indian East Coast (Paradip/Vizag/Gangavaram),4300,1558,471.16,0,14.7
2025-03-09,Richards Bay (South Africa),Indian East Coast (Paradip/Vizag/Gangavaram),4300,1457,469.64,0,13.97
2025-03-10,Richards Bay (South Africa),Indian East Coast (Paradip/Vizag/Gangavaram),4300,1511,469.37,0,15.33
2025-03-11,Richards Bay (South Africa),Indian East Coast (Paradip/Vizag/Gangavaram),4300,1560,462.69,0,13.99
2025-03-12,Richards Bay (South Africa),Indian East Coast (Paradip/Vizag/Gangavaram),4300,1594,461.68,0,14.44
2025-03-13,Richards Bay (South Africa),Indian East Coast (Paradip/Vizag/Gangavaram),4300,1663,460.94,0,15.26
2025-03-14,Richards Bay (South Africa),Indian East Coast (Paradip/Vizag/Gangavaram),4300,1613,458.85,0,14.78
2025-03-15,Richards Bay (South Africa),Indian East Coast (Paradip/Vizag/Gangavaram),4300,1739,460.0,0,15.62
2025-03-16,Richards Bay (South Africa),Indian East Coast (Paradip/Vizag/Gangavaram),4300,1698,460.54,0,15.7
2025-03-17,Richards Bay (South Africa),Indian East Coast (Paradip/Vizag/Gangavaram),4300,1752,455.09,0,14.61
2025-03-18,Richards Bay (South Africa),Indian East Coast (Paradip/Vizag/Gangavaram),4300,1670,456.38,0,15.27
2025-03-19,Richards Bay (South Africa),Indian East Coast (Paradip/Vizag/Gangavaram),4300,1633,454.56,0,13.81
2025-03-20,Richards Bay (South Africa),Indian East Coast (Paradip/Vizag/Gangavaram),4300,1733,456.59,0,16.04
2025-03-21,Richards Bay (South Africa),Indian East Coast (Paradip/Vizag/Gangavaram),4300,1731,453.82,0,14.52
2025-03-22,Richards Bay (South Africa),Indian East Coast (Paradip/Vizag/Gangavaram),4300,1790,454.62,0,17.17
2025-03-23,Richards Bay (South Africa),Indian East Coast (Paradip/Vizag/Gangavaram),4300,1813,454.56,0,15.79
2025-03-24,Richards Bay (South Africa),Indian East Coast (Paradip/Vizag/Gangavaram),4300,1818,456.11,0,16.06
2025-03-25,Richards Bay (South Africa),Indian East Coast (Paradip/Vizag/Gangavaram),4300,1903,457.18,0,16.91
2025-03-26,Richards Bay (South Africa),Indian East Coast (Paradip/Vizag/Gangavaram),4300,1897,457.21,0,16.02
2025-03-27,Richards Bay (South Africa),Indian East Coast (Paradip/Vizag/Gangavaram),4300,1807,453.77,0,15.58
2025-03-28,Richards Bay (South Africa),Indian East Coast (Paradip/Vizag/Gangavaram),4300,1774,450.48,0,15.19
2025-03-29,Richards Bay (South Africa),Indian East Coast (Paradip/Vizag/Gangavaram),4300,1817,449.63,0,16.18
2025-03-30,Richards Bay (South Africa),Indian East Coast (Paradip/Vizag/Gangavaram),4300,1850,450.35,0,15.55
2025-03-31,Richards Bay (South Africa),Indian East Coast (Paradip/Vizag/Gangavaram),4300,1773,449.44,0,15.15
2025-04-01,Richards Bay (South Africa),Indian East Coast (Paradip/Vizag/Gangavaram),4300,1747,451.89,0,16.02
2025-04-02,Richards Bay (South Africa),Indian East Coast (Paradip/Vizag/Gangavaram),4300,1729,451.88,0,14.84
2025-04-03,Richards Bay (South Africa),Indian East Coast (Paradip/Vizag/Gangavaram),4300,1723,450.01,0,14.98
2025-04-04,Richards Bay (South Africa),Indian East Coast (Paradip/Vizag/Gangavaram),4300,1663,450.01,0,15.14
2025-04-05,Richards Bay (South Africa),Indian East Coast (Paradip/Vizag/Gangavaram),4300,1646,451.39,0,14.51
2025-04-06,Richards Bay (South Africa),Indian East Coast (Paradip/Vizag/Gangavaram),4300,1624,453.03,0,14.37
2025-04-07,Richards Bay (South Africa),Indian East Coast (Paradip/Vizag/Gangavaram),4300,1685,458.91,0,15.94
2025-04-08,Richards Bay (South Africa),Indian East Coast (Paradip/Vizag/Gangavaram),4300,1747,457.85,0,15.81
2025-04-09,Richards Bay (South Africa),Indian East Coast (Paradip/Vizag/Gangavaram),4300,1754,458.43,0,15.43
2025-04-10,Richards Bay (South Africa),Indian East Coast (Paradip/Vizag/Gangavaram),4300,1747,460.36,0,15.56
2025-04-11,Richards Bay (South Africa),Indian East Coast (Paradip/Vizag/Gangavaram),4300,1770,461.07,0,15.42
2025-04-12,Richards Bay (South Africa),Indian East Coast (Paradip/Vizag/Gangavaram),4300,1740,460.49,0,15.19
2025-04-13,Richards Bay (South Africa),Indian East Coast (Paradip/Vizag/Gangavaram),4300,1693,457.05,0,15.54
2025-04-14,Richards Bay (South Africa),Indian East Coast (Paradip/Vizag/Gangavaram),4300,1659,456.45,0,15.14
2025-04-15,Richards Bay (South Africa),Indian East Coast (Paradip/Vizag/Gangavaram),4300,1643,454.32,0,14.3
2025-04-16,Richards Bay (South Africa),Indian East Coast (Paradip/Vizag/Gangavaram),4300,1599,450.41,0,15.67
2025-04-17,Richards Bay (South Africa),Indian East Coast (Paradip/Vizag/Gangavaram),4300,1629,449.04,0,15.35
2025-04-18,Richards Bay (South Africa),Indian East Coast (Paradip/Vizag/Gangavaram),4300,1690,446.98,0,14.89
2025-04-19,Richards Bay (South Africa),Indian East Coast (Paradip/Vizag/Gangavaram),4300,1621,449.36,0,14.67
2025-04-20,Richards Bay (South Africa),Indian East Coast (Paradip/Vizag/Gangavaram),4300,1643,451.8,0,15.09
2025-04-21,Richards Bay (South Africa),Indian East Coast (Paradip/Vizag/Gangavaram),4300,1651,450.14,0,14.23
2025-04-22,Richards Bay (South Africa),Indian East Coast (Paradip/Vizag/Gangavaram),4300,1690,450.24,0,15.81
2025-04-23,Richards Bay (South Africa),Indian East Coast (Paradip/Vizag/Gangavaram),4300,1709,445.99,0,15.23
2025-04-24,Richards Bay (South Africa),Indian East Coast (Paradip/Vizag/Gangavaram),4300,1647,445.45,0,15.42
2025-04-25,Richards Bay (South Africa),Indian East Coast (Paradip/Vizag/Gangavaram),4300,1598,447.35,0,14.55
2025-04-26,Richards Bay (South Africa),Indian East Coast (Paradip/Vizag/Gangavaram),4300,1623,450.4,0,14.74
2025-04-27,Richards Bay (South Africa),Indian East Coast (Paradip/Vizag/Gangavaram),4300,1701,449.28,0,15.9
2025-04-28,Richards Bay (South Africa),Indian East Coast (Paradip/Vizag/Gangavaram),4300,1598,452.95,0,14.6
2025-04-29,Richards Bay (South Africa),Indian East Coast (Paradip/Vizag/Gangavaram),4300,1640,449.65,0,15.0
2025-04-30,Richards Bay (South Africa),Indian East Coast (Paradip/Vizag/Gangavaram),4300,1727,447.07,0,16.21
2025-05-01,Richards Bay (South Africa),Indian East Coast (Paradip/Vizag/Gangavaram),4300,1738,449.83,0,14.85
2025-05-02,Richards Bay (South Africa),Indian East Coast (Paradip/Vizag/Gangavaram),4300,1786,455.2,0,15.22
2025-05-03,Richards Bay (South Africa),Indian East Coast (Paradip/Vizag/Gangavaram),4300,1764,457.36,0,15.34
2025-05-04,Richards Bay (South Africa),Indian East Coast (Paradip/Vizag/Gangavaram),4300,1775,458.08,0,16.13
2025-05-05,Richards Bay (South Africa),Indian East Coast (Paradip/Vizag/Gangavaram),4300,1704,452.94,0,15.19
2025-05-06,Richards Bay (South Africa),Indian East Coast (Paradip/Vizag/Gangavaram),4300,1595,448.27,0,14.97
2025-05-07,Richards Bay (South Africa),Indian East Coast (Paradip/Vizag/Gangavaram),4300,1670,449.45,0,14.84
2025-05-08,Richards Bay (South Africa),Indian East Coast (Paradip/Vizag/Gangavaram),4300,1638,449.31,0,14.38
2025-05-09,Richards Bay (South Africa),Indian East Coast (Paradip/Vizag/Gangavaram),4300,1635,447.14,0,13.94
2025-05-10,Richards Bay (South Africa),Indian East Coast (Paradip/Vizag/Gangavaram),4300,1582,448.16,0,15.69
2025-05-11,Richards Bay (South Africa),Indian East Coast (Paradip/Vizag/Gangavaram),4300,1529,449.31,0,14.56
2025-05-12,Richards Bay (South Africa),Indian East Coast (Paradip/Vizag/Gangavaram),4300,1546,452.72,0,14.52
2025-05-13,Richards Bay (South Africa),Indian East Coast (Paradip/Vizag/Gangavaram),4300,1532,453.93,0,14.67
2025-05-14,Richards Bay (South Africa),Indian East Coast (Paradip/Vizag/Gangavaram),4300,1579,458.12,0,14.64
2025-05-15,Richards Bay (South Africa),Indian East Coast (Paradip/Vizag/Gangavaram),4300,1629,458.98,0,14.51
2025-05-16,Richards Bay (South Africa),Indian East Coast (Paradip/Vizag/Gangavaram),4300,1671,459.52,0,15.82
2025-05-17,Richards Bay (South Africa),Indian East Coast (Paradip/Vizag/Gangavaram),4300,1706,463.26,0,15.5
2025-05-18,Richards Bay (South Africa),Indian East Coast (Paradip/Vizag/Gangavaram),4300,1814,461.45,0,15.69
2025-05-19,Richards Bay (South Africa),Indian East Coast (Paradip/Vizag/Gangavaram),4300,1772,469.95,0,15.24
2025-05-20,Richards Bay (South Africa),Indian East Coast (Paradip/Vizag/Gangavaram),4300,1788,471.82,0,15.47
2025-05-21,Richards Bay (South Africa),Indian East Coast (Paradip/Vizag/Gangavaram),4300,1869,473.71,0,16.05
2025-05-22,Richards Bay (South Africa),Indian East Coast (Paradip/Vizag/Gangavaram),4300,1954,475.99,0,17.51
2025-05-23,Richards Bay (South Africa),Indian East Coast (Paradip/Vizag/Gangavaram),4300,1888,481.95,0,16.47
2025-05-24,Richards Bay (South Africa),Indian East Coast (Paradip/Vizag/Gangavaram),4300,1886,484.96,0,16.57
2025-05-25,Richards Bay (South Africa),Indian East Coast (Paradip/Vizag/Gangavaram),4300,1976,481.46,0,16.97
2025-05-26,Richards Bay (South Africa),Indian East Coast (Paradip/Vizag/Gangavaram),4300,2016,486.13,0,17.2
2025-05-27,Richards Bay (South Africa),Indian East Coast (Paradip/Vizag/Gangavaram),4300,2037,486.06,0,16.36
2025-05-28,Richards Bay (South Africa),Indian East Coast (Paradip/Vizag/Gangavaram),4300,2036,487.21,0,17.04
2025-05-29,Richards Bay (South Africa),Indian East Coast (Paradip/Vizag/Gangavaram),4300,2025,484.59,0,17.92
2025-05-30,Richards Bay (South Africa),Indian East Coast (Paradip/Vizag/Gangavaram),4300,2051,486.88,0,17.5
2025-05-31,Richards Bay (South Africa),Indian East Coast (Paradip/Vizag/Gangavaram),4300,2047,485.97,0,16.69
2025-06-01,Richards Bay (South Africa),Indian East Coast (Paradip/Vizag/Gangavaram),4300,2055,487.11,1,19.3
2025-06-02,Richards Bay (South Africa),Indian East Coast (Paradip/Vizag/Gangavaram),4300,2069,487.2,1,19.18
2025-06-03,Richards Bay (South Africa),Indian East Coast (Paradip/Vizag/Gangavaram),4300,2041,493.3,1,19.37
2025-06-04,Richards Bay (South Africa),Indian East Coast (Paradip/Vizag/Gangavaram),4300,2080,499.55,1,20.89
2025-06-05,Richards Bay (South Africa),Indian East Coast (Paradip/Vizag/Gangavaram),4300,2249,500.54,1,21.01
2025-06-06,Richards Bay (South Africa),Indian East Coast (Paradip/Vizag/Gangavaram),4300,2155,501.58,1,21.77
2025-06-07,Richards Bay (South Africa),Indian East Coast (Paradip/Vizag/Gangavaram),4300,2179,501.43,1,21.27
2025-06-08,Richards Bay (South Africa),Indian East Coast (Paradip/Vizag/Gangavaram),4300,2143,505.31,1,19.92
2025-06-09,Richards Bay (South Africa),Indian East Coast (Paradip/Vizag/Gangavaram),4300,2182,505.28,1,19.71
2025-06-10,Richards Bay (South Africa),Indian East Coast (Paradip/Vizag/Gangavaram),4300,2190,505.0,1,20.92
2025-06-11,Richards Bay (South Africa),Indian East Coast (Paradip/Vizag/Gangavaram),4300,2237,508.53,1,22.42
2025-06-12,Richards Bay (South Africa),Indian East Coast (Paradip/Vizag/Gangavaram),4300,2305,507.93,1,22.12
2025-06-13,Richards Bay (South Africa),Indian East Coast (Paradip/Vizag/Gangavaram),4300,2317,508.7,1,22.82
2025-06-14,Richards Bay (South Africa),Indian East Coast (Paradip/Vizag/Gangavaram),4300,2381,505.26,1,21.8
2025-06-15,Richards Bay (South Africa),Indian East Coast (Paradip/Vizag/Gangavaram),4300,2251,508.04,1,20.21
2025-06-16,Richards Bay (South Africa),Indian East Coast (Paradip/Vizag/Gangavaram),4300,2341,514.19,1,21.2
2025-06-17,Richards Bay (South Africa),Indian East Coast (Paradip/Vizag/Gangavaram),4300,2362,517.02,1,21.87
2025-06-18,Richards Bay (South Africa),Indian East Coast (Paradip/Vizag/Gangavaram),4300,2421,521.87,1,22.03
2025-06-19,Richards Bay (South Africa),Indian East Coast (Paradip/Vizag/Gangavaram),4300,2351,520.43,1,21.45
2025-06-20,Richards Bay (South Africa),Indian East Coast (Paradip/Vizag/Gangavaram),4300,2306,521.94,1,23.06
2025-06-21,Richards Bay (South Africa),Indian East Coast (Paradip/Vizag/Gangavaram),4300,2315,520.24,1,20.87
2025-06-22,Richards Bay (South Africa),Indian East Coast (Paradip/Vizag/Gangavaram),4300,2315,520.49,1,22.77
2025-06-23,Richards Bay (South Africa),Indian East Coast (Paradip/Vizag/Gangavaram),4300,2332,523.46,1,21.42
2025-06-24,Richards Bay (South Africa),Indian East Coast (Paradip/Vizag/Gangavaram),4300,2392,524.6,1,24.31
2025-06-25,Richards Bay (South Africa),Indian East Coast (Paradip/Vizag/Gangavaram),4300,2294,521.63,1,21.16
2025-06-26,Richards Bay (South Africa),Indian East Coast (Paradip/Vizag/Gangavaram),4300,2349,518.92,1,21.73
2025-06-27,Richards Bay (South Africa),Indian East Coast (Paradip/Vizag/Gangavaram),4300,2350,516.03,1,22.64
2025-06-28,Richards Bay (South Africa),Indian East Coast (Paradip/Vizag/Gangavaram),4300,2339,518.23,1,21.19
2025-06-29,Richards Bay (South Africa),Indian East Coast (Paradip/Vizag/Gangavaram),4300,2258,524.71,1,21.95
2025-06-30,Richards Bay (South Africa),Indian East Coast (Paradip/Vizag/Gangavaram),4300,2289,529.28,1,22.33
2025-07-01,Richards Bay (South Africa),Indian East Coast (Paradip/Vizag/Gangavaram),4300,2158,524.98,1,19.97
2025-07-02,Richards Bay (South Africa),Indian East Coast (Paradip/Vizag/Gangavaram),4300,2201,529.71,1,21.53
2025-07-03,Richards Bay (South Africa),Indian East Coast (Paradip/Vizag/Gangavaram),4300,2124,533.12,1,21.27
2025-07-04,Richards Bay (South Africa),Indian East Coast (Paradip/Vizag/Gangavaram),4300,2135,529.78,1,20.62
2025-07-05,Richards Bay (South Africa),Indian East Coast (Paradip/Vizag/Gangavaram),4300,2136,529.82,1,22.19
2025-07-06,Richards Bay (South Africa),Indian East Coast (Paradip/Vizag/Gangavaram),4300,2207,533.66,1,21.83
2025-07-07,Richards Bay (South Africa),Indian East Coast (Paradip/Vizag/Gangavaram),4300,2202,536.02,1,21.42
2025-07-08,Richards Bay (South Africa),Indian East Coast (Paradip/Vizag/Gangavaram),4300,2169,533.32,1,21.37
2025-07-09,Richards Bay (South Africa),Indian East Coast (Paradip/Vizag/Gangavaram),4300,2147,535.84,1,19.73
2025-07-10,Richards Bay (South Africa),Indian East Coast (Paradip/Vizag/Gangavaram),4300,2224,530.88,1,22.15
2025-07-11,Richards Bay (South Africa),Indian East Coast (Paradip/Vizag/Gangavaram),4300,2258,531.13,1,22.58
2025-07-12,Richards Bay (South Africa),Indian East Coast (Paradip/Vizag/Gangavaram),4300,2240,535.08,1,22.62
2025-07-13,Richards Bay (South Africa),Indian East Coast (Paradip/Vizag/Gangavaram),4300,2230,535.99,1,21.58
2025-07-14,Richards Bay (South Africa),Indian East Coast (Paradip/Vizag/Gangavaram),4300,2148,535.48,1,21.83
2025-07-15,Richards Bay (South Africa),Indian East Coast (Paradip/Vizag/Gangavaram),4300,2176,538.75,1,21.6
2025-07-16,Richards Bay (South Africa),Indian East Coast (Paradip/Vizag/Gangavaram),4300,2085,542.26,1,20.29
2025-07-17,Richards Bay (South Africa),Indian East Coast (Paradip/Vizag/Gangavaram),4300,2135,546.67,1,21.87
2025-07-18,Richards Bay (South Africa),Indian East Coast (Paradip/Vizag/Gangavaram),4300,2149,549.9,1,21.26
2025-07-19,Richards Bay (South Africa),Indian East Coast (Paradip/Vizag/Gangavaram),4300,2287,553.69,1,22.33
2025-07-20,Richards Bay (South Africa),Indian East Coast (Paradip/Vizag/Gangavaram),4300,2228,556.53,1,22.85
2025-07-21,Richards Bay (South Africa),Indian East Coast (Paradip/Vizag/Gangavaram),4300,2226,558.09,1,22.25
2025-07-22,Richards Bay (South Africa),Indian East Coast (Paradip/Vizag/Gangavaram),4300,2329,559.18,1,22.81
2025-07-23,Richards Bay (South Africa),Indian East Coast (Paradip/Vizag/Gangavaram),4300,2394,559.38,1,23.47
2025-07-24,Richards Bay (South Africa),Indian East Coast (Paradip/Vizag/Gangavaram),4300,2354,556.92,1,22.06
2025-07-25,Richards Bay (South Africa),Indian East Coast (Paradip/Vizag/Gangavaram),4300,2365,555.16,1,22.75
2025-07-26,Richards Bay (South Africa),Indian East Coast (Paradip/Vizag/Gangavaram),4300,2364,555.23,1,21.83
2025-07-27,Richards Bay (South Africa),Indian East Coast (Paradip/Vizag/Gangavaram),4300,2378,556.73,1,22.62
2025-07-28,Richards Bay (South Africa),Indian East Coast (Paradip/Vizag/Gangavaram),4300,2338,561.48,1,22.89
2025-07-29,Richards Bay (South Africa),Indian East Coast (Paradip/Vizag/Gangavaram),4300,2332,562.2,1,22.26
2025-07-30,Richards Bay (South Africa),Indian East Coast (Paradip/Vizag/Gangavaram),4300,2244,565.76,1,23.26
2025-07-31,Richards Bay (South Africa),Indian East Coast (Paradip/Vizag/Gangavaram),4300,2254,569.52,1,21.87
2025-08-01,Richards Bay (South Africa),Indian East Coast (Paradip/Vizag/Gangavaram),4300,2280,569.72,1,23.48
2025-08-02,Richards Bay (South Africa),Indian East Coast (Paradip/Vizag/Gangavaram),4300,2269,572.17,1,23.42
2025-08-03,Richards Bay (South Africa),Indian East Coast (Paradip/Vizag/Gangavaram),4300,2182,572.33,1,23.72
2025-08-04,Richards Bay (South Africa),Indian East Coast (Paradip/Vizag/Gangavaram),4300,2240,576.75,1,22.84
2025-08-05,Richards Bay (South Africa),Indian East Coast (Paradip/Vizag/Gangavaram),4300,2263,579.3,1,21.67
2025-08-06,Richards Bay (South Africa),Indian East Coast (Paradip/Vizag/Gangavaram),4300,2224,576.88,1,23.0
2025-08-07,Richards Bay (South Africa),Indian East Coast (Paradip/Vizag/Gangavaram),4300,2211,578.13,1,22.41
2025-08-08,Richards Bay (South Africa),Indian East Coast (Paradip/Vizag/Gangavaram),4300,2132,583.43,1,21.22
2025-08-09,Richards Bay (South Africa),Indian East Coast (Paradip/Vizag/Gangavaram),4300,2081,583.75,1,20.8
2025-08-10,Richards Bay (South Africa),Indian East Coast (Paradip/Vizag/Gangavaram),4300,2059,585.78,1,21.11
2025-08-11,Richards Bay (South Africa),Indian East Coast (Paradip/Vizag/Gangavaram),4300,2135,588.07,1,22.02
2025-08-12,Richards Bay (South Africa),Indian East Coast (Paradip/Vizag/Gangavaram),4300,2105,586.06,1,20.18
2025-08-13,Richards Bay (South Africa),Indian East Coast (Paradip/Vizag/Gangavaram),4300,2146,588.25,1,21.67
2025-08-14,Richards Bay (South Africa),Indian East Coast (Paradip/Vizag/Gangavaram),4300,2121,585.26,1,20.68
2025-08-15,Richards Bay (South Africa),Indian East Coast (Paradip/Vizag/Gangavaram),4300,2141,584.36,1,22.56
2025-08-16,Richards Bay (South Africa),Indian East Coast (Paradip/Vizag/Gangavaram),4300,2138,588.08,1,21.27
2025-08-17,Richards Bay (South Africa),Indian East Coast (Paradip/Vizag/Gangavaram),4300,2190,589.84,1,20.88
2025-08-18,Richards Bay (South Africa),Indian East Coast (Paradip/Vizag/Gangavaram),4300,2164,589.81,1,21.49
2025-08-19,Richards Bay (South Africa),Indian East Coast (Paradip/Vizag/Gangavaram),4300,2081,591.81,1,23.04
2025-08-20,Richards Bay (South Africa),Indian East Coast (Paradip/Vizag/Gangavaram),4300,2011,592.44,1,20.97
2025-08-21,Richards Bay (South Africa),Indian East Coast (Paradip/Vizag/Gangavaram),4300,1991,593.25,1,18.99
2025-08-22,Richards Bay (South Africa),Indian East Coast (Paradip/Vizag/Gangavaram),4300,1932,595.82,1,24.01
2025-08-23,Richards Bay (South Africa),Indian East Coast (Paradip/Vizag/Gangavaram),4300,1966,594.62,1,19.76
2025-08-24,Richards Bay (South Africa),Indian East Coast (Paradip/Vizag/Gangavaram),4300,1950,595.51,1,21.75
2025-08-25,Richards Bay (South Africa),Indian East Coast (Paradip/Vizag/Gangavaram),4300,2091,595.44,1,20.95
2025-08-26,Richards Bay (South Africa),Indian East Coast (Paradip/Vizag/Gangavaram),4300,2001,591.89,1,21.02
2025-08-27,Richards Bay (South Africa),Indian East Coast (Paradip/Vizag/Gangavaram),4300,2020,590.16,1,21.63
2025-08-28,Richards Bay (South Africa),Indian East Coast (Paradip/Vizag/Gangavaram),4300,1966,595.19,1,19.09
2025-08-29,Richards Bay (South Africa),Indian East Coast (Paradip/Vizag/Gangavaram),4300,1948,597.0,1,21.27
2025-08-30,Richards Bay (South Africa),Indian East Coast (Paradip/Vizag/Gangavaram),4300,1966,594.16,1,22.51
2025-08-31,Richards Bay (South Africa),Indian East Coast (Paradip/Vizag/Gangavaram),4300,1847,590.73,1,19.97
2025-09-01,Richards Bay (South Africa),Indian East Coast (Paradip/Vizag/Gangavaram),4300,1874,591.18,1,20.03
2025-09-02,Richards Bay (South Africa),Indian East Coast (Paradip/Vizag/Gangavaram),4300,1990,596.17,1,20.75
2025-09-03,Richards Bay (South Africa),Indian East Coast (Paradip/Vizag/Gangavaram),4300,1973,596.41,1,21.36
2025-09-04,Richards Bay (South Africa),Indian East Coast (Paradip/Vizag/Gangavaram),4300,1996,600.72,1,20.85
2025-09-05,Richards Bay (South Africa),Indian East Coast (Paradip/Vizag/Gangavaram),4300,2060,602.41,1,20.18
2025-09-06,Richards Bay (South Africa),Indian East Coast (Paradip/Vizag/Gangavaram),4300,2056,604.44,1,22.61
2025-09-07,Richards Bay (South Africa),Indian East Coast (Paradip/Vizag/Gangavaram),4300,2029,601.54,1,22.43
2025-09-08,Richards Bay (South Africa),Indian East Coast (Paradip/Vizag/Gangavaram),4300,1910,604.82,1,20.64
2025-09-09,Richards Bay (South Africa),Indian East Coast (Paradip/Vizag/Gangavaram),4300,1955,604.64,1,20.11
2025-09-10,Richards Bay (South Africa),Indian East Coast (Paradip/Vizag/Gangavaram),4300,1957,607.71,1,21.79
2025-09-11,Richards Bay (South Africa),Indian East Coast (Paradip/Vizag/Gangavaram),4300,1909,606.22,1,20.14
2025-09-12,Richards Bay (South Africa),Indian East Coast (Paradip/Vizag/Gangavaram),4300,1926,607.43,1,20.8
2025-09-13,Richards Bay (South Africa),Indian East Coast (Paradip/Vizag/Gangavaram),4300,1902,609.1,1,22.56
2025-09-14,Richards Bay (South Africa),Indian East Coast (Paradip/Vizag/Gangavaram),4300,1883,609.39,1,21.38
2025-09-15,Richards Bay (South Africa),Indian East Coast (Paradip/Vizag/Gangavaram),4300,1926,611.2,1,20.71
2025-09-16,Richards Bay (South Africa),Indian East Coast (Paradip/Vizag/Gangavaram),4300,1861,611.19,1,21.41
2025-09-17,Richards Bay (South Africa),Indian East Coast (Paradip/Vizag/Gangavaram),4300,1929,610.12,1,20.91
2025-09-18,Richards Bay (South Africa),Indian East Coast (Paradip/Vizag/Gangavaram),4300,1860,615.19,1,21.32
2025-09-19,Richards Bay (South Africa),Indian East Coast (Paradip/Vizag/Gangavaram),4300,1834,618.74,1,21.48
2025-09-20,Richards Bay (South Africa),Indian East Coast (Paradip/Vizag/Gangavaram),4300,1950,617.36,1,22.13
2025-09-21,Richards Bay (South Africa),Indian East Coast (Paradip/Vizag/Gangavaram),4300,2019,619.6,1,21.97
2025-09-22,Richards Bay (South Africa),Indian East Coast (Paradip/Vizag/Gangavaram),4300,2029,618.26,1,21.23
2025-09-23,Richards Bay (South Africa),Indian East Coast (Paradip/Vizag/Gangavaram),4300,1980,615.72,1,23.83
2025-09-24,Richards Bay (South Africa),Indian East Coast (Paradip/Vizag/Gangavaram),4300,1957,619.21,1,21.79
2025-09-25,Richards Bay (South Africa),Indian East Coast (Paradip/Vizag/Gangavaram),4300,1966,615.25,1,23.23
2025-09-26,Richards Bay (South Africa),Indian East Coast (Paradip/Vizag/Gangavaram),4300,1974,618.44,1,22.44
2025-09-27,Richards Bay (South Africa),Indian East Coast (Paradip/Vizag/Gangavaram),4300,1974,618.42,1,21.57
2025-09-28,Richards Bay (South Africa),Indian East Coast (Paradip/Vizag/Gangavaram),4300,1977,618.51,1,21.65
2025-09-29,Richards Bay (South Africa),Indian East Coast (Paradip/Vizag/Gangavaram),4300,1969,620.28,1,22.1
2025-09-30,Richards Bay (South Africa),Indian East Coast (Paradip/Vizag/Gangavaram),4300,1894,622.52,1,20.45
2025-10-01,Richards Bay (South Africa),Indian East Coast (Paradip/Vizag/Gangavaram),4300,1873,620.92,0,17.79
2025-10-02,Richards Bay (South Africa),Indian East Coast (Paradip/Vizag/Gangavaram),4300,1931,623.52,0,17.92
2025-10-03,Richards Bay (South Africa),Indian East Coast (Paradip/Vizag/Gangavaram),4300,1861,624.47,0,18.18
2025-10-04,Richards Bay (South Africa),Indian East Coast (Paradip/Vizag/Gangavaram),4300,1858,621.69,0,18.48
2025-10-05,Richards Bay (South Africa),Indian East Coast (Paradip/Vizag/Gangavaram),4300,1820,621.87,0,17.88
2025-10-06,Richards Bay (South Africa),Indian East Coast (Paradip/Vizag/Gangavaram),4300,1835,626.25,0,18.04
2025-10-07,Richards Bay (South Africa),Indian East Coast (Paradip/Vizag/Gangavaram),4300,1822,631.44,0,18.54
2025-10-08,Richards Bay (South Africa),Indian East Coast (Paradip/Vizag/Gangavaram),4300,1911,634.02,0,17.81
2025-10-09,Richards Bay (South Africa),Indian East Coast (Paradip/Vizag/Gangavaram),4300,1944,631.4,0,17.48
2025-10-10,Richards Bay (South Africa),Indian East Coast (Paradip/Vizag/Gangavaram),4300,1876,633.35,0,18.13
2025-10-11,Richards Bay (South Africa),Indian East Coast (Paradip/Vizag/Gangavaram),4300,1918,636.27,0,18.32
2025-10-12,Richards Bay (South Africa),Indian East Coast (Paradip/Vizag/Gangavaram),4300,1880,638.85,0,18.54
2025-10-13,Richards Bay (South Africa),Indian East Coast (Paradip/Vizag/Gangavaram),4300,1853,641.59,0,18.89
2025-10-14,Richards Bay (South Africa),Indian East Coast (Paradip/Vizag/Gangavaram),4300,1876,643.17,0,18.52
2025-10-15,Richards Bay (South Africa),Indian East Coast (Paradip/Vizag/Gangavaram),4300,1854,643.57,0,18.82
2025-10-16,Richards Bay (South Africa),Indian East Coast (Paradip/Vizag/Gangavaram),4300,1909,642.5,0,17.93
2025-10-17,Richards Bay (South Africa),Indian East Coast (Paradip/Vizag/Gangavaram),4300,1870,637.93,0,18.39
2025-10-18,Richards Bay (South Africa),Indian East Coast (Paradip/Vizag/Gangavaram),4300,1841,639.43,0,18.31
2025-10-19,Richards Bay (South Africa),Indian East Coast (Paradip/Vizag/Gangavaram),4300,1810,640.51,0,18.59
2025-10-20,Richards Bay (South Africa),Indian East Coast (Paradip/Vizag/Gangavaram),4300,1785,642.6,0,17.96
2025-10-21,Richards Bay (South Africa),Indian East Coast (Paradip/Vizag/Gangavaram),4300,1853,639.53,0,18.41
2025-10-22,Richards Bay (South Africa),Indian East Coast (Paradip/Vizag/Gangavaram),4300,1892,641.84,0,17.88
2025-10-23,Richards Bay (South Africa),Indian East Coast (Paradip/Vizag/Gangavaram),4300,1988,647.99,0,18.52
2025-10-24,Richards Bay (South Africa),Indian East Coast (Paradip/Vizag/Gangavaram),4300,2112,648.76,0,20.74
2025-10-25,Richards Bay (South Africa),Indian East Coast (Paradip/Vizag/Gangavaram),4300,2050,649.14,0,17.95
2025-10-26,Richards Bay (South Africa),Indian East Coast (Paradip/Vizag/Gangavaram),4300,2051,650.52,0,20.2
2025-10-27,Richards Bay (South Africa),Indian East Coast (Paradip/Vizag/Gangavaram),4300,1983,656.59,0,19.33
2025-10-28,Richards Bay (South Africa),Indian East Coast (Paradip/Vizag/Gangavaram),4300,1939,654.34,0,18.67
2025-10-29,Richards Bay (South Africa),Indian East Coast (Paradip/Vizag/Gangavaram),4300,1904,655.42,0,18.11
2025-10-30,Richards Bay (South Africa),Indian East Coast (Paradip/Vizag/Gangavaram),4300,1847,653.77,0,20.14
2025-10-31,Richards Bay (South Africa),Indian East Coast (Paradip/Vizag/Gangavaram),4300,1792,652.81,0,18.57
2025-11-01,Richards Bay (South Africa),Indian East Coast (Paradip/Vizag/Gangavaram),4300,1788,653.19,0,18.67
2025-11-02,Richards Bay (South Africa),Indian East Coast (Paradip/Vizag/Gangavaram),4300,1726,657.36,0,18.15
2025-11-03,Richards Bay (South Africa),Indian East Coast (Paradip/Vizag/Gangavaram),4300,1778,662.77,0,18.14
2025-11-04,Richards Bay (South Africa),Indian East Coast (Paradip/Vizag/Gangavaram),4300,1732,664.49,0,18.61
2025-11-05,Richards Bay (South Africa),Indian East Coast (Paradip/Vizag/Gangavaram),4300,1892,663.96,0,18.71
2025-11-06,Richards Bay (South Africa),Indian East Coast (Paradip/Vizag/Gangavaram),4300,1867,671.23,0,18.59
2025-11-07,Richards Bay (South Africa),Indian East Coast (Paradip/Vizag/Gangavaram),4300,1872,670.56,0,20.05
2025-11-08,Richards Bay (South Africa),Indian East Coast (Paradip/Vizag/Gangavaram),4300,1801,669.48,0,18.99
2025-11-09,Richards Bay (South Africa),Indian East Coast (Paradip/Vizag/Gangavaram),4300,1897,665.13,0,18.05
2025-11-10,Richards Bay (South Africa),Indian East Coast (Paradip/Vizag/Gangavaram),4300,1957,669.4,0,19.0
2025-11-11,Richards Bay (South Africa),Indian East Coast (Paradip/Vizag/Gangavaram),4300,1970,672.5,0,19.48
2025-11-12,Richards Bay (South Africa),Indian East Coast (Paradip/Vizag/Gangavaram),4300,1892,679.54,0,18.5
2025-11-13,Richards Bay (South Africa),Indian East Coast (Paradip/Vizag/Gangavaram),4300,1902,676.22,0,18.94
2025-11-14,Richards Bay (South Africa),Indian East Coast (Paradip/Vizag/Gangavaram),4300,1838,680.64,0,17.86
2025-11-15,Richards Bay (South Africa),Indian East Coast (Paradip/Vizag/Gangavaram),4300,1918,681.28,0,19.01
2025-11-16,Richards Bay (South Africa),Indian East Coast (Paradip/Vizag/Gangavaram),4300,1959,683.91,0,18.66
2025-11-17,Richards Bay (South Africa),Indian East Coast (Paradip/Vizag/Gangavaram),4300,1960,679.86,0,19.3
2025-11-18,Richards Bay (South Africa),Indian East Coast (Paradip/Vizag/Gangavaram),4300,1821,684.29,0,18.31
2025-11-19,Richards Bay (South Africa),Indian East Coast (Paradip/Vizag/Gangavaram),4300,1766,686.85,0,19.78
2025-11-20,Richards Bay (South Africa),Indian East Coast (Paradip/Vizag/Gangavaram),4300,1805,687.17,0,18.81
2025-11-21,Richards Bay (South Africa),Indian East Coast (Paradip/Vizag/Gangavaram),4300,1871,689.34,0,20.01
2025-11-22,Richards Bay (South Africa),Indian East Coast (Paradip/Vizag/Gangavaram),4300,1929,687.67,0,19.55
2025-11-23,Richards Bay (South Africa),Indian East Coast (Paradip/Vizag/Gangavaram),4300,1836,686.5,0,19.82
2025-11-24,Richards Bay (South Africa),Indian East Coast (Paradip/Vizag/Gangavaram),4300,1851,685.64,0,18.85
2025-11-25,Richards Bay (South Africa),Indian East Coast (Paradip/Vizag/Gangavaram),4300,1904,681.0,0,19.12
2025-11-26,Richards Bay (South Africa),Indian East Coast (Paradip/Vizag/Gangavaram),4300,1807,683.73,0,19.46
2025-11-27,Richards Bay (South Africa),Indian East Coast (Paradip/Vizag/Gangavaram),4300,1805,687.35,0,19.27
2025-11-28,Richards Bay (South Africa),Indian East Coast (Paradip/Vizag/Gangavaram),4300,1818,685.83,0,18.79
2025-11-29,Richards Bay (South Africa),Indian East Coast (Paradip/Vizag/Gangavaram),4300,1799,687.15,0,18.48
2025-11-30,Richards Bay (South Africa),Indian East Coast (Paradip/Vizag/Gangavaram),4300,1694,686.79,0,18.37
2025-12-01,Richards Bay (South Africa),Indian East Coast (Paradip/Vizag/Gangavaram),4300,1678,688.05,0,19.02
2025-12-02,Richards Bay (South Africa),Indian East Coast (Paradip/Vizag/Gangavaram),4300,1661,686.7,0,18.82
2025-12-03,Richards Bay (South Africa),Indian East Coast (Paradip/Vizag/Gangavaram),4300,1655,684.65,0,17.96
2025-12-04,Richards Bay (South Africa),Indian East Coast (Paradip/Vizag/Gangavaram),4300,1625,687.86,0,17.35
2025-12-05,Richards Bay (South Africa),Indian East Coast (Paradip/Vizag/Gangavaram),4300,1604,688.03,0,17.19
2025-12-06,Richards Bay (South Africa),Indian East Coast (Paradip/Vizag/Gangavaram),4300,1604,693.86,0,18.38
2025-12-07,Richards Bay (South Africa),Indian East Coast (Paradip/Vizag/Gangavaram),4300,1632,694.32,0,18.01
2025-12-08,Richards Bay (South Africa),Indian East Coast (Paradip/Vizag/Gangavaram),4300,1616,692.13,0,18.52
2025-12-09,Richards Bay (South Africa),Indian East Coast (Paradip/Vizag/Gangavaram),4300,1596,695.78,0,18.21
2025-12-10,Richards Bay (South Africa),Indian East Coast (Paradip/Vizag/Gangavaram),4300,1603,697.81,0,18.16
2025-12-11,Richards Bay (South Africa),Indian East Coast (Paradip/Vizag/Gangavaram),4300,1499,700.1,0,18.38
2025-12-12,Richards Bay (South Africa),Indian East Coast (Paradip/Vizag/Gangavaram),4300,1531,703.64,0,17.6
2025-12-13,Richards Bay (South Africa),Indian East Coast (Paradip/Vizag/Gangavaram),4300,1535,702.16,0,18.55
2025-12-14,Richards Bay (South Africa),Indian East Coast (Paradip/Vizag/Gangavaram),4300,1541,702.11,0,17.73
2025-12-15,Richards Bay (South Africa),Indian East Coast (Paradip/Vizag/Gangavaram),4300,1596,701.93,0,16.9
2025-12-16,Richards Bay (South Africa),Indian East Coast (Paradip/Vizag/Gangavaram),4300,1490,698.7,0,18.34
2025-12-17,Richards Bay (South Africa),Indian East Coast (Paradip/Vizag/Gangavaram),4300,1386,698.26,0,17.4
2025-12-18,Richards Bay (South Africa),Indian East Coast (Paradip/Vizag/Gangavaram),4300,1409,702.17,0,17.71
2025-12-19,Richards Bay (South Africa),Indian East Coast (Paradip/Vizag/Gangavaram),4300,1415,703.08,0,16.88
2025-12-20,Richards Bay (South Africa),Indian East Coast (Paradip/Vizag/Gangavaram),4300,1431,699.67,0,16.63
2025-12-21,Richards Bay (South Africa),Indian East Coast (Paradip/Vizag/Gangavaram),4300,1411,695.69,0,18.31
2025-12-22,Richards Bay (South Africa),Indian East Coast (Paradip/Vizag/Gangavaram),4300,1453,700.47,0,16.8
2025-12-23,Richards Bay (South Africa),Indian East Coast (Paradip/Vizag/Gangavaram),4300,1509,700.47,0,17.26
2025-12-24,Richards Bay (South Africa),Indian East Coast (Paradip/Vizag/Gangavaram),4300,1537,698.94,0,17.47
2025-12-25,Richards Bay (South Africa),Indian East Coast (Paradip/Vizag/Gangavaram),4300,1524,698.43,0,16.55
2025-12-26,Richards Bay (South Africa),Indian East Coast (Paradip/Vizag/Gangavaram),4300,1409,694.63,0,16.6
2025-12-27,Richards Bay (South Africa),Indian East Coast (Paradip/Vizag/Gangavaram),4300,1456,698.72,0,18.31
2025-12-28,Richards Bay (South Africa),Indian East Coast (Paradip/Vizag/Gangavaram),4300,1526,697.87,0,17.86
2025-12-29,Richards Bay (South Africa),Indian East Coast (Paradip/Vizag/Gangavaram),4300,1562,701.79,0,17.82
2025-12-30,Richards Bay (South Africa),Indian East Coast (Paradip/Vizag/Gangavaram),4300,1512,702.14,0,17.73
2021-01-01,Kalimantan (Indonesia),Indian East Coast (Paradip/Vizag/Gangavaram),2800,1250,533.68,0,10.1
2021-01-02,Kalimantan (Indonesia),Indian East Coast (Paradip/Vizag/Gangavaram),2800,1219,536.35,0,9.25
2021-01-03,Kalimantan (Indonesia),Indian East Coast (Paradip/Vizag/Gangavaram),2800,1287,540.91,0,9.72
2021-01-04,Kalimantan (Indonesia),Indian East Coast (Paradip/Vizag/Gangavaram),2800,1363,538.85,0,9.51
2021-01-05,Kalimantan (Indonesia),Indian East Coast (Paradip/Vizag/Gangavaram),2800,1279,538.55,0,9.36
2021-01-06,Kalimantan (Indonesia),Indian East Coast (Paradip/Vizag/Gangavaram),2800,1232,540.89,0,9.39
2021-01-07,Kalimantan (Indonesia),Indian East Coast (Paradip/Vizag/Gangavaram),2800,1267,541.35,0,9.86
2021-01-08,Kalimantan (Indonesia),Indian East Coast (Paradip/Vizag/Gangavaram),2800,1276,538.61,0,9.59
2021-01-09,Kalimantan (Indonesia),Indian East Coast (Paradip/Vizag/Gangavaram),2800,1301,540.03,0,9.9
2021-01-10,Kalimantan (Indonesia),Indian East Coast (Paradip/Vizag/Gangavaram),2800,1280,541.89,0,9.99
2021-01-11,Kalimantan (Indonesia),Indian East Coast (Paradip/Vizag/Gangavaram),2800,1355,542.41,0,9.81
2021-01-12,Kalimantan (Indonesia),Indian East Coast (Paradip/Vizag/Gangavaram),2800,1421,543.28,0,9.41
2021-01-13,Kalimantan (Indonesia),Indian East Coast (Paradip/Vizag/Gangavaram),2800,1447,542.85,0,10.49
2021-01-14,Kalimantan (Indonesia),Indian East Coast (Paradip/Vizag/Gangavaram),2800,1530,547.13,0,10.02
2021-01-15,Kalimantan (Indonesia),Indian East Coast (Paradip/Vizag/Gangavaram),2800,1574,544.94,0,10.6
2021-01-16,Kalimantan (Indonesia),Indian East Coast (Paradip/Vizag/Gangavaram),2800,1544,543.6,0,9.9
2021-01-17,Kalimantan (Indonesia),Indian East Coast (Paradip/Vizag/Gangavaram),2800,1583,543.88,0,10.72
2021-01-18,Kalimantan (Indonesia),Indian East Coast (Paradip/Vizag/Gangavaram),2800,1547,546.51,0,10.04
2021-01-19,Kalimantan (Indonesia),Indian East Coast (Paradip/Vizag/Gangavaram),2800,1614,542.67,0,10.66
2021-01-20,Kalimantan (Indonesia),Indian East Coast (Paradip/Vizag/Gangavaram),2800,1628,539.34,0,10.22
2021-01-21,Kalimantan (Indonesia),Indian East Coast (Paradip/Vizag/Gangavaram),2800,1634,534.02,0,10.03
2021-01-22,Kalimantan (Indonesia),Indian East Coast (Paradip/Vizag/Gangavaram),2800,1612,534.33,0,10.15
2021-01-23,Kalimantan (Indonesia),Indian East Coast (Paradip/Vizag/Gangavaram),2800,1697,531.5,0,9.92
2021-01-24,Kalimantan (Indonesia),Indian East Coast (Paradip/Vizag/Gangavaram),2800,1702,530.66,0,10.53
2021-01-25,Kalimantan (Indonesia),Indian East Coast (Paradip/Vizag/Gangavaram),2800,1693,532.66,0,10.93
2021-01-26,Kalimantan (Indonesia),Indian East Coast (Paradip/Vizag/Gangavaram),2800,1688,531.11,0,10.64
2021-01-27,Kalimantan (Indonesia),Indian East Coast (Paradip/Vizag/Gangavaram),2800,1733,531.93,0,10.35
2021-01-28,Kalimantan (Indonesia),Indian East Coast (Paradip/Vizag/Gangavaram),2800,1767,531.3,0,10.98
2021-01-29,Kalimantan (Indonesia),Indian East Coast (Paradip/Vizag/Gangavaram),2800,1802,533.31,0,10.96
2021-01-30,Kalimantan (Indonesia),Indian East Coast (Paradip/Vizag/Gangavaram),2800,1837,534.78,0,11.48
2021-01-31,Kalimantan (Indonesia),Indian East Coast (Paradip/Vizag/Gangavaram),2800,1966,533.06,0,11.39
2021-02-01,Kalimantan (Indonesia),Indian East Coast (Paradip/Vizag/Gangavaram),2800,1949,532.77,0,11.24
2021-02-02,Kalimantan (Indonesia),Indian East Coast (Paradip/Vizag/Gangavaram),2800,1928,535.76,0,11.32
2021-02-03,Kalimantan (Indonesia),Indian East Coast (Paradip/Vizag/Gangavaram),2800,1891,536.98,0,12.16
2021-02-04,Kalimantan (Indonesia),Indian East Coast (Paradip/Vizag/Gangavaram),2800,1934,533.33,0,10.97
2021-02-05,Kalimantan (Indonesia),Indian East Coast (Paradip/Vizag/Gangavaram),2800,2004,535.25,0,11.44
2021-02-06,Kalimantan (Indonesia),Indian East Coast (Paradip/Vizag/Gangavaram),2800,2004,532.43,0,11.93
2021-02-07,Kalimantan (Indonesia),Indian East Coast (Paradip/Vizag/Gangavaram),2800,1963,536.4,0,11.08
2021-02-08,Kalimantan (Indonesia),Indian East Coast (Paradip/Vizag/Gangavaram),2800,1925,539.31,0,10.93
2021-02-09,Kalimantan (Indonesia),Indian East Coast (Paradip/Vizag/Gangavaram),2800,1970,540.21,0,11.52
2021-02-10,Kalimantan (Indonesia),Indian East Coast (Paradip/Vizag/Gangavaram),2800,2018,540.75,0,11.95
2021-02-11,Kalimantan (Indonesia),Indian East Coast (Paradip/Vizag/Gangavaram),2800,2054,540.28,0,11.63
2021-02-12,Kalimantan (Indonesia),Indian East Coast (Paradip/Vizag/Gangavaram),2800,2022,542.23,0,12.09
2021-02-13,Kalimantan (Indonesia),Indian East Coast (Paradip/Vizag/Gangavaram),2800,2041,541.31,0,12.02
2021-02-14,Kalimantan (Indonesia),Indian East Coast (Paradip/Vizag/Gangavaram),2800,2053,542.04,0,11.23
2021-02-15,Kalimantan (Indonesia),Indian East Coast (Paradip/Vizag/Gangavaram),2800,2070,544.49,0,11.69
2021-02-16,Kalimantan (Indonesia),Indian East Coast (Paradip/Vizag/Gangavaram),2800,2123,543.03,0,11.63
2021-02-17,Kalimantan (Indonesia),Indian East Coast (Paradip/Vizag/Gangavaram),2800,2138,541.43,0,11.82
2021-02-18,Kalimantan (Indonesia),Indian East Coast (Paradip/Vizag/Gangavaram),2800,2178,538.24,0,11.97
2021-02-19,Kalimantan (Indonesia),Indian East Coast (Paradip/Vizag/Gangavaram),2800,2183,535.4,0,12.5
2021-02-20,Kalimantan (Indonesia),Indian East Coast (Paradip/Vizag/Gangavaram),2800,2200,530.48,0,11.56
2021-02-21,Kalimantan (Indonesia),Indian East Coast (Paradip/Vizag/Gangavaram),2800,2236,532.51,0,12.04
2021-02-22,Kalimantan (Indonesia),Indian East Coast (Paradip/Vizag/Gangavaram),2800,2156,537.47,0,11.68
2021-02-23,Kalimantan (Indonesia),Indian East Coast (Paradip/Vizag/Gangavaram),2800,2141,541.38,0,11.73
2021-02-24,Kalimantan (Indonesia),Indian East Coast (Paradip/Vizag/Gangavaram),2800,2118,536.99,0,12.1
2021-02-25,Kalimantan (Indonesia),Indian East Coast (Paradip/Vizag/Gangavaram),2800,2087,538.98,0,11.42
2021-02-26,Kalimantan (Indonesia),Indian East Coast (Paradip/Vizag/Gangavaram),2800,2078,542.86,0,11.39
2021-02-27,Kalimantan (Indonesia),Indian East Coast (Paradip/Vizag/Gangavaram),2800,2166,541.63,0,11.81
2021-02-28,Kalimantan (Indonesia),Indian East Coast (Paradip/Vizag/Gangavaram),2800,2121,541.91,0,11.2
2021-03-01,Kalimantan (Indonesia),Indian East Coast (Paradip/Vizag/Gangavaram),2800,2179,536.45,0,11.34
2021-03-02,Kalimantan (Indonesia),Indian East Coast (Paradip/Vizag/Gangavaram),2800,2089,537.17,0,11.95
2021-03-03,Kalimantan (Indonesia),Indian East Coast (Paradip/Vizag/Gangavaram),2800,2077,534.26,0,11.38
2021-03-04,Kalimantan (Indonesia),Indian East Coast (Paradip/Vizag/Gangavaram),2800,2092,534.78,0,11.71
2021-03-05,Kalimantan (Indonesia),Indian East Coast (Paradip/Vizag/Gangavaram),2800,2130,530.51,0,11.71
2021-03-06,Kalimantan (Indonesia),Indian East Coast (Paradip/Vizag/Gangavaram),2800,2174,531.96,0,11.56
2021-03-07,Kalimantan (Indonesia),Indian East Coast (Paradip/Vizag/Gangavaram),2800,2221,534.71,0,12.13
2021-03-08,Kalimantan (Indonesia),Indian East Coast (Paradip/Vizag/Gangavaram),2800,2204,532.54,0,11.76
2021-03-09,Kalimantan (Indonesia),Indian East Coast (Paradip/Vizag/Gangavaram),2800,2181,529.4,0,12.64
2021-03-10,Kalimantan (Indonesia),Indian East Coast (Paradip/Vizag/Gangavaram),2800,2232,523.48,0,11.83
2021-03-11,Kalimantan (Indonesia),Indian East Coast (Paradip/Vizag/Gangavaram),2800,2223,522.69,0,11.87
2021-03-12,Kalimantan (Indonesia),Indian East Coast (Paradip/Vizag/Gangavaram),2800,2155,521.05,0,11.78
2021-03-13,Kalimantan (Indonesia),Indian East Coast (Paradip/Vizag/Gangavaram),2800,2097,516.76,0,11.98
2021-03-14,Kalimantan (Indonesia),Indian East Coast (Paradip/Vizag/Gangavaram),2800,2054,517.91,0,11.59
2021-03-15,Kalimantan (Indonesia),Indian East Coast (Paradip/Vizag/Gangavaram),2800,2089,516.6,0,11.05
2021-03-16,Kalimantan (Indonesia),Indian East Coast (Paradip/Vizag/Gangavaram),2800,2104,513.59,0,11.69
2021-03-17,Kalimantan (Indonesia),Indian East Coast (Paradip/Vizag/Gangavaram),2800,2149,511.99,0,11.14
2021-03-18,Kalimantan (Indonesia),Indian East Coast (Paradip/Vizag/Gangavaram),2800,2131,514.8,0,11.67
2021-03-19,Kalimantan (Indonesia),Indian East Coast (Paradip/Vizag/Gangavaram),2800,2146,516.33,0,11.77
2021-03-20,Kalimantan (Indonesia),Indian East Coast (Paradip/Vizag/Gangavaram),2800,2186,515.87,0,12.0
2021-03-21,Kalimantan (Indonesia),Indian East Coast (Paradip/Vizag/Gangavaram),2800,2173,517.43,0,11.9
2021-03-22,Kalimantan (Indonesia),Indian East Coast (Paradip/Vizag/Gangavaram),2800,2203,514.15,0,12.29
2021-03-23,Kalimantan (Indonesia),Indian East Coast (Paradip/Vizag/Gangavaram),2800,2170,514.11,0,11.55
2021-03-24,Kalimantan (Indonesia),Indian East Coast (Paradip/Vizag/Gangavaram),2800,2266,514.38,0,11.95
2021-03-25,Kalimantan (Indonesia),Indian East Coast (Paradip/Vizag/Gangavaram),2800,2514,512.96,0,12.69
2021-03-26,Kalimantan (Indonesia),Indian East Coast (Paradip/Vizag/Gangavaram),2800,2702,514.0,0,12.6
2021-03-27,Kalimantan (Indonesia),Indian East Coast (Paradip/Vizag/Gangavaram),2800,2856,511.72,0,13.65
2021-03-28,Kalimantan (Indonesia),Indian East Coast (Paradip/Vizag/Gangavaram),2800,2723,512.95,0,13.95
2021-03-29,Kalimantan (Indonesia),Indian East Coast (Paradip/Vizag/Gangavaram),2800,2474,514.29,0,11.93
2021-03-30,Kalimantan (Indonesia),Indian East Coast (Paradip/Vizag/Gangavaram),2800,2249,506.18,0,12.07
2021-03-31,Kalimantan (Indonesia),Indian East Coast (Paradip/Vizag/Gangavaram),2800,2171,509.25,0,11.67
2021-04-01,Kalimantan (Indonesia),Indian East Coast (Paradip/Vizag/Gangavaram),2800,2213,500.78,0,12.5
2021-04-02,Kalimantan (Indonesia),Indian East Coast (Paradip/Vizag/Gangavaram),2800,2212,498.91,0,11.51
2021-04-03,Kalimantan (Indonesia),Indian East Coast (Paradip/Vizag/Gangavaram),2800,2192,501.51,0,11.65
2021-04-04,Kalimantan (Indonesia),Indian East Coast (Paradip/Vizag/Gangavaram),2800,2193,500.45,0,11.49
2021-04-05,Kalimantan (Indonesia),Indian East Coast (Paradip/Vizag/Gangavaram),2800,2105,496.26,0,11.19
2021-04-06,Kalimantan (Indonesia),Indian East Coast (Paradip/Vizag/Gangavaram),2800,2034,493.08,0,11.39
2021-04-07,Kalimantan (Indonesia),Indian East Coast (Paradip/Vizag/Gangavaram),2800,1971,495.66,0,10.89
2021-04-08,Kalimantan (Indonesia),Indian East Coast (Paradip/Vizag/Gangavaram),2800,1929,490.21,0,10.85
2021-04-09,Kalimantan (Indonesia),Indian East Coast (Paradip/Vizag/Gangavaram),2800,1966,493.05,0,11.17
2021-04-10,Kalimantan (Indonesia),Indian East Coast (Paradip/Vizag/Gangavaram),2800,1929,492.67,0,11.34
2021-04-11,Kalimantan (Indonesia),Indian East Coast (Paradip/Vizag/Gangavaram),2800,1923,489.19,0,10.88
2021-04-12,Kalimantan (Indonesia),Indian East Coast (Paradip/Vizag/Gangavaram),2800,2009,487.37,0,11.33
2021-04-13,Kalimantan (Indonesia),Indian East Coast (Paradip/Vizag/Gangavaram),2800,2001,484.35,0,10.95
2021-04-14,Kalimantan (Indonesia),Indian East Coast (Paradip/Vizag/Gangavaram),2800,2053,486.45,0,11.54
2021-04-15,Kalimantan (Indonesia),Indian East Coast (Paradip/Vizag/Gangavaram),2800,2012,488.19,0,10.87
2021-04-16,Kalimantan (Indonesia),Indian East Coast (Paradip/Vizag/Gangavaram),2800,2013,483.25,0,11.28
2021-04-17,Kalimantan (Indonesia),Indian East Coast (Paradip/Vizag/Gangavaram),2800,1972,481.88,0,10.93
2021-04-18,Kalimantan (Indonesia),Indian East Coast (Paradip/Vizag/Gangavaram),2800,1967,479.26,0,10.95
2021-04-19,Kalimantan (Indonesia),Indian East Coast (Paradip/Vizag/Gangavaram),2800,2026,482.49,0,11.08
2021-04-20,Kalimantan (Indonesia),Indian East Coast (Paradip/Vizag/Gangavaram),2800,1942,478.54,0,11.26
2021-04-21,Kalimantan (Indonesia),Indian East Coast (Paradip/Vizag/Gangavaram),2800,1980,482.61,0,10.53
2021-04-22,Kalimantan (Indonesia),Indian East Coast (Paradip/Vizag/Gangavaram),2800,2006,482.22,0,10.97
2021-04-23,Kalimantan (Indonesia),Indian East Coast (Paradip/Vizag/Gangavaram),2800,1986,478.76,0,11.06
2021-04-24,Kalimantan (Indonesia),Indian East Coast (Paradip/Vizag/Gangavaram),2800,1919,476.61,0,11.0
2021-04-25,Kalimantan (Indonesia),Indian East Coast (Paradip/Vizag/Gangavaram),2800,1938,474.12,0,10.51
2021-04-26,Kalimantan (Indonesia),Indian East Coast (Paradip/Vizag/Gangavaram),2800,1923,470.33,0,10.4
2021-04-27,Kalimantan (Indonesia),Indian East Coast (Paradip/Vizag/Gangavaram),2800,1951,470.27,0,10.24
2021-04-28,Kalimantan (Indonesia),Indian East Coast (Paradip/Vizag/Gangavaram),2800,1966,466.6,0,10.69
2021-04-29,Kalimantan (Indonesia),Indian East Coast (Paradip/Vizag/Gangavaram),2800,2068,460.33,0,10.65
2021-04-30,Kalimantan (Indonesia),Indian East Coast (Paradip/Vizag/Gangavaram),2800,2064,458.96,0,11.23
2021-05-01,Kalimantan (Indonesia),Indian East Coast (Paradip/Vizag/Gangavaram),2800,2018,453.71,0,10.59
2021-05-02,Kalimantan (Indonesia),Indian East Coast (Paradip/Vizag/Gangavaram),2800,2040,451.32,0,10.95
2021-05-03,Kalimantan (Indonesia),Indian East Coast (Paradip/Vizag/Gangavaram),2800,2063,448.49,0,10.54
2021-05-04,Kalimantan (Indonesia),Indian East Coast (Paradip/Vizag/Gangavaram),2800,2147,445.76,0,11.41
2021-05-05,Kalimantan (Indonesia),Indian East Coast (Paradip/Vizag/Gangavaram),2800,2200,450.84,0,11.63
2021-05-06,Kalimantan (Indonesia),Indian East Coast (Paradip/Vizag/Gangavaram),2800,2225,450.62,0,11.38
2021-05-07,Kalimantan (Indonesia),Indian East Coast (Paradip/Vizag/Gangavaram),2800,2310,450.91,0,11.5
2021-05-08,Kalimantan (Indonesia),Indian East Coast (Paradip/Vizag/Gangavaram),2800,2246,445.7,0,10.62
2021-05-09,Kalimantan (Indonesia),Indian East Coast (Paradip/Vizag/Gangavaram),2800,2214,443.53,0,11.09
2021-05-10,Kalimantan (Indonesia),Indian East Coast (Paradip/Vizag/Gangavaram),2800,2168,443.73,0,10.95
2021-05-11,Kalimantan (Indonesia),Indian East Coast (Paradip/Vizag/Gangavaram),2800,2153,440.55,0,11.07
2021-05-12,Kalimantan (Indonesia),Indian East Coast (Paradip/Vizag/Gangavaram),2800,2084,442.61,0,11.2
2021-05-13,Kalimantan (Indonesia),Indian East Coast (Paradip/Vizag/Gangavaram),2800,2128,438.94,0,11.2
2021-05-14,Kalimantan (Indonesia),Indian East Coast (Paradip/Vizag/Gangavaram),2800,2123,437.75,0,11.41
2021-05-15,Kalimantan (Indonesia),Indian East Coast (Paradip/Vizag/Gangavaram),2800,2050,435.74,0,10.48
2021-05-16,Kalimantan (Indonesia),Indian East Coast (Paradip/Vizag/Gangavaram),2800,2004,435.76,0,10.49
2021-05-17,Kalimantan (Indonesia),Indian East Coast (Paradip/Vizag/Gangavaram),2800,2033,433.6,0,10.99
2021-05-18,Kalimantan (Indonesia),Indian East Coast (Paradip/Vizag/Gangavaram),2800,2090,432.43,0,10.95
2021-05-19,Kalimantan (Indonesia),Indian East Coast (Paradip/Vizag/Gangavaram),2800,2208,431.35,0,11.31
2021-05-20,Kalimantan (Indonesia),Indian East Coast (Paradip/Vizag/Gangavaram),2800,2373,428.91,0,12.06
2021-05-21,Kalimantan (Indonesia),Indian East Coast (Paradip/Vizag/Gangavaram),2800,2395,429.79,0,12.31
2021-05-22,Kalimantan (Indonesia),Indian East Coast (Paradip/Vizag/Gangavaram),2800,2338,429.99,0,11.48
2021-05-23,Kalimantan (Indonesia),Indian East Coast (Paradip/Vizag/Gangavaram),2800,2221,429.29,0,11.06
2021-05-24,Kalimantan (Indonesia),Indian East Coast (Paradip/Vizag/Gangavaram),2800,2239,427.66,0,11.58
2021-05-25,Kalimantan (Indonesia),Indian East Coast (Paradip/Vizag/Gangavaram),2800,2198,429.36,0,11.42
2021-05-26,Kalimantan (Indonesia),Indian East Coast (Paradip/Vizag/Gangavaram),2800,2179,428.25,0,11.09
2021-05-27,Kalimantan (Indonesia),Indian East Coast (Paradip/Vizag/Gangavaram),2800,2151,426.94,0,11.17
2021-05-28,Kalimantan (Indonesia),Indian East Coast (Paradip/Vizag/Gangavaram),2800,2149,426.75,0,11.2
2021-05-29,Kalimantan (Indonesia),Indian East Coast (Paradip/Vizag/Gangavaram),2800,2214,430.88,0,11.36
2021-05-30,Kalimantan (Indonesia),Indian East Coast (Paradip/Vizag/Gangavaram),2800,2226,426.75,0,11.59
2021-05-31,Kalimantan (Indonesia),Indian East Coast (Paradip/Vizag/Gangavaram),2800,2221,428.35,0,11.4
2021-06-01,Kalimantan (Indonesia),Indian East Coast (Paradip/Vizag/Gangavaram),2800,2167,422.7,1,13.2
2021-06-02,Kalimantan (Indonesia),Indian East Coast (Paradip/Vizag/Gangavaram),2800,2080,422.79,1,11.6
2021-06-03,Kalimantan (Indonesia),Indian East Coast (Paradip/Vizag/Gangavaram),2800,2062,426.57,1,12.75
2021-06-04,Kalimantan (Indonesia),Indian East Coast (Paradip/Vizag/Gangavaram),2800,2068,427.39,1,12.15
2021-06-05,Kalimantan (Indonesia),Indian East Coast (Paradip/Vizag/Gangavaram),2800,2173,427.34,1,13.3
2021-06-06,Kalimantan (Indonesia),Indian East Coast (Paradip/Vizag/Gangavaram),2800,2185,425.3,1,12.58
2021-06-07,Kalimantan (Indonesia),Indian East Coast (Paradip/Vizag/Gangavaram),2800,2243,424.86,1,13.21
2021-06-08,Kalimantan (Indonesia),Indian East Coast (Paradip/Vizag/Gangavaram),2800,2218,423.64,1,12.9
2021-06-09,Kalimantan (Indonesia),Indian East Coast (Paradip/Vizag/Gangavaram),2800,2156,420.97,1,12.93
2021-06-10,Kalimantan (Indonesia),Indian East Coast (Paradip/Vizag/Gangavaram),2800,2108,419.65,1,12.33
2021-06-11,Kalimantan (Indonesia),Indian East Coast (Paradip/Vizag/Gangavaram),2800,2074,419.65,1,11.65
2021-06-12,Kalimantan (Indonesia),Indian East Coast (Paradip/Vizag/Gangavaram),2800,2199,417.02,1,12.81
2021-06-13,Kalimantan (Indonesia),Indian East Coast (Paradip/Vizag/Gangavaram),2800,2157,414.27,1,13.09
2021-06-14,Kalimantan (Indonesia),Indian East Coast (Paradip/Vizag/Gangavaram),2800,2208,410.02,1,12.31
2021-06-15,Kalimantan (Indonesia),Indian East Coast (Paradip/Vizag/Gangavaram),2800,2161,410.53,1,12.09
2021-06-16,Kalimantan (Indonesia),Indian East Coast (Paradip/Vizag/Gangavaram),2800,2216,411.45,1,12.78
2021-06-17,Kalimantan (Indonesia),Indian East Coast (Paradip/Vizag/Gangavaram),2800,2240,411.51,1,12.36
2021-06-18,Kalimantan (Indonesia),Indian East Coast (Paradip/Vizag/Gangavaram),2800,2232,413.57,1,13.02
2021-06-19,Kalimantan (Indonesia),Indian East Coast (Paradip/Vizag/Gangavaram),2800,2231,413.23,1,13.02
2021-06-20,Kalimantan (Indonesia),Indian East Coast (Paradip/Vizag/Gangavaram),2800,2197,413.72,1,12.39
2021-06-21,Kalimantan (Indonesia),Indian East Coast (Paradip/Vizag/Gangavaram),2800,2224,413.96,1,12.15
2021-06-22,Kalimantan (Indonesia),Indian East Coast (Paradip/Vizag/Gangavaram),2800,2200,413.13,1,12.13
2021-06-23,Kalimantan (Indonesia),Indian East Coast (Paradip/Vizag/Gangavaram),2800,2135,411.09,1,12.44
2021-06-24,Kalimantan (Indonesia),Indian East Coast (Paradip/Vizag/Gangavaram),2800,2069,416.52,1,12.67
2021-06-25,Kalimantan (Indonesia),Indian East Coast (Paradip/Vizag/Gangavaram),2800,2085,414.69,1,11.79
2021-06-26,Kalimantan (Indonesia),Indian East Coast (Paradip/Vizag/Gangavaram),2800,2178,412.28,1,11.92
2021-06-27,Kalimantan (Indonesia),Indian East Coast (Paradip/Vizag/Gangavaram),2800,2189,412.86,1,12.38
2021-06-28,Kalimantan (Indonesia),Indian East Coast (Paradip/Vizag/Gangavaram),2800,2185,412.93,1,13.41
2021-06-29,Kalimantan (Indonesia),Indian East Coast (Paradip/Vizag/Gangavaram),2800,2202,408.5,1,12.95
2021-06-30,Kalimantan (Indonesia),Indian East Coast (Paradip/Vizag/Gangavaram),2800,2275,410.93,1,12.16
2021-07-01,Kalimantan (Indonesia),Indian East Coast (Paradip/Vizag/Gangavaram),2800,2286,410.06,1,12.12
2021-07-02,Kalimantan (Indonesia),Indian East Coast (Paradip/Vizag/Gangavaram),2800,2262,406.41,1,12.95
2021-07-03,Kalimantan (Indonesia),Indian East Coast (Paradip/Vizag/Gangavaram),2800,2321,409.02,1,14.0
2021-07-04,Kalimantan (Indonesia),Indian East Coast (Paradip/Vizag/Gangavaram),2800,2341,410.09,1,13.89
2021-07-05,Kalimantan (Indonesia),Indian East Coast (Paradip/Vizag/Gangavaram),2800,2422,406.01,1,13.83
2021-07-06,Kalimantan (Indonesia),Indian East Coast (Paradip/Vizag/Gangavaram),2800,2425,410.21,1,12.94
2021-07-07,Kalimantan (Indonesia),Indian East Coast (Paradip/Vizag/Gangavaram),2800,2350,411.36,1,13.6
2021-07-08,Kalimantan (Indonesia),Indian East Coast (Paradip/Vizag/Gangavaram),2800,2270,410.68,1,13.28
2021-07-09,Kalimantan (Indonesia),Indian East Coast (Paradip/Vizag/Gangavaram),2800,2358,414.36,1,13.09
2021-07-10,Kalimantan (Indonesia),Indian East Coast (Paradip/Vizag/Gangavaram),2800,2448,414.14,1,14.08
2021-07-11,Kalimantan (Indonesia),Indian East Coast (Paradip/Vizag/Gangavaram),2800,2429,413.41,1,13.89
2021-07-12,Kalimantan (Indonesia),Indian East Coast (Paradip/Vizag/Gangavaram),2800,2400,410.95,1,13.45
2021-07-13,Kalimantan (Indonesia),Indian East Coast (Paradip/Vizag/Gangavaram),2800,2473,411.87,1,13.12
2021-07-14,Kalimantan (Indonesia),Indian East Coast (Paradip/Vizag/Gangavaram),2800,2402,412.5,1,12.99
2021-07-15,Kalimantan (Indonesia),Indian East Coast (Paradip/Vizag/Gangavaram),2800,2345,411.88,1,14.02
2021-07-16,Kalimantan (Indonesia),Indian East Coast (Paradip/Vizag/Gangavaram),2800,2374,409.05,1,14.26
2021-07-17,Kalimantan (Indonesia),Indian East Coast (Paradip/Vizag/Gangavaram),2800,2346,408.73,1,12.6
2021-07-18,Kalimantan (Indonesia),Indian East Coast (Paradip/Vizag/Gangavaram),2800,2339,407.86,1,13.19
2021-07-19,Kalimantan (Indonesia),Indian East Coast (Paradip/Vizag/Gangavaram),2800,2324,403.56,1,14.06
2021-07-20,Kalimantan (Indonesia),Indian East Coast (Paradip/Vizag/Gangavaram),2800,2337,398.87,1,12.93
2021-07-21,Kalimantan (Indonesia),Indian East Coast (Paradip/Vizag/Gangavaram),2800,2408,399.72,1,13.33
2021-07-22,Kalimantan (Indonesia),Indian East Coast (Paradip/Vizag/Gangavaram),2800,2404,391.95,1,12.2
2021-07-23,Kalimantan (Indonesia),Indian East Coast (Paradip/Vizag/Gangavaram),2800,2430,391.81,1,13.0
2021-07-24,Kalimantan (Indonesia),Indian East Coast (Paradip/Vizag/Gangavaram),2800,2307,389.82,1,12.44
2021-07-25,Kalimantan (Indonesia),Indian East Coast (Paradip/Vizag/Gangavaram),2800,2299,392.68,1,13.11
2021-07-26,Kalimantan (Indonesia),Indian East Coast (Paradip/Vizag/Gangavaram),2800,2246,390.63,1,12.66
2021-07-27,Kalimantan (Indonesia),Indian East Coast (Paradip/Vizag/Gangavaram),2800,2175,391.72,1,11.83
2021-07-28,Kalimantan (Indonesia),Indian East Coast (Paradip/Vizag/Gangavaram),2800,2125,389.93,1,11.66
2021-07-29,Kalimantan (Indonesia),Indian East Coast (Paradip/Vizag/Gangavaram),2800,2106,389.53,1,12.49
2021-07-30,Kalimantan (Indonesia),Indian East Coast (Paradip/Vizag/Gangavaram),2800,2157,390.82,1,12.86
2021-07-31,Kalimantan (Indonesia),Indian East Coast (Paradip/Vizag/Gangavaram),2800,2082,388.85,1,12.06
2021-08-01,Kalimantan (Indonesia),Indian East Coast (Paradip/Vizag/Gangavaram),2800,2085,390.84,1,12.39
2021-08-02,Kalimantan (Indonesia),Indian East Coast (Paradip/Vizag/Gangavaram),2800,2059,387.42,1,12.39
2021-08-03,Kalimantan (Indonesia),Indian East Coast (Paradip/Vizag/Gangavaram),2800,2042,387.49,1,11.58
2021-08-04,Kalimantan (Indonesia),Indian East Coast (Paradip/Vizag/Gangavaram),2800,2099,389.28,1,11.63
2021-08-05,Kalimantan (Indonesia),Indian East Coast (Paradip/Vizag/Gangavaram),2800,2128,390.34,1,12.75
2021-08-06,Kalimantan (Indonesia),Indian East Coast (Paradip/Vizag/Gangavaram),2800,2199,394.82,1,13.51
2021-08-07,Kalimantan (Indonesia),Indian East Coast (Paradip/Vizag/Gangavaram),2800,2187,392.01,1,11.9
2021-08-08,Kalimantan (Indonesia),Indian East Coast (Paradip/Vizag/Gangavaram),2800,2144,387.53,1,12.54
2021-08-09,Kalimantan (Indonesia),Indian East Coast (Paradip/Vizag/Gangavaram),2800,2129,384.08,1,12.12
2021-08-10,Kalimantan (Indonesia),Indian East Coast (Paradip/Vizag/Gangavaram),2800,2140,385.14,1,12.54
2021-08-11,Kalimantan (Indonesia),Indian East Coast (Paradip/Vizag/Gangavaram),2800,2146,385.75,1,11.38
2021-08-12,Kalimantan (Indonesia),Indian East Coast (Paradip/Vizag/Gangavaram),2800,2083,385.28,1,12.23
2021-08-13,Kalimantan (Indonesia),Indian East Coast (Paradip/Vizag/Gangavaram),2800,2087,381.48,1,11.32
2021-08-14,Kalimantan (Indonesia),Indian East Coast (Paradip/Vizag/Gangavaram),2800,2097,382.82,1,11.76
2021-08-15,Kalimantan (Indonesia),Indian East Coast (Paradip/Vizag/Gangavaram),2800,2234,378.73,1,11.49
2021-08-16,Kalimantan (Indonesia),Indian East Coast (Paradip/Vizag/Gangavaram),2800,2329,381.13,1,13.32
2021-08-17,Kalimantan (Indonesia),Indian East Coast (Paradip/Vizag/Gangavaram),2800,2272,388.15,1,12.66
2021-08-18,Kalimantan (Indonesia),Indian East Coast (Paradip/Vizag/Gangavaram),2800,2247,388.39,1,13.55
2021-08-19,Kalimantan (Indonesia),Indian East Coast (Paradip/Vizag/Gangavaram),2800,2158,389.21,1,13.09
2021-08-20,Kalimantan (Indonesia),Indian East Coast (Paradip/Vizag/Gangavaram),2800,2120,387.11,1,12.45
2021-08-21,Kalimantan (Indonesia),Indian East Coast (Paradip/Vizag/Gangavaram),2800,2133,381.42,1,12.5
2021-08-22,Kalimantan (Indonesia),Indian East Coast (Paradip/Vizag/Gangavaram),2800,2194,379.02,1,12.22
2021-08-23,Kalimantan (Indonesia),Indian East Coast (Paradip/Vizag/Gangavaram),2800,2147,375.28,1,12.39
2021-08-24,Kalimantan (Indonesia),Indian East Coast (Paradip/Vizag/Gangavaram),2800,2105,370.57,1,11.53
2021-08-25,Kalimantan (Indonesia),Indian East Coast (Paradip/Vizag/Gangavaram),2800,1982,374.49,1,11.73
2021-08-26,Kalimantan (Indonesia),Indian East Coast (Paradip/Vizag/Gangavaram),2800,1973,374.45,1,10.82
2021-08-27,Kalimantan (Indonesia),Indian East Coast (Paradip/Vizag/Gangavaram),2800,1914,374.71,1,11.24
2021-08-28,Kalimantan (Indonesia),Indian East Coast (Paradip/Vizag/Gangavaram),2800,1886,373.1,1,11.69
2021-08-29,Kalimantan (Indonesia),Indian East Coast (Paradip/Vizag/Gangavaram),2800,1840,371.85,1,11.32
2021-08-30,Kalimantan (Indonesia),Indian East Coast (Paradip/Vizag/Gangavaram),2800,1839,373.69,1,11.01
2021-08-31,Kalimantan (Indonesia),Indian East Coast (Paradip/Vizag/Gangavaram),2800,1746,372.83,1,10.64
2021-09-01,Kalimantan (Indonesia),Indian East Coast (Paradip/Vizag/Gangavaram),2800,1671,373.49,1,10.38
2021-09-02,Kalimantan (Indonesia),Indian East Coast (Paradip/Vizag/Gangavaram),2800,1799,372.17,1,10.32
2021-09-03,Kalimantan (Indonesia),Indian East Coast (Paradip/Vizag/Gangavaram),2800,1738,370.45,1,10.04
2021-09-04,Kalimantan (Indonesia),Indian East Coast (Paradip/Vizag/Gangavaram),2800,1691,365.84,1,10.56
2021-09-05,Kalimantan (Indonesia),Indian East Coast (Paradip/Vizag/Gangavaram),2800,1813,359.67,1,11.06
2021-09-06,Kalimantan (Indonesia),Indian East Coast (Paradip/Vizag/Gangavaram),2800,1996,358.17,1,10.91
2021-09-07,Kalimantan (Indonesia),Indian East Coast (Paradip/Vizag/Gangavaram),2800,1948,357.54,1,11.82
2021-09-08,Kalimantan (Indonesia),Indian East Coast (Paradip/Vizag/Gangavaram),2800,1949,353.25,1,11.32
2021-09-09,Kalimantan (Indonesia),Indian East Coast (Paradip/Vizag/Gangavaram),2800,1995,352.36,1,12.39
2021-09-10,Kalimantan (Indonesia),Indian East Coast (Paradip/Vizag/Gangavaram),2800,2125,351.72,1,12.06
2021-09-11,Kalimantan (Indonesia),Indian East Coast (Paradip/Vizag/Gangavaram),2800,2094,345.06,1,11.83
2021-09-12,Kalimantan (Indonesia),Indian East Coast (Paradip/Vizag/Gangavaram),2800,2111,341.77,1,11.51
2021-09-13,Kalimantan (Indonesia),Indian East Coast (Paradip/Vizag/Gangavaram),2800,2194,342.08,1,11.97
2021-09-14,Kalimantan (Indonesia),Indian East Coast (Paradip/Vizag/Gangavaram),2800,2256,342.34,1,11.56
2021-09-15,Kalimantan (Indonesia),Indian East Coast (Paradip/Vizag/Gangavaram),2800,2268,338.4,1,12.75
2021-09-16,Kalimantan (Indonesia),Indian East Coast (Paradip/Vizag/Gangavaram),2800,2297,338.04,1,12.1
2021-09-17,Kalimantan (Indonesia),Indian East Coast (Paradip/Vizag/Gangavaram),2800,2244,340.02,1,11.81
2021-09-18,Kalimantan (Indonesia),Indian East Coast (Paradip/Vizag/Gangavaram),2800,2268,341.33,1,12.73
2021-09-19,Kalimantan (Indonesia),Indian East Coast (Paradip/Vizag/Gangavaram),2800,2291,340.27,1,11.71
2021-09-20,Kalimantan (Indonesia),Indian East Coast (Paradip/Vizag/Gangavaram),2800,2349,338.19,1,11.92
2021-09-21,Kalimantan (Indonesia),Indian East Coast (Paradip/Vizag/Gangavaram),2800,2350,335.68,1,12.03
2021-09-22,Kalimantan (Indonesia),Indian East Coast (Paradip/Vizag/Gangavaram),2800,2425,336.15,1,12.93
2021-09-23,Kalimantan (Indonesia),Indian East Coast (Paradip/Vizag/Gangavaram),2800,2540,335.87,1,12.18
2021-09-24,Kalimantan (Indonesia),Indian East Coast (Paradip/Vizag/Gangavaram),2800,2588,336.78,1,13.54
2021-09-25,Kalimantan (Indonesia),Indian East Coast (Paradip/Vizag/Gangavaram),2800,2650,336.34,1,13.44
2021-09-26,Kalimantan (Indonesia),Indian East Coast (Paradip/Vizag/Gangavaram),2800,2686,337.76,1,13.84
2021-09-27,Kalimantan (Indonesia),Indian East Coast (Paradip/Vizag/Gangavaram),2800,2716,337.21,1,13.98
2021-09-28,Kalimantan (Indonesia),Indian East Coast (Paradip/Vizag/Gangavaram),2800,2687,338.54,1,12.13
2021-09-29,Kalimantan (Indonesia),Indian East Coast (Paradip/Vizag/Gangavaram),2800,2739,340.1,1,13.29
2021-09-30,Kalimantan (Indonesia),Indian East Coast (Paradip/Vizag/Gangavaram),2800,2754,337.1,1,14.31
2021-10-01,Kalimantan (Indonesia),Indian East Coast (Paradip/Vizag/Gangavaram),2800,2947,331.38,0,12.72
2021-10-02,Kalimantan (Indonesia),Indian East Coast (Paradip/Vizag/Gangavaram),2800,3090,334.77,0,12.96
2021-10-03,Kalimantan (Indonesia),Indian East Coast (Paradip/Vizag/Gangavaram),2800,3128,334.66,0,13.45
2021-10-04,Kalimantan (Indonesia),Indian East Coast (Paradip/Vizag/Gangavaram),2800,3065,329.19,0,13.36
2021-10-05,Kalimantan (Indonesia),Indian East Coast (Paradip/Vizag/Gangavaram),2800,2970,326.44,0,12.32
2021-10-06,Kalimantan (Indonesia),Indian East Coast (Paradip/Vizag/Gangavaram),2800,3070,327.73,0,13.22
2021-10-07,Kalimantan (Indonesia),Indian East Coast (Paradip/Vizag/Gangavaram),2800,3084,326.16,0,13.06
2021-10-08,Kalimantan (Indonesia),Indian East Coast (Paradip/Vizag/Gangavaram),2800,3113,323.96,0,13.18
2021-10-09,Kalimantan (Indonesia),Indian East Coast (Paradip/Vizag/Gangavaram),2800,2947,326.97,0,12.77
2021-10-10,Kalimantan (Indonesia),Indian East Coast (Paradip/Vizag/Gangavaram),2800,3010,323.31,0,11.68
2021-10-11,Kalimantan (Indonesia),Indian East Coast (Paradip/Vizag/Gangavaram),2800,3026,320.33,0,12.37
2021-10-12,Kalimantan (Indonesia),Indian East Coast (Paradip/Vizag/Gangavaram),2800,2905,320.1,0,11.9
2021-10-13,Kalimantan (Indonesia),Indian East Coast (Paradip/Vizag/Gangavaram),2800,2838,320.35,0,11.47
2021-10-14,Kalimantan (Indonesia),Indian East Coast (Paradip/Vizag/Gangavaram),2800,2832,320.9,0,12.15
2021-10-15,Kalimantan (Indonesia),Indian East Coast (Paradip/Vizag/Gangavaram),2800,2804,322.57,0,12.56
2021-10-16,Kalimantan (Indonesia),Indian East Coast (Paradip/Vizag/Gangavaram),2800,2745,322.3,0,12.0
2021-10-17,Kalimantan (Indonesia),Indian East Coast (Paradip/Vizag/Gangavaram),2800,2700,322.83,0,11.83
2021-10-18,Kalimantan (Indonesia),Indian East Coast (Paradip/Vizag/Gangavaram),2800,2641,321.32,0,12.12
2021-10-19,Kalimantan (Indonesia),Indian East Coast (Paradip/Vizag/Gangavaram),2800,2613,320.68,0,11.32
2021-10-20,Kalimantan (Indonesia),Indian East Coast (Paradip/Vizag/Gangavaram),2800,2686,320.17,0,11.78
2021-10-21,Kalimantan (Indonesia),Indian East Coast (Paradip/Vizag/Gangavaram),2800,2436,319.95,0,10.72
2021-10-22,Kalimantan (Indonesia),Indian East Coast (Paradip/Vizag/Gangavaram),2800,2377,321.25,0,10.77
2021-10-23,Kalimantan (Indonesia),Indian East Coast (Paradip/Vizag/Gangavaram),2800,2348,321.96,0,10.84
2021-10-24,Kalimantan (Indonesia),Indian East Coast (Paradip/Vizag/Gangavaram),2800,2326,321.28,0,10.67
2021-10-25,Kalimantan (Indonesia),Indian East Coast (Paradip/Vizag/Gangavaram),2800,2253,318.28,0,10.58
2021-10-26,Kalimantan (Indonesia),Indian East Coast (Paradip/Vizag/Gangavaram),2800,2083,317.66,0,9.89
2021-10-27,Kalimantan (Indonesia),Indian East Coast (Paradip/Vizag/Gangavaram),2800,2067,316.79,0,9.22
2021-10-28,Kalimantan (Indonesia),Indian East Coast (Paradip/Vizag/Gangavaram),2800,2147,316.51,0,10.34
2021-10-29,Kalimantan (Indonesia),Indian East Coast (Paradip/Vizag/Gangavaram),2800,1997,321.72,0,9.16
2021-10-30,Kalimantan (Indonesia),Indian East Coast (Paradip/Vizag/Gangavaram),2800,2014,319.5,0,10.0
2021-10-31,Kalimantan (Indonesia),Indian East Coast (Paradip/Vizag/Gangavaram),2800,1950,319.85,0,9.89
2021-11-01,Kalimantan (Indonesia),Indian East Coast (Paradip/Vizag/Gangavaram),2800,1906,321.96,0,9.12
2021-11-02,Kalimantan (Indonesia),Indian East Coast (Paradip/Vizag/Gangavaram),2800,1801,321.43,0,9.01
2021-11-03,Kalimantan (Indonesia),Indian East Coast (Paradip/Vizag/Gangavaram),2800,1747,327.0,0,9.87
2021-11-04,Kalimantan (Indonesia),Indian East Coast (Paradip/Vizag/Gangavaram),2800,1795,325.18,0,9.11
2021-11-05,Kalimantan (Indonesia),Indian East Coast (Paradip/Vizag/Gangavaram),2800,1797,325.27,0,8.7
2021-11-06,Kalimantan (Indonesia),Indian East Coast (Paradip/Vizag/Gangavaram),2800,1866,322.31,0,9.64
2021-11-07,Kalimantan (Indonesia),Indian East Coast (Paradip/Vizag/Gangavaram),2800,1899,320.57,0,9.04
2021-11-08,Kalimantan (Indonesia),Indian East Coast (Paradip/Vizag/Gangavaram),2800,1888,320.46,0,8.81
2021-11-09,Kalimantan (Indonesia),Indian East Coast (Paradip/Vizag/Gangavaram),2800,1954,321.97,0,9.64
2021-11-10,Kalimantan (Indonesia),Indian East Coast (Paradip/Vizag/Gangavaram),2800,1944,322.06,0,9.19
2021-11-11,Kalimantan (Indonesia),Indian East Coast (Paradip/Vizag/Gangavaram),2800,1958,324.7,0,9.67
2021-11-12,Kalimantan (Indonesia),Indian East Coast (Paradip/Vizag/Gangavaram),2800,1912,323.66,0,9.37
2021-11-13,Kalimantan (Indonesia),Indian East Coast (Paradip/Vizag/Gangavaram),2800,1890,321.98,0,9.76
2021-11-14,Kalimantan (Indonesia),Indian East Coast (Paradip/Vizag/Gangavaram),2800,1831,328.56,0,9.47
2021-11-15,Kalimantan (Indonesia),Indian East Coast (Paradip/Vizag/Gangavaram),2800,1869,328.85,0,8.71
2021-11-16,Kalimantan (Indonesia),Indian East Coast (Paradip/Vizag/Gangavaram),2800,1789,326.12,0,9.22
2021-11-17,Kalimantan (Indonesia),Indian East Coast (Paradip/Vizag/Gangavaram),2800,1819,323.46,0,8.81
2021-11-18,Kalimantan (Indonesia),Indian East Coast (Paradip/Vizag/Gangavaram),2800,1794,320.12,0,9.55
2021-11-19,Kalimantan (Indonesia),Indian East Coast (Paradip/Vizag/Gangavaram),2800,1844,321.9,0,9.06
2021-11-20,Kalimantan (Indonesia),Indian East Coast (Paradip/Vizag/Gangavaram),2800,1870,320.14,0,9.26
2021-11-21,Kalimantan (Indonesia),Indian East Coast (Paradip/Vizag/Gangavaram),2800,1953,319.72,0,9.33
2021-11-22,Kalimantan (Indonesia),Indian East Coast (Paradip/Vizag/Gangavaram),2800,1973,318.79,0,9.41
2021-11-23,Kalimantan (Indonesia),Indian East Coast (Paradip/Vizag/Gangavaram),2800,1865,320.01,0,9.24
2021-11-24,Kalimantan (Indonesia),Indian East Coast (Paradip/Vizag/Gangavaram),2800,1844,316.95,0,9.34
2021-11-25,Kalimantan (Indonesia),Indian East Coast (Paradip/Vizag/Gangavaram),2800,1762,313.27,0,9.39
2021-11-26,Kalimantan (Indonesia),Indian East Coast (Paradip/Vizag/Gangavaram),2800,1720,313.12,0,8.77
2021-11-27,Kalimantan (Indonesia),Indian East Coast (Paradip/Vizag/Gangavaram),2800,1789,314.0,0,8.9
2021-11-28,Kalimantan (Indonesia),Indian East Coast (Paradip/Vizag/Gangavaram),2800,1809,314.15,0,9.09
2021-11-29,Kalimantan (Indonesia),Indian East Coast (Paradip/Vizag/Gangavaram),2800,1753,311.2,0,9.25
2021-11-30,Kalimantan (Indonesia),Indian East Coast (Paradip/Vizag/Gangavaram),2800,1682,312.29,0,8.59
2021-12-01,Kalimantan (Indonesia),Indian East Coast (Paradip/Vizag/Gangavaram),2800,1671,309.52,0,8.55
2021-12-02,Kalimantan (Indonesia),Indian East Coast (Paradip/Vizag/Gangavaram),2800,1592,307.36,0,8.52
2021-12-03,Kalimantan (Indonesia),Indian East Coast (Paradip/Vizag/Gangavaram),2800,1545,304.05,0,8.06
2021-12-04,Kalimantan (Indonesia),Indian East Coast (Paradip/Vizag/Gangavaram),2800,1553,306.85,0,7.67
2021-12-05,Kalimantan (Indonesia),Indian East Coast (Paradip/Vizag/Gangavaram),2800,1607,307.84,0,8.28
2021-12-06,Kalimantan (Indonesia),Indian East Coast (Paradip/Vizag/Gangavaram),2800,1629,308.75,0,8.73
2021-12-07,Kalimantan (Indonesia),Indian East Coast (Paradip/Vizag/Gangavaram),2800,1491,311.41,0,7.99
2021-12-08,Kalimantan (Indonesia),Indian East Coast (Paradip/Vizag/Gangavaram),2800,1500,318.33,0,7.88
2021-12-09,Kalimantan (Indonesia),Indian East Coast (Paradip/Vizag/Gangavaram),2800,1495,312.96,0,8.6
2021-12-10,Kalimantan (Indonesia),Indian East Coast (Paradip/Vizag/Gangavaram),2800,1510,310.22,0,8.51
2021-12-11,Kalimantan (Indonesia),Indian East Coast (Paradip/Vizag/Gangavaram),2800,1589,307.83,0,8.77
2021-12-12,Kalimantan (Indonesia),Indian East Coast (Paradip/Vizag/Gangavaram),2800,1464,304.79,0,8.47
2021-12-13,Kalimantan (Indonesia),Indian East Coast (Paradip/Vizag/Gangavaram),2800,1423,301.14,0,7.9
2021-12-14,Kalimantan (Indonesia),Indian East Coast (Paradip/Vizag/Gangavaram),2800,1449,299.61,0,8.32
2021-12-15,Kalimantan (Indonesia),Indian East Coast (Paradip/Vizag/Gangavaram),2800,1354,295.59,0,8.33
2021-12-16,Kalimantan (Indonesia),Indian East Coast (Paradip/Vizag/Gangavaram),2800,1430,295.8,0,8.74
2021-12-17,Kalimantan (Indonesia),Indian East Coast (Paradip/Vizag/Gangavaram),2800,1442,295.23,0,8.72
2021-12-18,Kalimantan (Indonesia),Indian East Coast (Paradip/Vizag/Gangavaram),2800,1481,295.84,0,8.92
2021-12-19,Kalimantan (Indonesia),Indian East Coast (Paradip/Vizag/Gangavaram),2800,1439,296.52,0,8.32
2021-12-20,Kalimantan (Indonesia),Indian East Coast (Paradip/Vizag/Gangavaram),2800,1475,297.46,0,9.0
2021-12-21,Kalimantan (Indonesia),Indian East Coast (Paradip/Vizag/Gangavaram),2800,1524,295.75,0,8.77
2021-12-22,Kalimantan (Indonesia),Indian East Coast (Paradip/Vizag/Gangavaram),2800,1524,300.83,0,9.37
2021-12-23,Kalimantan (Indonesia),Indian East Coast (Paradip/Vizag/Gangavaram),2800,1525,300.78,0,9.82
2021-12-24,Kalimantan (Indonesia),Indian East Coast (Paradip/Vizag/Gangavaram),2800,1527,295.03,0,9.13
2021-12-25,Kalimantan (Indonesia),Indian East Coast (Paradip/Vizag/Gangavaram),2800,1466,291.62,0,9.04
2021-12-26,Kalimantan (Indonesia),Indian East Coast (Paradip/Vizag/Gangavaram),2800,1447,286.2,0,9.24
2021-12-27,Kalimantan (Indonesia),Indian East Coast (Paradip/Vizag/Gangavaram),2800,1428,285.58,0,9.52
2021-12-28,Kalimantan (Indonesia),Indian East Coast (Paradip/Vizag/Gangavaram),2800,1439,284.57,0,8.97
2021-12-29,Kalimantan (Indonesia),Indian East Coast (Paradip/Vizag/Gangavaram),2800,1483,282.63,0,8.8
2021-12-30,Kalimantan (Indonesia),Indian East Coast (Paradip/Vizag/Gangavaram),2800,1412,287.43,0,9.41
2021-12-31,Kalimantan (Indonesia),Indian East Coast (Paradip/Vizag/Gangavaram),2800,1395,288.26,0,8.39
2022-01-01,Kalimantan (Indonesia),Indian East Coast (Paradip/Vizag/Gangavaram),2800,1466,289.58,0,9.58
2022-01-02,Kalimantan (Indonesia),Indian East Coast (Paradip/Vizag/Gangavaram),2800,1413,286.39,0,9.48
2022-01-03,Kalimantan (Indonesia),Indian East Coast (Paradip/Vizag/Gangavaram),2800,1357,283.02,0,9.56
2022-01-04,Kalimantan (Indonesia),Indian East Coast (Paradip/Vizag/Gangavaram),2800,1358,282.47,0,9.24
2022-01-05,Kalimantan (Indonesia),Indian East Coast (Paradip/Vizag/Gangavaram),2800,1395,282.29,0,9.42
2022-01-06,Kalimantan (Indonesia),Indian East Coast (Paradip/Vizag/Gangavaram),2800,1385,280.0,0,9.35
2022-01-07,Kalimantan (Indonesia),Indian East Coast (Paradip/Vizag/Gangavaram),2800,1447,280.0,0,9.01
2022-01-08,Kalimantan (Indonesia),Indian East Coast (Paradip/Vizag/Gangavaram),2800,1481,280.0,0,10.15
2022-01-09,Kalimantan (Indonesia),Indian East Coast (Paradip/Vizag/Gangavaram),2800,1513,280.0,0,9.9
2022-01-10,Kalimantan (Indonesia),Indian East Coast (Paradip/Vizag/Gangavaram),2800,1527,280.0,0,9.67
2022-01-11,Kalimantan (Indonesia),Indian East Coast (Paradip/Vizag/Gangavaram),2800,1638,280.0,0,10.14
2022-01-12,Kalimantan (Indonesia),Indian East Coast (Paradip/Vizag/Gangavaram),2800,1606,280.0,0,10.01
2022-01-13,Kalimantan (Indonesia),Indian East Coast (Paradip/Vizag/Gangavaram),2800,1476,280.0,0,9.63
2022-01-14,Kalimantan (Indonesia),Indian East Coast (Paradip/Vizag/Gangavaram),2800,1549,280.0,0,9.71
2022-01-15,Kalimantan (Indonesia),Indian East Coast (Paradip/Vizag/Gangavaram),2800,1505,280.0,0,9.47
2022-01-16,Kalimantan (Indonesia),Indian East Coast (Paradip/Vizag/Gangavaram),2800,1494,280.0,0,9.27
2022-01-17,Kalimantan (Indonesia),Indian East Coast (Paradip/Vizag/Gangavaram),2800,1550,280.0,0,9.27
2022-01-18,Kalimantan (Indonesia),Indian East Coast (Paradip/Vizag/Gangavaram),2800,1442,280.0,0,8.82
2022-01-19,Kalimantan (Indonesia),Indian East Coast (Paradip/Vizag/Gangavaram),2800,1358,280.0,0,8.61
2022-01-20,Kalimantan (Indonesia),Indian East Coast (Paradip/Vizag/Gangavaram),2800,1258,280.0,0,8.6
2022-01-21,Kalimantan (Indonesia),Indian East Coast (Paradip/Vizag/Gangavaram),2800,1205,280.0,0,8.4
2022-01-22,Kalimantan (Indonesia),Indian East Coast (Paradip/Vizag/Gangavaram),2800,1221,280.0,0,8.09
2022-01-23,Kalimantan (Indonesia),Indian East Coast (Paradip/Vizag/Gangavaram),2800,1241,280.0,0,8.56
2022-01-24,Kalimantan (Indonesia),Indian East Coast (Paradip/Vizag/Gangavaram),2800,1247,280.0,0,8.08
2022-01-25,Kalimantan (Indonesia),Indian East Coast (Paradip/Vizag/Gangavaram),2800,1160,280.0,0,7.55
2022-01-26,Kalimantan (Indonesia),Indian East Coast (Paradip/Vizag/Gangavaram),2800,1026,280.0,0,7.33
2022-01-27,Kalimantan (Indonesia),Indian East Coast (Paradip/Vizag/Gangavaram),2800,1027,280.0,0,7.44
2022-01-28,Kalimantan (Indonesia),Indian East Coast (Paradip/Vizag/Gangavaram),2800,998,280.0,0,7.37
2022-01-29,Kalimantan (Indonesia),Indian East Coast (Paradip/Vizag/Gangavaram),2800,1022,280.0,0,7.28
2022-01-30,Kalimantan (Indonesia),Indian East Coast (Paradip/Vizag/Gangavaram),2800,1057,280.0,0,7.55
2022-01-31,Kalimantan (Indonesia),Indian East Coast (Paradip/Vizag/Gangavaram),2800,1061,280.0,0,6.75
2022-02-01,Kalimantan (Indonesia),Indian East Coast (Paradip/Vizag/Gangavaram),2800,1098,280.0,0,7.42
2022-02-02,Kalimantan (Indonesia),Indian East Coast (Paradip/Vizag/Gangavaram),2800,1105,280.0,0,7.78
2022-02-03,Kalimantan (Indonesia),Indian East Coast (Paradip/Vizag/Gangavaram),2800,1127,280.0,0,6.86
2022-02-04,Kalimantan (Indonesia),Indian East Coast (Paradip/Vizag/Gangavaram),2800,1081,280.0,0,6.82
2022-02-05,Kalimantan (Indonesia),Indian East Coast (Paradip/Vizag/Gangavaram),2800,1065,280.0,0,6.87
2022-02-06,Kalimantan (Indonesia),Indian East Coast (Paradip/Vizag/Gangavaram),2800,1071,280.0,0,6.83
2022-02-07,Kalimantan (Indonesia),Indian East Coast (Paradip/Vizag/Gangavaram),2800,1110,280.0,0,6.98
2022-02-08,Kalimantan (Indonesia),Indian East Coast (Paradip/Vizag/Gangavaram),2800,1081,280.0,0,6.89
2022-02-09,Kalimantan (Indonesia),Indian East Coast (Paradip/Vizag/Gangavaram),2800,1103,280.0,0,7.22
2022-02-10,Kalimantan (Indonesia),Indian East Coast (Paradip/Vizag/Gangavaram),2800,1081,280.0,0,6.43
2022-02-11,Kalimantan (Indonesia),Indian East Coast (Paradip/Vizag/Gangavaram),2800,1067,280.0,0,6.67
2022-02-12,Kalimantan (Indonesia),Indian East Coast (Paradip/Vizag/Gangavaram),2800,1106,280.0,0,6.65
2022-02-13,Kalimantan (Indonesia),Indian East Coast (Paradip/Vizag/Gangavaram),2800,988,280.0,0,6.67
2022-02-14,Kalimantan (Indonesia),Indian East Coast (Paradip/Vizag/Gangavaram),2800,913,280.0,0,6.73
2022-02-15,Kalimantan (Indonesia),Indian East Coast (Paradip/Vizag/Gangavaram),2800,829,280.0,0,6.31
2022-02-16,Kalimantan (Indonesia),Indian East Coast (Paradip/Vizag/Gangavaram),2800,702,280.0,0,5.51
2022-02-17,Kalimantan (Indonesia),Indian East Coast (Paradip/Vizag/Gangavaram),2800,670,280.0,0,5.71
2022-02-18,Kalimantan (Indonesia),Indian East Coast (Paradip/Vizag/Gangavaram),2800,718,280.0,0,5.7
2022-02-19,Kalimantan (Indonesia),Indian East Coast (Paradip/Vizag/Gangavaram),2800,706,280.0,0,5.62
2022-02-20,Kalimantan (Indonesia),Indian East Coast (Paradip/Vizag/Gangavaram),2800,722,280.0,0,5.83
2022-02-21,Kalimantan (Indonesia),Indian East Coast (Paradip/Vizag/Gangavaram),2800,786,280.0,0,5.59
2022-02-22,Kalimantan (Indonesia),Indian East Coast (Paradip/Vizag/Gangavaram),2800,860,280.0,0,6.3
2022-02-23,Kalimantan (Indonesia),Indian East Coast (Paradip/Vizag/Gangavaram),2800,855,280.0,0,6.12
2022-02-24,Kalimantan (Indonesia),Indian East Coast (Paradip/Vizag/Gangavaram),2800,929,280.0,0,6.36
2022-02-25,Kalimantan (Indonesia),Indian East Coast (Paradip/Vizag/Gangavaram),2800,930,280.0,0,6.7
2022-02-26,Kalimantan (Indonesia),Indian East Coast (Paradip/Vizag/Gangavaram),2800,880,280.0,0,5.9
2022-02-27,Kalimantan (Indonesia),Indian East Coast (Paradip/Vizag/Gangavaram),2800,846,280.0,0,6.21
2022-02-28,Kalimantan (Indonesia),Indian East Coast (Paradip/Vizag/Gangavaram),2800,764,280.0,0,6.18
2022-03-01,Kalimantan (Indonesia),Indian East Coast (Paradip/Vizag/Gangavaram),2800,718,280.0,0,5.65
2022-03-02,Kalimantan (Indonesia),Indian East Coast (Paradip/Vizag/Gangavaram),2800,702,280.0,0,5.48
2022-03-03,Kalimantan (Indonesia),Indian East Coast (Paradip/Vizag/Gangavaram),2800,752,280.0,0,6.16
2022-03-04,Kalimantan (Indonesia),Indian East Coast (Paradip/Vizag/Gangavaram),2800,851,280.0,0,6.23
2022-03-05,Kalimantan (Indonesia),Indian East Coast (Paradip/Vizag/Gangavaram),2800,775,280.0,0,5.89
2022-03-06,Kalimantan (Indonesia),Indian East Coast (Paradip/Vizag/Gangavaram),2800,800,280.0,0,5.95
2022-03-07,Kalimantan (Indonesia),Indian East Coast (Paradip/Vizag/Gangavaram),2800,744,280.0,0,5.81
2022-03-08,Kalimantan (Indonesia),Indian East Coast (Paradip/Vizag/Gangavaram),2800,776,280.0,0,5.65
2022-03-09,Kalimantan (Indonesia),Indian East Coast (Paradip/Vizag/Gangavaram),2800,772,280.0,0,5.91
2022-03-10,Kalimantan (Indonesia),Indian East Coast (Paradip/Vizag/Gangavaram),2800,672,280.0,0,5.42
2022-03-11,Kalimantan (Indonesia),Indian East Coast (Paradip/Vizag/Gangavaram),2800,733,280.0,0,6.05
2022-03-12,Kalimantan (Indonesia),Indian East Coast (Paradip/Vizag/Gangavaram),2800,704,280.0,0,5.85
2022-03-13,Kalimantan (Indonesia),Indian East Coast (Paradip/Vizag/Gangavaram),2800,679,280.0,0,5.85
2022-03-14,Kalimantan (Indonesia),Indian East Coast (Paradip/Vizag/Gangavaram),2800,625,280.0,0,5.49
2022-03-15,Kalimantan (Indonesia),Indian East Coast (Paradip/Vizag/Gangavaram),2800,596,280.0,0,5.38
2022-03-16,Kalimantan (Indonesia),Indian East Coast (Paradip/Vizag/Gangavaram),2800,632,280.0,0,5.36
2022-03-17,Kalimantan (Indonesia),Indian East Coast (Paradip/Vizag/Gangavaram),2800,630,280.0,0,5.8
2022-03-18,Kalimantan (Indonesia),Indian East Coast (Paradip/Vizag/Gangavaram),2800,659,280.0,0,5.44
2022-03-19,Kalimantan (Indonesia),Indian East Coast (Paradip/Vizag/Gangavaram),2800,690,280.0,0,5.6
2022-03-20,Kalimantan (Indonesia),Indian East Coast (Paradip/Vizag/Gangavaram),2800,778,280.0,0,6.15
2022-03-21,Kalimantan (Indonesia),Indian East Coast (Paradip/Vizag/Gangavaram),2800,763,280.0,0,6.18
2022-03-22,Kalimantan (Indonesia),Indian East Coast (Paradip/Vizag/Gangavaram),2800,679,280.0,0,5.5
2022-03-23,Kalimantan (Indonesia),Indian East Coast (Paradip/Vizag/Gangavaram),2800,753,280.0,0,5.82
2022-03-24,Kalimantan (Indonesia),Indian East Coast (Paradip/Vizag/Gangavaram),2800,740,280.0,0,5.95
2022-03-25,Kalimantan (Indonesia),Indian East Coast (Paradip/Vizag/Gangavaram),2800,816,280.0,0,5.95
2022-03-26,Kalimantan (Indonesia),Indian East Coast (Paradip/Vizag/Gangavaram),2800,846,280.0,0,6.26
2022-03-27,Kalimantan (Indonesia),Indian East Coast (Paradip/Vizag/Gangavaram),2800,842,280.0,0,6.37
2022-03-28,Kalimantan (Indonesia),Indian East Coast (Paradip/Vizag/Gangavaram),2800,869,280.0,0,6.06
2022-03-29,Kalimantan (Indonesia),Indian East Coast (Paradip/Vizag/Gangavaram),2800,997,280.0,0,6.6
2022-03-30,Kalimantan (Indonesia),Indian East Coast (Paradip/Vizag/Gangavaram),2800,1131,280.0,0,7.02
2022-03-31,Kalimantan (Indonesia),Indian East Coast (Paradip/Vizag/Gangavaram),2800,1131,280.0,0,7.26
2022-04-01,Kalimantan (Indonesia),Indian East Coast (Paradip/Vizag/Gangavaram),2800,1138,280.0,0,6.93
2022-04-02,Kalimantan (Indonesia),Indian East Coast (Paradip/Vizag/Gangavaram),2800,1205,280.0,0,7.11
2022-04-03,Kalimantan (Indonesia),Indian East Coast (Paradip/Vizag/Gangavaram),2800,1143,280.0,0,7.07
2022-04-04,Kalimantan (Indonesia),Indian East Coast (Paradip/Vizag/Gangavaram),2800,1161,280.0,0,6.85
2022-04-05,Kalimantan (Indonesia),Indian East Coast (Paradip/Vizag/Gangavaram),2800,1155,280.0,0,6.78
2022-04-06,Kalimantan (Indonesia),Indian East Coast (Paradip/Vizag/Gangavaram),2800,1172,280.0,0,6.99
2022-04-07,Kalimantan (Indonesia),Indian East Coast (Paradip/Vizag/Gangavaram),2800,1111,280.0,0,7.08
2022-04-08,Kalimantan (Indonesia),Indian East Coast (Paradip/Vizag/Gangavaram),2800,1000,285.4,0,6.53
2022-04-09,Kalimantan (Indonesia),Indian East Coast (Paradip/Vizag/Gangavaram),2800,859,290.78,0,6.25
2022-04-10,Kalimantan (Indonesia),Indian East Coast (Paradip/Vizag/Gangavaram),2800,787,289.26,0,5.71
2022-04-11,Kalimantan (Indonesia),Indian East Coast (Paradip/Vizag/Gangavaram),2800,762,293.3,0,6.14
2022-04-12,Kalimantan (Indonesia),Indian East Coast (Paradip/Vizag/Gangavaram),2800,749,299.27,0,6.04
2022-04-13,Kalimantan (Indonesia),Indian East Coast (Paradip/Vizag/Gangavaram),2800,891,305.44,0,6.51
2022-04-14,Kalimantan (Indonesia),Indian East Coast (Paradip/Vizag/Gangavaram),2800,971,307.22,0,6.61
2022-04-15,Kalimantan (Indonesia),Indian East Coast (Paradip/Vizag/Gangavaram),2800,904,313.35,0,6.62
2022-04-16,Kalimantan (Indonesia),Indian East Coast (Paradip/Vizag/Gangavaram),2800,931,318.87,0,6.34
2022-04-17,Kalimantan (Indonesia),Indian East Coast (Paradip/Vizag/Gangavaram),2800,904,328.89,0,6.67
2022-04-18,Kalimantan (Indonesia),Indian East Coast (Paradip/Vizag/Gangavaram),2800,887,329.9,0,6.91
2022-04-19,Kalimantan (Indonesia),Indian East Coast (Paradip/Vizag/Gangavaram),2800,902,331.58,0,6.68
2022-04-20,Kalimantan (Indonesia),Indian East Coast (Paradip/Vizag/Gangavaram),2800,948,333.83,0,6.88
2022-04-21,Kalimantan (Indonesia),Indian East Coast (Paradip/Vizag/Gangavaram),2800,925,335.6,0,6.64
2022-04-22,Kalimantan (Indonesia),Indian East Coast (Paradip/Vizag/Gangavaram),2800,1001,336.29,0,7.09
2022-04-23,Kalimantan (Indonesia),Indian East Coast (Paradip/Vizag/Gangavaram),2800,918,331.89,0,6.83
2022-04-24,Kalimantan (Indonesia),Indian East Coast (Paradip/Vizag/Gangavaram),2800,919,333.83,0,6.85
2022-04-25,Kalimantan (Indonesia),Indian East Coast (Paradip/Vizag/Gangavaram),2800,1105,337.97,0,7.69
2022-04-26,Kalimantan (Indonesia),Indian East Coast (Paradip/Vizag/Gangavaram),2800,1115,339.76,0,7.45
2022-04-27,Kalimantan (Indonesia),Indian East Coast (Paradip/Vizag/Gangavaram),2800,1211,348.15,0,7.72
2022-04-28,Kalimantan (Indonesia),Indian East Coast (Paradip/Vizag/Gangavaram),2800,1207,351.31,0,7.53
2022-04-29,Kalimantan (Indonesia),Indian East Coast (Paradip/Vizag/Gangavaram),2800,1238,357.94,0,8.0
2022-04-30,Kalimantan (Indonesia),Indian East Coast (Paradip/Vizag/Gangavaram),2800,1222,361.75,0,8.31
2022-05-01,Kalimantan (Indonesia),Indian East Coast (Paradip/Vizag/Gangavaram),2800,1198,367.09,0,8.15
2022-05-02,Kalimantan (Indonesia),Indian East Coast (Paradip/Vizag/Gangavaram),2800,1131,370.93,0,7.84
2022-05-03,Kalimantan (Indonesia),Indian East Coast (Paradip/Vizag/Gangavaram),2800,1153,377.71,0,7.98
2022-05-04,Kalimantan (Indonesia),Indian East Coast (Paradip/Vizag/Gangavaram),2800,1082,380.9,0,7.81
2022-05-05,Kalimantan (Indonesia),Indian East Coast (Paradip/Vizag/Gangavaram),2800,1121,385.26,0,7.78
2022-05-06,Kalimantan (Indonesia),Indian East Coast (Paradip/Vizag/Gangavaram),2800,1188,389.24,0,8.07
2022-05-07,Kalimantan (Indonesia),Indian East Coast (Paradip/Vizag/Gangavaram),2800,1201,391.41,0,8.28
2022-05-08,Kalimantan (Indonesia),Indian East Coast (Paradip/Vizag/Gangavaram),2800,1167,395.44,0,7.74
2022-05-09,Kalimantan (Indonesia),Indian East Coast (Paradip/Vizag/Gangavaram),2800,1186,404.41,0,8.03
2022-05-10,Kalimantan (Indonesia),Indian East Coast (Paradip/Vizag/Gangavaram),2800,1150,406.52,0,7.76
2022-05-11,Kalimantan (Indonesia),Indian East Coast (Paradip/Vizag/Gangavaram),2800,1203,410.48,0,7.58
2022-05-12,Kalimantan (Indonesia),Indian East Coast (Paradip/Vizag/Gangavaram),2800,1060,416.67,0,7.93
2022-05-13,Kalimantan (Indonesia),Indian East Coast (Paradip/Vizag/Gangavaram),2800,1026,422.5,0,7.86
2022-05-14,Kalimantan (Indonesia),Indian East Coast (Paradip/Vizag/Gangavaram),2800,880,425.21,0,7.59
2022-05-15,Kalimantan (Indonesia),Indian East Coast (Paradip/Vizag/Gangavaram),2800,773,421.36,0,7.21
2022-05-16,Kalimantan (Indonesia),Indian East Coast (Paradip/Vizag/Gangavaram),2800,866,425.34,0,7.73
2022-05-17,Kalimantan (Indonesia),Indian East Coast (Paradip/Vizag/Gangavaram),2800,923,421.83,0,7.88
2022-05-18,Kalimantan (Indonesia),Indian East Coast (Paradip/Vizag/Gangavaram),2800,868,428.3,0,7.16
2022-05-19,Kalimantan (Indonesia),Indian East Coast (Paradip/Vizag/Gangavaram),2800,762,431.17,0,6.71
2022-05-20,Kalimantan (Indonesia),Indian East Coast (Paradip/Vizag/Gangavaram),2800,563,436.25,0,6.8
2022-05-21,Kalimantan (Indonesia),Indian East Coast (Paradip/Vizag/Gangavaram),2800,533,436.08,0,6.9
2022-05-22,Kalimantan (Indonesia),Indian East Coast (Paradip/Vizag/Gangavaram),2800,702,434.08,0,7.38
2022-05-23,Kalimantan (Indonesia),Indian East Coast (Paradip/Vizag/Gangavaram),2800,731,436.95,0,7.13
2022-05-24,Kalimantan (Indonesia),Indian East Coast (Paradip/Vizag/Gangavaram),2800,694,438.95,0,6.62
2022-05-25,Kalimantan (Indonesia),Indian East Coast (Paradip/Vizag/Gangavaram),2800,725,439.64,0,7.3
2022-05-26,Kalimantan (Indonesia),Indian East Coast (Paradip/Vizag/Gangavaram),2800,623,441.82,0,6.85
2022-05-27,Kalimantan (Indonesia),Indian East Coast (Paradip/Vizag/Gangavaram),2800,607,451.23,0,7.16
2022-05-28,Kalimantan (Indonesia),Indian East Coast (Paradip/Vizag/Gangavaram),2800,617,455.3,0,7.4
2022-05-29,Kalimantan (Indonesia),Indian East Coast (Paradip/Vizag/Gangavaram),2800,614,459.88,0,7.04
2022-05-30,Kalimantan (Indonesia),Indian East Coast (Paradip/Vizag/Gangavaram),2800,667,463.83,0,7.16
2022-05-31,Kalimantan (Indonesia),Indian East Coast (Paradip/Vizag/Gangavaram),2800,689,469.42,0,7.22
2022-06-01,Kalimantan (Indonesia),Indian East Coast (Paradip/Vizag/Gangavaram),2800,730,470.4,1,8.85
2022-06-02,Kalimantan (Indonesia),Indian East Coast (Paradip/Vizag/Gangavaram),2800,684,466.22,1,8.26
2022-06-03,Kalimantan (Indonesia),Indian East Coast (Paradip/Vizag/Gangavaram),2800,739,467.04,1,8.77
2022-06-04,Kalimantan (Indonesia),Indian East Coast (Paradip/Vizag/Gangavaram),2800,835,470.49,1,8.41
2022-06-05,Kalimantan (Indonesia),Indian East Coast (Paradip/Vizag/Gangavaram),2800,769,469.01,1,8.29
2022-06-06,Kalimantan (Indonesia),Indian East Coast (Paradip/Vizag/Gangavaram),2800,710,469.61,1,8.33
2022-06-07,Kalimantan (Indonesia),Indian East Coast (Paradip/Vizag/Gangavaram),2800,788,468.71,1,8.75
2022-06-08,Kalimantan (Indonesia),Indian East Coast (Paradip/Vizag/Gangavaram),2800,771,473.7,1,8.3
2022-06-09,Kalimantan (Indonesia),Indian East Coast (Paradip/Vizag/Gangavaram),2800,848,476.55,1,8.26
2022-06-10,Kalimantan (Indonesia),Indian East Coast (Paradip/Vizag/Gangavaram),2800,814,479.05,1,8.53
2022-06-11,Kalimantan (Indonesia),Indian East Coast (Paradip/Vizag/Gangavaram),2800,892,481.38,1,9.35
2022-06-12,Kalimantan (Indonesia),Indian East Coast (Paradip/Vizag/Gangavaram),2800,889,481.83,1,9.46
2022-06-13,Kalimantan (Indonesia),Indian East Coast (Paradip/Vizag/Gangavaram),2800,894,482.82,1,8.56
2022-06-14,Kalimantan (Indonesia),Indian East Coast (Paradip/Vizag/Gangavaram),2800,974,479.97,1,9.97
2022-06-15,Kalimantan (Indonesia),Indian East Coast (Paradip/Vizag/Gangavaram),2800,940,474.3,1,9.03
2022-06-16,Kalimantan (Indonesia),Indian East Coast (Paradip/Vizag/Gangavaram),2800,875,474.9,1,9.14
2022-06-17,Kalimantan (Indonesia),Indian East Coast (Paradip/Vizag/Gangavaram),2800,840,475.88,1,8.4
2022-06-18,Kalimantan (Indonesia),Indian East Coast (Paradip/Vizag/Gangavaram),2800,858,479.18,1,9.4
2022-06-19,Kalimantan (Indonesia),Indian East Coast (Paradip/Vizag/Gangavaram),2800,762,483.37,1,8.64
2022-06-20,Kalimantan (Indonesia),Indian East Coast (Paradip/Vizag/Gangavaram),2800,793,487.47,1,8.05
2022-06-21,Kalimantan (Indonesia),Indian East Coast (Paradip/Vizag/Gangavaram),2800,757,484.5,1,8.19
2022-06-22,Kalimantan (Indonesia),Indian East Coast (Paradip/Vizag/Gangavaram),2800,817,483.19,1,8.47
2022-06-23,Kalimantan (Indonesia),Indian East Coast (Paradip/Vizag/Gangavaram),2800,678,484.06,1,8.53
2022-06-24,Kalimantan (Indonesia),Indian East Coast (Paradip/Vizag/Gangavaram),2800,634,490.42,1,8.56
2022-06-25,Kalimantan (Indonesia),Indian East Coast (Paradip/Vizag/Gangavaram),2800,542,493.84,1,7.96
2022-06-26,Kalimantan (Indonesia),Indian East Coast (Paradip/Vizag/Gangavaram),2800,502,496.19,1,7.75
2022-06-27,Kalimantan (Indonesia),Indian East Coast (Paradip/Vizag/Gangavaram),2800,522,494.35,1,7.78
2022-06-28,Kalimantan (Indonesia),Indian East Coast (Paradip/Vizag/Gangavaram),2800,518,491.08,1,7.98
2022-06-29,Kalimantan (Indonesia),Indian East Coast (Paradip/Vizag/Gangavaram),2800,511,492.27,1,8.62
2022-06-30,Kalimantan (Indonesia),Indian East Coast (Paradip/Vizag/Gangavaram),2800,509,488.25,1,8.2
2022-07-01,Kalimantan (Indonesia),Indian East Coast (Paradip/Vizag/Gangavaram),2800,528,486.48,1,8.18
2022-07-02,Kalimantan (Indonesia),Indian East Coast (Paradip/Vizag/Gangavaram),2800,479,484.98,1,7.92
2022-07-03,Kalimantan (Indonesia),Indian East Coast (Paradip/Vizag/Gangavaram),2800,526,488.03,1,7.71
2022-07-04,Kalimantan (Indonesia),Indian East Coast (Paradip/Vizag/Gangavaram),2800,570,485.72,1,7.8
2022-07-05,Kalimantan (Indonesia),Indian East Coast (Paradip/Vizag/Gangavaram),2800,596,477.65,1,8.17
2022-07-06,Kalimantan (Indonesia),Indian East Coast (Paradip/Vizag/Gangavaram),2800,632,477.52,1,8.44
2022-07-07,Kalimantan (Indonesia),Indian East Coast (Paradip/Vizag/Gangavaram),2800,652,474.05,1,8.52
2022-07-08,Kalimantan (Indonesia),Indian East Coast (Paradip/Vizag/Gangavaram),2800,767,472.51,1,8.25
2022-07-09,Kalimantan (Indonesia),Indian East Coast (Paradip/Vizag/Gangavaram),2800,761,470.56,1,9.23
2022-07-10,Kalimantan (Indonesia),Indian East Coast (Paradip/Vizag/Gangavaram),2800,744,468.03,1,8.41
2022-07-11,Kalimantan (Indonesia),Indian East Coast (Paradip/Vizag/Gangavaram),2800,702,468.33,1,8.72
2022-07-12,Kalimantan (Indonesia),Indian East Coast (Paradip/Vizag/Gangavaram),2800,647,462.24,1,7.78
2022-07-13,Kalimantan (Indonesia),Indian East Coast (Paradip/Vizag/Gangavaram),2800,582,458.86,1,8.58
2022-07-14,Kalimantan (Indonesia),Indian East Coast (Paradip/Vizag/Gangavaram),2800,540,458.68,1,7.81
2022-07-15,Kalimantan (Indonesia),Indian East Coast (Paradip/Vizag/Gangavaram),2800,544,454.91,1,8.2
2022-07-16,Kalimantan (Indonesia),Indian East Coast (Paradip/Vizag/Gangavaram),2800,570,448.38,1,7.8
2022-07-17,Kalimantan (Indonesia),Indian East Coast (Paradip/Vizag/Gangavaram),2800,579,447.99,1,7.38
2022-07-18,Kalimantan (Indonesia),Indian East Coast (Paradip/Vizag/Gangavaram),2800,544,448.78,1,8.03
2022-07-19,Kalimantan (Indonesia),Indian East Coast (Paradip/Vizag/Gangavaram),2800,602,446.35,1,8.11
2022-07-20,Kalimantan (Indonesia),Indian East Coast (Paradip/Vizag/Gangavaram),2800,649,438.66,1,7.86
2022-07-21,Kalimantan (Indonesia),Indian East Coast (Paradip/Vizag/Gangavaram),2800,645,438.18,1,8.54
2022-07-22,Kalimantan (Indonesia),Indian East Coast (Paradip/Vizag/Gangavaram),2800,614,431.22,1,8.09
2022-07-23,Kalimantan (Indonesia),Indian East Coast (Paradip/Vizag/Gangavaram),2800,650,429.57,1,7.91
2022-07-24,Kalimantan (Indonesia),Indian East Coast (Paradip/Vizag/Gangavaram),2800,665,424.64,1,7.49
2022-07-25,Kalimantan (Indonesia),Indian East Coast (Paradip/Vizag/Gangavaram),2800,590,418.92,1,7.85
2022-07-26,Kalimantan (Indonesia),Indian East Coast (Paradip/Vizag/Gangavaram),2800,594,415.13,1,7.42
2022-07-27,Kalimantan (Indonesia),Indian East Coast (Paradip/Vizag/Gangavaram),2800,616,412.01,1,8.15
2022-07-28,Kalimantan (Indonesia),Indian East Coast (Paradip/Vizag/Gangavaram),2800,573,407.61,1,7.76
2022-07-29,Kalimantan (Indonesia),Indian East Coast (Paradip/Vizag/Gangavaram),2800,592,406.54,1,7.24
2022-07-30,Kalimantan (Indonesia),Indian East Coast (Paradip/Vizag/Gangavaram),2800,520,402.63,1,7.47
2022-07-31,Kalimantan (Indonesia),Indian East Coast (Paradip/Vizag/Gangavaram),2800,604,402.59,1,7.95
2022-08-01,Kalimantan (Indonesia),Indian East Coast (Paradip/Vizag/Gangavaram),2800,681,400.62,1,7.42
2022-08-02,Kalimantan (Indonesia),Indian East Coast (Paradip/Vizag/Gangavaram),2800,672,395.98,1,8.1
2022-08-03,Kalimantan (Indonesia),Indian East Coast (Paradip/Vizag/Gangavaram),2800,698,390.87,1,7.34
2022-08-04,Kalimantan (Indonesia),Indian East Coast (Paradip/Vizag/Gangavaram),2800,570,383.63,1,6.85
2022-08-05,Kalimantan (Indonesia),Indian East Coast (Paradip/Vizag/Gangavaram),2800,516,381.65,1,6.49
2022-08-06,Kalimantan (Indonesia),Indian East Coast (Paradip/Vizag/Gangavaram),2800,512,377.91,1,7.23
2022-08-07,Kalimantan (Indonesia),Indian East Coast (Paradip/Vizag/Gangavaram),2800,465,368.69,1,6.7
2022-08-08,Kalimantan (Indonesia),Indian East Coast (Paradip/Vizag/Gangavaram),2800,518,364.46,1,6.75
2022-08-09,Kalimantan (Indonesia),Indian East Coast (Paradip/Vizag/Gangavaram),2800,640,359.25,1,7.51
2022-08-10,Kalimantan (Indonesia),Indian East Coast (Paradip/Vizag/Gangavaram),2800,583,360.78,1,7.24
2022-08-11,Kalimantan (Indonesia),Indian East Coast (Paradip/Vizag/Gangavaram),2800,547,353.4,1,6.55
2022-08-12,Kalimantan (Indonesia),Indian East Coast (Paradip/Vizag/Gangavaram),2800,572,346.75,1,6.84
2022-08-13,Kalimantan (Indonesia),Indian East Coast (Paradip/Vizag/Gangavaram),2800,671,347.06,1,7.43
2022-08-14,Kalimantan (Indonesia),Indian East Coast (Paradip/Vizag/Gangavaram),2800,611,348.06,1,6.98
2022-08-15,Kalimantan (Indonesia),Indian East Coast (Paradip/Vizag/Gangavaram),2800,635,343.36,1,6.94
2022-08-16,Kalimantan (Indonesia),Indian East Coast (Paradip/Vizag/Gangavaram),2800,744,339.0,1,7.19
2022-08-17,Kalimantan (Indonesia),Indian East Coast (Paradip/Vizag/Gangavaram),2800,659,338.05,1,6.88
2022-08-18,Kalimantan (Indonesia),Indian East Coast (Paradip/Vizag/Gangavaram),2800,597,329.14,1,6.74
2022-08-19,Kalimantan (Indonesia),Indian East Coast (Paradip/Vizag/Gangavaram),2800,585,321.52,1,7.02
2022-08-20,Kalimantan (Indonesia),Indian East Coast (Paradip/Vizag/Gangavaram),2800,568,318.24,1,6.92
2022-08-21,Kalimantan (Indonesia),Indian East Coast (Paradip/Vizag/Gangavaram),2800,625,319.98,1,6.58
2022-08-22,Kalimantan (Indonesia),Indian East Coast (Paradip/Vizag/Gangavaram),2800,649,316.35,1,6.77
2022-08-23,Kalimantan (Indonesia),Indian East Coast (Paradip/Vizag/Gangavaram),2800,561,314.23,1,6.07
2022-08-24,Kalimantan (Indonesia),Indian East Coast (Paradip/Vizag/Gangavaram),2800,603,314.97,1,7.05
2022-08-25,Kalimantan (Indonesia),Indian East Coast (Paradip/Vizag/Gangavaram),2800,583,318.4,1,6.45
2022-08-26,Kalimantan (Indonesia),Indian East Coast (Paradip/Vizag/Gangavaram),2800,666,314.58,1,6.93
2022-08-27,Kalimantan (Indonesia),Indian East Coast (Paradip/Vizag/Gangavaram),2800,641,312.34,1,6.16
2022-08-28,Kalimantan (Indonesia),Indian East Coast (Paradip/Vizag/Gangavaram),2800,617,315.16,1,6.62
2022-08-29,Kalimantan (Indonesia),Indian East Coast (Paradip/Vizag/Gangavaram),2800,659,308.93,1,6.69
2022-08-30,Kalimantan (Indonesia),Indian East Coast (Paradip/Vizag/Gangavaram),2800,712,309.71,1,7.1
2022-08-31,Kalimantan (Indonesia),Indian East Coast (Paradip/Vizag/Gangavaram),2800,746,304.98,1,7.02
2022-09-01,Kalimantan (Indonesia),Indian East Coast (Paradip/Vizag/Gangavaram),2800,662,303.37,1,6.71
2022-09-02,Kalimantan (Indonesia),Indian East Coast (Paradip/Vizag/Gangavaram),2800,702,300.88,1,7.04
2022-09-03,Kalimantan (Indonesia),Indian East Coast (Paradip/Vizag/Gangavaram),2800,656,296.52,1,6.35
2022-09-04,Kalimantan (Indonesia),Indian East Coast (Paradip/Vizag/Gangavaram),2800,681,292.16,1,6.85
2022-09-05,Kalimantan (Indonesia),Indian East Coast (Paradip/Vizag/Gangavaram),2800,614,291.3,1,6.24
2022-09-06,Kalimantan (Indonesia),Indian East Coast (Paradip/Vizag/Gangavaram),2800,652,292.47,1,6.56
2022-09-07,Kalimantan (Indonesia),Indian East Coast (Paradip/Vizag/Gangavaram),2800,620,290.66,1,6.22
2022-09-08,Kalimantan (Indonesia),Indian East Coast (Paradip/Vizag/Gangavaram),2800,564,289.47,1,6.14
2022-09-09,Kalimantan (Indonesia),Indian East Coast (Paradip/Vizag/Gangavaram),2800,619,289.72,1,6.41
2022-09-10,Kalimantan (Indonesia),Indian East Coast (Paradip/Vizag/Gangavaram),2800,647,285.86,1,6.55
2022-09-11,Kalimantan (Indonesia),Indian East Coast (Paradip/Vizag/Gangavaram),2800,627,286.74,1,5.96
2022-09-12,Kalimantan (Indonesia),Indian East Coast (Paradip/Vizag/Gangavaram),2800,721,287.92,1,7.28
2022-09-13,Kalimantan (Indonesia),Indian East Coast (Paradip/Vizag/Gangavaram),2800,709,294.03,1,7.06
2022-09-14,Kalimantan (Indonesia),Indian East Coast (Paradip/Vizag/Gangavaram),2800,723,292.14,1,6.91
2022-09-15,Kalimantan (Indonesia),Indian East Coast (Paradip/Vizag/Gangavaram),2800,749,290.1,1,6.93
2022-09-16,Kalimantan (Indonesia),Indian East Coast (Paradip/Vizag/Gangavaram),2800,726,291.5,1,6.88
2022-09-17,Kalimantan (Indonesia),Indian East Coast (Paradip/Vizag/Gangavaram),2800,765,293.12,1,7.11
2022-09-18,Kalimantan (Indonesia),Indian East Coast (Paradip/Vizag/Gangavaram),2800,746,291.16,1,6.35
2022-09-19,Kalimantan (Indonesia),Indian East Coast (Paradip/Vizag/Gangavaram),2800,736,289.64,1,6.98
2022-09-20,Kalimantan (Indonesia),Indian East Coast (Paradip/Vizag/Gangavaram),2800,823,290.79,1,7.12
2022-09-21,Kalimantan (Indonesia),Indian East Coast (Paradip/Vizag/Gangavaram),2800,775,288.31,1,6.96
2022-09-22,Kalimantan (Indonesia),Indian East Coast (Paradip/Vizag/Gangavaram),2800,654,287.06,1,6.96
2022-09-23,Kalimantan (Indonesia),Indian East Coast (Paradip/Vizag/Gangavaram),2800,759,287.27,1,6.95
2022-09-24,Kalimantan (Indonesia),Indian East Coast (Paradip/Vizag/Gangavaram),2800,912,290.04,1,6.9
2022-09-25,Kalimantan (Indonesia),Indian East Coast (Paradip/Vizag/Gangavaram),2800,897,288.56,1,7.72
2022-09-26,Kalimantan (Indonesia),Indian East Coast (Paradip/Vizag/Gangavaram),2800,798,283.81,1,6.51
2022-09-27,Kalimantan (Indonesia),Indian East Coast (Paradip/Vizag/Gangavaram),2800,793,280.0,1,7.0
2022-09-28,Kalimantan (Indonesia),Indian East Coast (Paradip/Vizag/Gangavaram),2800,790,280.0,1,7.16
2022-09-29,Kalimantan (Indonesia),Indian East Coast (Paradip/Vizag/Gangavaram),2800,792,280.0,1,6.91
2022-09-30,Kalimantan (Indonesia),Indian East Coast (Paradip/Vizag/Gangavaram),2800,743,280.0,1,6.62
2022-10-01,Kalimantan (Indonesia),Indian East Coast (Paradip/Vizag/Gangavaram),2800,790,280.0,0,5.88
2022-10-02,Kalimantan (Indonesia),Indian East Coast (Paradip/Vizag/Gangavaram),2800,832,280.0,0,5.76
2022-10-03,Kalimantan (Indonesia),Indian East Coast (Paradip/Vizag/Gangavaram),2800,762,280.0,0,6.01
2022-10-04,Kalimantan (Indonesia),Indian East Coast (Paradip/Vizag/Gangavaram),2800,815,280.0,0,6.25
2022-10-05,Kalimantan (Indonesia),Indian East Coast (Paradip/Vizag/Gangavaram),2800,941,280.0,0,6.18
2022-10-06,Kalimantan (Indonesia),Indian East Coast (Paradip/Vizag/Gangavaram),2800,959,280.0,0,6.66
2022-10-07,Kalimantan (Indonesia),Indian East Coast (Paradip/Vizag/Gangavaram),2800,949,280.0,0,6.63
2022-10-08,Kalimantan (Indonesia),Indian East Coast (Paradip/Vizag/Gangavaram),2800,950,280.0,0,6.3
2022-10-09,Kalimantan (Indonesia),Indian East Coast (Paradip/Vizag/Gangavaram),2800,993,280.0,0,6.29
2022-10-10,Kalimantan (Indonesia),Indian East Coast (Paradip/Vizag/Gangavaram),2800,906,280.0,0,6.13
2022-10-11,Kalimantan (Indonesia),Indian East Coast (Paradip/Vizag/Gangavaram),2800,927,280.0,0,6.48
2022-10-12,Kalimantan (Indonesia),Indian East Coast (Paradip/Vizag/Gangavaram),2800,916,280.0,0,6.61
2022-10-13,Kalimantan (Indonesia),Indian East Coast (Paradip/Vizag/Gangavaram),2800,1029,280.0,0,6.7
2022-10-14,Kalimantan (Indonesia),Indian East Coast (Paradip/Vizag/Gangavaram),2800,1027,280.0,0,6.36
2022-10-15,Kalimantan (Indonesia),Indian East Coast (Paradip/Vizag/Gangavaram),2800,1127,280.0,0,7.08
2022-10-16,Kalimantan (Indonesia),Indian East Coast (Paradip/Vizag/Gangavaram),2800,1071,280.0,0,6.42
2022-10-17,Kalimantan (Indonesia),Indian East Coast (Paradip/Vizag/Gangavaram),2800,1110,280.0,0,7.01
2022-10-18,Kalimantan (Indonesia),Indian East Coast (Paradip/Vizag/Gangavaram),2800,1133,282.37,0,6.71
2022-10-19,Kalimantan (Indonesia),Indian East Coast (Paradip/Vizag/Gangavaram),2800,1091,280.74,0,6.69
2022-10-20,Kalimantan (Indonesia),Indian East Coast (Paradip/Vizag/Gangavaram),2800,1107,282.09,0,6.92
2022-10-21,Kalimantan (Indonesia),Indian East Coast (Paradip/Vizag/Gangavaram),2800,1181,282.76,0,7.36
2022-10-22,Kalimantan (Indonesia),Indian East Coast (Paradip/Vizag/Gangavaram),2800,1167,283.26,0,7.48
2022-10-23,Kalimantan (Indonesia),Indian East Coast (Paradip/Vizag/Gangavaram),2800,1079,283.72,0,6.74
2022-10-24,Kalimantan (Indonesia),Indian East Coast (Paradip/Vizag/Gangavaram),2800,1086,284.79,0,6.76
2022-10-25,Kalimantan (Indonesia),Indian East Coast (Paradip/Vizag/Gangavaram),2800,1045,287.88,0,6.72
2022-10-26,Kalimantan (Indonesia),Indian East Coast (Paradip/Vizag/Gangavaram),2800,1036,292.41,0,7.11
2022-10-27,Kalimantan (Indonesia),Indian East Coast (Paradip/Vizag/Gangavaram),2800,1042,293.18,0,6.26
2022-10-28,Kalimantan (Indonesia),Indian East Coast (Paradip/Vizag/Gangavaram),2800,959,296.19,0,6.66
2022-10-29,Kalimantan (Indonesia),Indian East Coast (Paradip/Vizag/Gangavaram),2800,884,295.07,0,6.31
2022-10-30,Kalimantan (Indonesia),Indian East Coast (Paradip/Vizag/Gangavaram),2800,927,297.94,0,6.18
2022-10-31,Kalimantan (Indonesia),Indian East Coast (Paradip/Vizag/Gangavaram),2800,913,296.66,0,6.36
2022-11-01,Kalimantan (Indonesia),Indian East Coast (Paradip/Vizag/Gangavaram),2800,788,300.43,0,5.95
2022-11-02,Kalimantan (Indonesia),Indian East Coast (Paradip/Vizag/Gangavaram),2800,852,307.24,0,6.44
2022-11-03,Kalimantan (Indonesia),Indian East Coast (Paradip/Vizag/Gangavaram),2800,886,307.71,0,6.79
2022-11-04,Kalimantan (Indonesia),Indian East Coast (Paradip/Vizag/Gangavaram),2800,864,302.55,0,6.37
2022-11-05,Kalimantan (Indonesia),Indian East Coast (Paradip/Vizag/Gangavaram),2800,810,301.86,0,6.31
2022-11-06,Kalimantan (Indonesia),Indian East Coast (Paradip/Vizag/Gangavaram),2800,877,306.02,0,6.4
2022-11-07,Kalimantan (Indonesia),Indian East Coast (Paradip/Vizag/Gangavaram),2800,915,308.33,0,6.45
2022-11-08,Kalimantan (Indonesia),Indian East Coast (Paradip/Vizag/Gangavaram),2800,1064,309.82,0,6.8
2022-11-09,Kalimantan (Indonesia),Indian East Coast (Paradip/Vizag/Gangavaram),2800,1100,313.38,0,7.32
2022-11-10,Kalimantan (Indonesia),Indian East Coast (Paradip/Vizag/Gangavaram),2800,1133,315.51,0,7.29
2022-11-11,Kalimantan (Indonesia),Indian East Coast (Paradip/Vizag/Gangavaram),2800,1134,319.64,0,7.37
2022-11-12,Kalimantan (Indonesia),Indian East Coast (Paradip/Vizag/Gangavaram),2800,1190,322.97,0,7.29
2022-11-13,Kalimantan (Indonesia),Indian East Coast (Paradip/Vizag/Gangavaram),2800,1234,327.93,0,7.91
2022-11-14,Kalimantan (Indonesia),Indian East Coast (Paradip/Vizag/Gangavaram),2800,1311,329.73,0,8.03
2022-11-15,Kalimantan (Indonesia),Indian East Coast (Paradip/Vizag/Gangavaram),2800,1288,333.01,0,8.05
2022-11-16,Kalimantan (Indonesia),Indian East Coast (Paradip/Vizag/Gangavaram),2800,1270,333.01,0,7.5
2022-11-17,Kalimantan (Indonesia),Indian East Coast (Paradip/Vizag/Gangavaram),2800,1251,332.2,0,7.57
2022-11-18,Kalimantan (Indonesia),Indian East Coast (Paradip/Vizag/Gangavaram),2800,1303,337.67,0,8.06
2022-11-19,Kalimantan (Indonesia),Indian East Coast (Paradip/Vizag/Gangavaram),2800,1392,339.09,0,8.19
2022-11-20,Kalimantan (Indonesia),Indian East Coast (Paradip/Vizag/Gangavaram),2800,1371,342.12,0,7.89
2022-11-21,Kalimantan (Indonesia),Indian East Coast (Paradip/Vizag/Gangavaram),2800,1353,343.29,0,8.63
2022-11-22,Kalimantan (Indonesia),Indian East Coast (Paradip/Vizag/Gangavaram),2800,1376,342.53,0,7.94
2022-11-23,Kalimantan (Indonesia),Indian East Coast (Paradip/Vizag/Gangavaram),2800,1367,343.4,0,8.59
2022-11-24,Kalimantan (Indonesia),Indian East Coast (Paradip/Vizag/Gangavaram),2800,1425,348.15,0,8.38
2022-11-25,Kalimantan (Indonesia),Indian East Coast (Paradip/Vizag/Gangavaram),2800,1306,350.5,0,8.11
2022-11-26,Kalimantan (Indonesia),Indian East Coast (Paradip/Vizag/Gangavaram),2800,1269,346.69,0,7.86
2022-11-27,Kalimantan (Indonesia),Indian East Coast (Paradip/Vizag/Gangavaram),2800,1235,346.95,0,7.69
2022-11-28,Kalimantan (Indonesia),Indian East Coast (Paradip/Vizag/Gangavaram),2800,1119,352.64,0,7.64
2022-11-29,Kalimantan (Indonesia),Indian East Coast (Paradip/Vizag/Gangavaram),2800,1082,352.91,0,7.4
2022-11-30,Kalimantan (Indonesia),Indian East Coast (Paradip/Vizag/Gangavaram),2800,1049,348.86,0,7.04
2022-12-01,Kalimantan (Indonesia),Indian East Coast (Paradip/Vizag/Gangavaram),2800,1056,354.86,0,7.14
2022-12-02,Kalimantan (Indonesia),Indian East Coast (Paradip/Vizag/Gangavaram),2800,1136,357.56,0,8.16
2022-12-03,Kalimantan (Indonesia),Indian East Coast (Paradip/Vizag/Gangavaram),2800,1139,358.23,0,7.73
2022-12-04,Kalimantan (Indonesia),Indian East Coast (Paradip/Vizag/Gangavaram),2800,1098,358.07,0,7.37
2022-12-05,Kalimantan (Indonesia),Indian East Coast (Paradip/Vizag/Gangavaram),2800,1113,361.87,0,7.38
2022-12-06,Kalimantan (Indonesia),Indian East Coast (Paradip/Vizag/Gangavaram),2800,1188,361.25,0,8.26
2022-12-07,Kalimantan (Indonesia),Indian East Coast (Paradip/Vizag/Gangavaram),2800,1150,365.23,0,7.72
2022-12-08,Kalimantan (Indonesia),Indian East Coast (Paradip/Vizag/Gangavaram),2800,1117,367.56,0,8.45
2022-12-09,Kalimantan (Indonesia),Indian East Coast (Paradip/Vizag/Gangavaram),2800,1166,369.08,0,8.03
2022-12-10,Kalimantan (Indonesia),Indian East Coast (Paradip/Vizag/Gangavaram),2800,1170,370.34,0,7.98
2022-12-11,Kalimantan (Indonesia),Indian East Coast (Paradip/Vizag/Gangavaram),2800,1223,370.72,0,8.35
2022-12-12,Kalimantan (Indonesia),Indian East Coast (Paradip/Vizag/Gangavaram),2800,1237,374.43,0,9.04
2022-12-13,Kalimantan (Indonesia),Indian East Coast (Paradip/Vizag/Gangavaram),2800,1291,372.94,0,8.04
2022-12-14,Kalimantan (Indonesia),Indian East Coast (Paradip/Vizag/Gangavaram),2800,1247,369.39,0,8.68
2022-12-15,Kalimantan (Indonesia),Indian East Coast (Paradip/Vizag/Gangavaram),2800,1261,371.92,0,8.54
2022-12-16,Kalimantan (Indonesia),Indian East Coast (Paradip/Vizag/Gangavaram),2800,1265,374.5,0,8.7
2022-12-17,Kalimantan (Indonesia),Indian East Coast (Paradip/Vizag/Gangavaram),2800,1213,376.67,0,8.77
2022-12-18,Kalimantan (Indonesia),Indian East Coast (Paradip/Vizag/Gangavaram),2800,1144,378.64,0,8.53
2022-12-19,Kalimantan (Indonesia),Indian East Coast (Paradip/Vizag/Gangavaram),2800,1201,378.64,0,9.08
2022-12-20,Kalimantan (Indonesia),Indian East Coast (Paradip/Vizag/Gangavaram),2800,1200,381.64,0,8.96
2022-12-21,Kalimantan (Indonesia),Indian East Coast (Paradip/Vizag/Gangavaram),2800,1162,382.39,0,8.5
2022-12-22,Kalimantan (Indonesia),Indian East Coast (Paradip/Vizag/Gangavaram),2800,1176,381.93,0,9.18
2022-12-23,Kalimantan (Indonesia),Indian East Coast (Paradip/Vizag/Gangavaram),2800,1258,381.95,0,9.69
2022-12-24,Kalimantan (Indonesia),Indian East Coast (Paradip/Vizag/Gangavaram),2800,1149,388.31,0,9.09
2022-12-25,Kalimantan (Indonesia),Indian East Coast (Paradip/Vizag/Gangavaram),2800,1088,384.46,0,9.57
2022-12-26,Kalimantan (Indonesia),Indian East Coast (Paradip/Vizag/Gangavaram),2800,1060,386.68,0,9.12
2022-12-27,Kalimantan (Indonesia),Indian East Coast (Paradip/Vizag/Gangavaram),2800,1165,382.98,0,9.22
2022-12-28,Kalimantan (Indonesia),Indian East Coast (Paradip/Vizag/Gangavaram),2800,1202,383.56,0,9.96
2022-12-29,Kalimantan (Indonesia),Indian East Coast (Paradip/Vizag/Gangavaram),2800,1264,383.25,0,9.87
2022-12-30,Kalimantan (Indonesia),Indian East Coast (Paradip/Vizag/Gangavaram),2800,1219,378.44,0,9.99
2022-12-31,Kalimantan (Indonesia),Indian East Coast (Paradip/Vizag/Gangavaram),2800,1178,380.37,0,10.14
2023-01-01,Kalimantan (Indonesia),Indian East Coast (Paradip/Vizag/Gangavaram),2800,1224,380.2,0,10.32
2023-01-02,Kalimantan (Indonesia),Indian East Coast (Paradip/Vizag/Gangavaram),2800,1247,375.36,0,9.9
2023-01-03,Kalimantan (Indonesia),Indian East Coast (Paradip/Vizag/Gangavaram),2800,1297,378.51,0,10.23
2023-01-04,Kalimantan (Indonesia),Indian East Coast (Paradip/Vizag/Gangavaram),2800,1305,383.28,0,10.24
2023-01-05,Kalimantan (Indonesia),Indian East Coast (Paradip/Vizag/Gangavaram),2800,1338,388.2,0,10.53
2023-01-06,Kalimantan (Indonesia),Indian East Coast (Paradip/Vizag/Gangavaram),2800,1364,390.05,0,10.12
2023-01-07,Kalimantan (Indonesia),Indian East Coast (Paradip/Vizag/Gangavaram),2800,1423,391.04,0,10.66
2023-01-08,Kalimantan (Indonesia),Indian East Coast (Paradip/Vizag/Gangavaram),2800,1482,395.52,0,11.71
2023-01-09,Kalimantan (Indonesia),Indian East Coast (Paradip/Vizag/Gangavaram),2800,1405,400.96,0,10.63
2023-01-10,Kalimantan (Indonesia),Indian East Coast (Paradip/Vizag/Gangavaram),2800,1297,404.91,0,10.25
2023-01-11,Kalimantan (Indonesia),Indian East Coast (Paradip/Vizag/Gangavaram),2800,1372,403.21,0,10.22
2023-01-12,Kalimantan (Indonesia),Indian East Coast (Paradip/Vizag/Gangavaram),2800,1455,404.62,0,10.54
2023-01-13,Kalimantan (Indonesia),Indian East Coast (Paradip/Vizag/Gangavaram),2800,1413,406.68,0,11.05
2023-01-14,Kalimantan (Indonesia),Indian East Coast (Paradip/Vizag/Gangavaram),2800,1327,402.62,0,10.79
2023-01-15,Kalimantan (Indonesia),Indian East Coast (Paradip/Vizag/Gangavaram),2800,1352,404.76,0,10.3
2023-01-16,Kalimantan (Indonesia),Indian East Coast (Paradip/Vizag/Gangavaram),2800,1422,411.81,0,11.19
2023-01-17,Kalimantan (Indonesia),Indian East Coast (Paradip/Vizag/Gangavaram),2800,1537,414.41,0,10.88
2023-01-18,Kalimantan (Indonesia),Indian East Coast (Paradip/Vizag/Gangavaram),2800,1579,419.28,0,10.79
2023-01-19,Kalimantan (Indonesia),Indian East Coast (Paradip/Vizag/Gangavaram),2800,1570,420.64,0,11.53
2023-01-20,Kalimantan (Indonesia),Indian East Coast (Paradip/Vizag/Gangavaram),2800,1533,421.3,0,11.45
2023-01-21,Kalimantan (Indonesia),Indian East Coast (Paradip/Vizag/Gangavaram),2800,1547,423.19,0,11.05
2023-01-22,Kalimantan (Indonesia),Indian East Coast (Paradip/Vizag/Gangavaram),2800,1544,421.83,0,10.49
2023-01-23,Kalimantan (Indonesia),Indian East Coast (Paradip/Vizag/Gangavaram),2800,1501,420.07,0,10.37
2023-01-24,Kalimantan (Indonesia),Indian East Coast (Paradip/Vizag/Gangavaram),2800,1629,424.37,0,10.72
2023-01-25,Kalimantan (Indonesia),Indian East Coast (Paradip/Vizag/Gangavaram),2800,1739,428.95,0,11.19
2023-01-26,Kalimantan (Indonesia),Indian East Coast (Paradip/Vizag/Gangavaram),2800,1809,427.11,0,11.44
2023-01-27,Kalimantan (Indonesia),Indian East Coast (Paradip/Vizag/Gangavaram),2800,1763,430.6,0,11.36
2023-01-28,Kalimantan (Indonesia),Indian East Coast (Paradip/Vizag/Gangavaram),2800,1817,431.21,0,10.76
2023-01-29,Kalimantan (Indonesia),Indian East Coast (Paradip/Vizag/Gangavaram),2800,1858,432.99,0,12.08
2023-01-30,Kalimantan (Indonesia),Indian East Coast (Paradip/Vizag/Gangavaram),2800,1886,435.09,0,11.27
2023-01-31,Kalimantan (Indonesia),Indian East Coast (Paradip/Vizag/Gangavaram),2800,1958,438.64,0,11.44
2023-02-01,Kalimantan (Indonesia),Indian East Coast (Paradip/Vizag/Gangavaram),2800,1994,439.71,0,11.29
2023-02-02,Kalimantan (Indonesia),Indian East Coast (Paradip/Vizag/Gangavaram),2800,2034,444.39,0,11.38
2023-02-03,Kalimantan (Indonesia),Indian East Coast (Paradip/Vizag/Gangavaram),2800,2068,446.08,0,11.45
2023-02-04,Kalimantan (Indonesia),Indian East Coast (Paradip/Vizag/Gangavaram),2800,2085,448.62,0,11.47
2023-02-05,Kalimantan (Indonesia),Indian East Coast (Paradip/Vizag/Gangavaram),2800,1984,447.19,0,11.22
2023-02-06,Kalimantan (Indonesia),Indian East Coast (Paradip/Vizag/Gangavaram),2800,1990,453.9,0,10.96
2023-02-07,Kalimantan (Indonesia),Indian East Coast (Paradip/Vizag/Gangavaram),2800,1960,456.02,0,11.11
2023-02-08,Kalimantan (Indonesia),Indian East Coast (Paradip/Vizag/Gangavaram),2800,1892,458.79,0,11.47
2023-02-09,Kalimantan (Indonesia),Indian East Coast (Paradip/Vizag/Gangavaram),2800,1989,455.25,0,11.65
2023-02-10,Kalimantan (Indonesia),Indian East Coast (Paradip/Vizag/Gangavaram),2800,2086,453.85,0,11.57
2023-02-11,Kalimantan (Indonesia),Indian East Coast (Paradip/Vizag/Gangavaram),2800,2159,458.05,0,11.68
2023-02-12,Kalimantan (Indonesia),Indian East Coast (Paradip/Vizag/Gangavaram),2800,2169,459.66,0,11.14
2023-02-13,Kalimantan (Indonesia),Indian East Coast (Paradip/Vizag/Gangavaram),2800,2240,455.28,0,10.68
2023-02-14,Kalimantan (Indonesia),Indian East Coast (Paradip/Vizag/Gangavaram),2800,2234,458.93,0,11.53
2023-02-15,Kalimantan (Indonesia),Indian East Coast (Paradip/Vizag/Gangavaram),2800,2239,458.28,0,11.26
2023-02-16,Kalimantan (Indonesia),Indian East Coast (Paradip/Vizag/Gangavaram),2800,2173,462.94,0,11.45
2023-02-17,Kalimantan (Indonesia),Indian East Coast (Paradip/Vizag/Gangavaram),2800,2191,463.52,0,11.07
2023-02-18,Kalimantan (Indonesia),Indian East Coast (Paradip/Vizag/Gangavaram),2800,2191,464.89,0,11.81
2023-02-19,Kalimantan (Indonesia),Indian East Coast (Paradip/Vizag/Gangavaram),2800,2115,468.92,0,11.51
2023-02-20,Kalimantan (Indonesia),Indian East Coast (Paradip/Vizag/Gangavaram),2800,2112,467.29,0,11.7
2023-02-21,Kalimantan (Indonesia),Indian East Coast (Paradip/Vizag/Gangavaram),2800,2107,465.4,0,11.79
2023-02-22,Kalimantan (Indonesia),Indian East Coast (Paradip/Vizag/Gangavaram),2800,2205,465.68,0,10.85
2023-02-23,Kalimantan (Indonesia),Indian East Coast (Paradip/Vizag/Gangavaram),2800,2251,468.74,0,11.07
2023-02-24,Kalimantan (Indonesia),Indian East Coast (Paradip/Vizag/Gangavaram),2800,2246,465.92,0,12.54
2023-02-25,Kalimantan (Indonesia),Indian East Coast (Paradip/Vizag/Gangavaram),2800,2255,462.19,0,12.28
2023-02-26,Kalimantan (Indonesia),Indian East Coast (Paradip/Vizag/Gangavaram),2800,2253,465.23,0,11.89
2023-02-27,Kalimantan (Indonesia),Indian East Coast (Paradip/Vizag/Gangavaram),2800,2237,464.39,0,11.75
2023-02-28,Kalimantan (Indonesia),Indian East Coast (Paradip/Vizag/Gangavaram),2800,2174,464.12,0,11.23
2023-03-01,Kalimantan (Indonesia),Indian East Coast (Paradip/Vizag/Gangavaram),2800,2164,459.86,0,10.44
2023-03-02,Kalimantan (Indonesia),Indian East Coast (Paradip/Vizag/Gangavaram),2800,2122,458.81,0,11.12
2023-03-03,Kalimantan (Indonesia),Indian East Coast (Paradip/Vizag/Gangavaram),2800,2054,459.58,0,11.12
2023-03-04,Kalimantan (Indonesia),Indian East Coast (Paradip/Vizag/Gangavaram),2800,2086,462.89,0,10.91
2023-03-05,Kalimantan (Indonesia),Indian East Coast (Paradip/Vizag/Gangavaram),2800,2109,461.58,0,10.93
2023-03-06,Kalimantan (Indonesia),Indian East Coast (Paradip/Vizag/Gangavaram),2800,2013,466.87,0,11.54
2023-03-07,Kalimantan (Indonesia),Indian East Coast (Paradip/Vizag/Gangavaram),2800,2011,465.79,0,11.0
2023-03-08,Kalimantan (Indonesia),Indian East Coast (Paradip/Vizag/Gangavaram),2800,2071,464.71,0,11.39
2023-03-09,Kalimantan (Indonesia),Indian East Coast (Paradip/Vizag/Gangavaram),2800,2133,469.66,0,11.28
2023-03-10,Kalimantan (Indonesia),Indian East Coast (Paradip/Vizag/Gangavaram),2800,2191,471.01,0,11.56
2023-03-11,Kalimantan (Indonesia),Indian East Coast (Paradip/Vizag/Gangavaram),2800,2192,470.28,0,11.54
2023-03-12,Kalimantan (Indonesia),Indian East Coast (Paradip/Vizag/Gangavaram),2800,2146,470.62,0,11.67
2023-03-13,Kalimantan (Indonesia),Indian East Coast (Paradip/Vizag/Gangavaram),2800,2087,475.06,0,11.69
2023-03-14,Kalimantan (Indonesia),Indian East Coast (Paradip/Vizag/Gangavaram),2800,2110,479.81,0,10.88
2023-03-15,Kalimantan (Indonesia),Indian East Coast (Paradip/Vizag/Gangavaram),2800,2134,478.35,0,11.29
2023-03-16,Kalimantan (Indonesia),Indian East Coast (Paradip/Vizag/Gangavaram),2800,2207,478.99,0,11.55
2023-03-17,Kalimantan (Indonesia),Indian East Coast (Paradip/Vizag/Gangavaram),2800,2267,479.98,0,11.63
2023-03-18,Kalimantan (Indonesia),Indian East Coast (Paradip/Vizag/Gangavaram),2800,2258,478.05,0,12.12
2023-03-19,Kalimantan (Indonesia),Indian East Coast (Paradip/Vizag/Gangavaram),2800,2188,478.64,0,11.92
2023-03-20,Kalimantan (Indonesia),Indian East Coast (Paradip/Vizag/Gangavaram),2800,2171,479.4,0,11.87
2023-03-21,Kalimantan (Indonesia),Indian East Coast (Paradip/Vizag/Gangavaram),2800,2185,483.24,0,11.73
2023-03-22,Kalimantan (Indonesia),Indian East Coast (Paradip/Vizag/Gangavaram),2800,2175,487.26,0,11.53
2023-03-23,Kalimantan (Indonesia),Indian East Coast (Paradip/Vizag/Gangavaram),2800,2145,487.1,0,10.75
2023-03-24,Kalimantan (Indonesia),Indian East Coast (Paradip/Vizag/Gangavaram),2800,2162,487.25,0,11.74
2023-03-25,Kalimantan (Indonesia),Indian East Coast (Paradip/Vizag/Gangavaram),2800,2136,489.78,0,11.92
2023-03-26,Kalimantan (Indonesia),Indian East Coast (Paradip/Vizag/Gangavaram),2800,2105,488.91,0,11.23
2023-03-27,Kalimantan (Indonesia),Indian East Coast (Paradip/Vizag/Gangavaram),2800,2127,491.23,0,11.56
2023-03-28,Kalimantan (Indonesia),Indian East Coast (Paradip/Vizag/Gangavaram),2800,2109,491.71,0,11.5
2023-03-29,Kalimantan (Indonesia),Indian East Coast (Paradip/Vizag/Gangavaram),2800,2127,489.79,0,12.15
2023-03-30,Kalimantan (Indonesia),Indian East Coast (Paradip/Vizag/Gangavaram),2800,2147,487.89,0,11.71
2023-03-31,Kalimantan (Indonesia),Indian East Coast (Paradip/Vizag/Gangavaram),2800,2088,492.54,0,11.47
2023-04-01,Kalimantan (Indonesia),Indian East Coast (Paradip/Vizag/Gangavaram),2800,2067,492.81,0,11.92
2023-04-02,Kalimantan (Indonesia),Indian East Coast (Paradip/Vizag/Gangavaram),2800,2153,497.98,0,11.42
2023-04-03,Kalimantan (Indonesia),Indian East Coast (Paradip/Vizag/Gangavaram),2800,2093,497.27,0,11.52
2023-04-04,Kalimantan (Indonesia),Indian East Coast (Paradip/Vizag/Gangavaram),2800,1982,498.76,0,10.89
2023-04-05,Kalimantan (Indonesia),Indian East Coast (Paradip/Vizag/Gangavaram),2800,1890,505.96,0,11.08
2023-04-06,Kalimantan (Indonesia),Indian East Coast (Paradip/Vizag/Gangavaram),2800,1905,503.76,0,10.49
2023-04-07,Kalimantan (Indonesia),Indian East Coast (Paradip/Vizag/Gangavaram),2800,1920,499.28,0,11.11
2023-04-08,Kalimantan (Indonesia),Indian East Coast (Paradip/Vizag/Gangavaram),2800,1926,503.46,0,10.93
2023-04-09,Kalimantan (Indonesia),Indian East Coast (Paradip/Vizag/Gangavaram),2800,2005,501.89,0,11.43
2023-04-10,Kalimantan (Indonesia),Indian East Coast (Paradip/Vizag/Gangavaram),2800,1868,502.5,0,10.5
2023-04-11,Kalimantan (Indonesia),Indian East Coast (Paradip/Vizag/Gangavaram),2800,1904,501.57,0,10.84
2023-04-12,Kalimantan (Indonesia),Indian East Coast (Paradip/Vizag/Gangavaram),2800,2003,502.97,0,11.3
2023-04-13,Kalimantan (Indonesia),Indian East Coast (Paradip/Vizag/Gangavaram),2800,1951,501.04,0,11.19
2023-04-14,Kalimantan (Indonesia),Indian East Coast (Paradip/Vizag/Gangavaram),2800,1942,501.2,0,10.71
2023-04-15,Kalimantan (Indonesia),Indian East Coast (Paradip/Vizag/Gangavaram),2800,1913,503.08,0,11.59
2023-04-16,Kalimantan (Indonesia),Indian East Coast (Paradip/Vizag/Gangavaram),2800,1878,500.98,0,10.24
2023-04-17,Kalimantan (Indonesia),Indian East Coast (Paradip/Vizag/Gangavaram),2800,1874,499.72,0,10.73
2023-04-18,Kalimantan (Indonesia),Indian East Coast (Paradip/Vizag/Gangavaram),2800,1968,499.42,0,10.7
2023-04-19,Kalimantan (Indonesia),Indian East Coast (Paradip/Vizag/Gangavaram),2800,2081,496.16,0,11.67
2023-04-20,Kalimantan (Indonesia),Indian East Coast (Paradip/Vizag/Gangavaram),2800,2070,495.65,0,11.54
2023-04-21,Kalimantan (Indonesia),Indian East Coast (Paradip/Vizag/Gangavaram),2800,2183,496.6,0,11.85
2023-04-22,Kalimantan (Indonesia),Indian East Coast (Paradip/Vizag/Gangavaram),2800,2190,496.13,0,12.25
2023-04-23,Kalimantan (Indonesia),Indian East Coast (Paradip/Vizag/Gangavaram),2800,2291,496.01,0,11.76
2023-04-24,Kalimantan (Indonesia),Indian East Coast (Paradip/Vizag/Gangavaram),2800,2286,496.57,0,12.1
2023-04-25,Kalimantan (Indonesia),Indian East Coast (Paradip/Vizag/Gangavaram),2800,2295,495.4,0,12.01
2023-04-26,Kalimantan (Indonesia),Indian East Coast (Paradip/Vizag/Gangavaram),2800,2316,497.89,0,11.68
2023-04-27,Kalimantan (Indonesia),Indian East Coast (Paradip/Vizag/Gangavaram),2800,2491,502.39,0,13.38
2023-04-28,Kalimantan (Indonesia),Indian East Coast (Paradip/Vizag/Gangavaram),2800,2532,501.73,0,13.93
2023-04-29,Kalimantan (Indonesia),Indian East Coast (Paradip/Vizag/Gangavaram),2800,2486,503.64,0,12.46
2023-04-30,Kalimantan (Indonesia),Indian East Coast (Paradip/Vizag/Gangavaram),2800,2533,503.58,0,13.17
2023-05-01,Kalimantan (Indonesia),Indian East Coast (Paradip/Vizag/Gangavaram),2800,2506,505.16,0,12.99
2023-05-02,Kalimantan (Indonesia),Indian East Coast (Paradip/Vizag/Gangavaram),2800,2473,510.0,0,12.48
2023-05-03,Kalimantan (Indonesia),Indian East Coast (Paradip/Vizag/Gangavaram),2800,2518,511.96,0,13.02
2023-05-04,Kalimantan (Indonesia),Indian East Coast (Paradip/Vizag/Gangavaram),2800,2513,507.7,0,12.49
2023-05-05,Kalimantan (Indonesia),Indian East Coast (Paradip/Vizag/Gangavaram),2800,2522,509.5,0,11.76
2023-05-06,Kalimantan (Indonesia),Indian East Coast (Paradip/Vizag/Gangavaram),2800,2517,513.42,0,13.31
2023-05-07,Kalimantan (Indonesia),Indian East Coast (Paradip/Vizag/Gangavaram),2800,2529,513.38,0,12.7
2023-05-08,Kalimantan (Indonesia),Indian East Coast (Paradip/Vizag/Gangavaram),2800,2546,516.64,0,12.74
2023-05-09,Kalimantan (Indonesia),Indian East Coast (Paradip/Vizag/Gangavaram),2800,2432,515.31,0,12.87
2023-05-10,Kalimantan (Indonesia),Indian East Coast (Paradip/Vizag/Gangavaram),2800,2465,511.81,0,12.21
2023-05-11,Kalimantan (Indonesia),Indian East Coast (Paradip/Vizag/Gangavaram),2800,2407,512.73,0,12.76
2023-05-12,Kalimantan (Indonesia),Indian East Coast (Paradip/Vizag/Gangavaram),2800,2325,508.49,0,12.28
2023-05-13,Kalimantan (Indonesia),Indian East Coast (Paradip/Vizag/Gangavaram),2800,2323,508.37,0,11.98
2023-05-14,Kalimantan (Indonesia),Indian East Coast (Paradip/Vizag/Gangavaram),2800,2328,512.4,0,12.32
2023-05-15,Kalimantan (Indonesia),Indian East Coast (Paradip/Vizag/Gangavaram),2800,2290,507.72,0,11.95
2023-05-16,Kalimantan (Indonesia),Indian East Coast (Paradip/Vizag/Gangavaram),2800,2338,504.76,0,12.04
2023-05-17,Kalimantan (Indonesia),Indian East Coast (Paradip/Vizag/Gangavaram),2800,2265,502.46,0,11.67
2023-05-18,Kalimantan (Indonesia),Indian East Coast (Paradip/Vizag/Gangavaram),2800,2245,502.79,0,11.54
2023-05-19,Kalimantan (Indonesia),Indian East Coast (Paradip/Vizag/Gangavaram),2800,2217,502.3,0,12.29
2023-05-20,Kalimantan (Indonesia),Indian East Coast (Paradip/Vizag/Gangavaram),2800,2219,506.6,0,11.7
2023-05-21,Kalimantan (Indonesia),Indian East Coast (Paradip/Vizag/Gangavaram),2800,2238,509.69,0,11.83
2023-05-22,Kalimantan (Indonesia),Indian East Coast (Paradip/Vizag/Gangavaram),2800,2187,511.53,0,11.75
2023-05-23,Kalimantan (Indonesia),Indian East Coast (Paradip/Vizag/Gangavaram),2800,2232,512.4,0,11.48
2023-05-24,Kalimantan (Indonesia),Indian East Coast (Paradip/Vizag/Gangavaram),2800,2240,513.95,0,12.06
2023-05-25,Kalimantan (Indonesia),Indian East Coast (Paradip/Vizag/Gangavaram),2800,2140,512.08,0,11.56
2023-05-26,Kalimantan (Indonesia),Indian East Coast (Paradip/Vizag/Gangavaram),2800,2039,514.88,0,11.28
2023-05-27,Kalimantan (Indonesia),Indian East Coast (Paradip/Vizag/Gangavaram),2800,2050,512.31,0,11.81
2023-05-28,Kalimantan (Indonesia),Indian East Coast (Paradip/Vizag/Gangavaram),2800,2048,515.04,0,12.02
2023-05-29,Kalimantan (Indonesia),Indian East Coast (Paradip/Vizag/Gangavaram),2800,2053,518.72,0,10.8
2023-05-30,Kalimantan (Indonesia),Indian East Coast (Paradip/Vizag/Gangavaram),2800,2062,519.74,0,10.85
2023-05-31,Kalimantan (Indonesia),Indian East Coast (Paradip/Vizag/Gangavaram),2800,2084,519.7,0,11.87
2023-06-01,Kalimantan (Indonesia),Indian East Coast (Paradip/Vizag/Gangavaram),2800,2146,521.23,1,14.0
2023-06-02,Kalimantan (Indonesia),Indian East Coast (Paradip/Vizag/Gangavaram),2800,2092,513.88,1,12.36
2023-06-03,Kalimantan (Indonesia),Indian East Coast (Paradip/Vizag/Gangavaram),2800,2036,515.13,1,13.04
2023-06-04,Kalimantan (Indonesia),Indian East Coast (Paradip/Vizag/Gangavaram),2800,1987,515.24,1,12.91
2023-06-05,Kalimantan (Indonesia),Indian East Coast (Paradip/Vizag/Gangavaram),2800,2015,515.52,1,13.02
2023-06-06,Kalimantan (Indonesia),Indian East Coast (Paradip/Vizag/Gangavaram),2800,2096,517.85,1,14.1
2023-06-07,Kalimantan (Indonesia),Indian East Coast (Paradip/Vizag/Gangavaram),2800,2081,518.05,1,13.27
2023-06-08,Kalimantan (Indonesia),Indian East Coast (Paradip/Vizag/Gangavaram),2800,1952,515.35,1,12.87
2023-06-09,Kalimantan (Indonesia),Indian East Coast (Paradip/Vizag/Gangavaram),2800,1872,515.36,1,11.97
2023-06-10,Kalimantan (Indonesia),Indian East Coast (Paradip/Vizag/Gangavaram),2800,1843,515.94,1,12.64
2023-06-11,Kalimantan (Indonesia),Indian East Coast (Paradip/Vizag/Gangavaram),2800,1830,516.63,1,12.26
2023-06-12,Kalimantan (Indonesia),Indian East Coast (Paradip/Vizag/Gangavaram),2800,1826,517.45,1,13.31
2023-06-13,Kalimantan (Indonesia),Indian East Coast (Paradip/Vizag/Gangavaram),2800,1846,520.65,1,12.62
2023-06-14,Kalimantan (Indonesia),Indian East Coast (Paradip/Vizag/Gangavaram),2800,1846,518.07,1,12.51
2023-06-15,Kalimantan (Indonesia),Indian East Coast (Paradip/Vizag/Gangavaram),2800,1921,518.91,1,14.36
2023-06-16,Kalimantan (Indonesia),Indian East Coast (Paradip/Vizag/Gangavaram),2800,1899,522.78,1,13.26
2023-06-17,Kalimantan (Indonesia),Indian East Coast (Paradip/Vizag/Gangavaram),2800,1867,518.41,1,13.01
2023-06-18,Kalimantan (Indonesia),Indian East Coast (Paradip/Vizag/Gangavaram),2800,1909,519.25,1,12.35
2023-06-19,Kalimantan (Indonesia),Indian East Coast (Paradip/Vizag/Gangavaram),2800,1840,518.0,1,11.93
2023-06-20,Kalimantan (Indonesia),Indian East Coast (Paradip/Vizag/Gangavaram),2800,1879,517.32,1,11.33
2023-06-21,Kalimantan (Indonesia),Indian East Coast (Paradip/Vizag/Gangavaram),2800,1900,515.19,1,12.56
2023-06-22,Kalimantan (Indonesia),Indian East Coast (Paradip/Vizag/Gangavaram),2800,1907,515.06,1,13.45
2023-06-23,Kalimantan (Indonesia),Indian East Coast (Paradip/Vizag/Gangavaram),2800,2009,520.39,1,13.61
2023-06-24,Kalimantan (Indonesia),Indian East Coast (Paradip/Vizag/Gangavaram),2800,1986,517.26,1,13.54
2023-06-25,Kalimantan (Indonesia),Indian East Coast (Paradip/Vizag/Gangavaram),2800,2112,514.39,1,13.19
2023-06-26,Kalimantan (Indonesia),Indian East Coast (Paradip/Vizag/Gangavaram),2800,2107,511.15,1,13.45
2023-06-27,Kalimantan (Indonesia),Indian East Coast (Paradip/Vizag/Gangavaram),2800,2044,516.15,1,13.09
2023-06-28,Kalimantan (Indonesia),Indian East Coast (Paradip/Vizag/Gangavaram),2800,2058,515.18,1,12.64
2023-06-29,Kalimantan (Indonesia),Indian East Coast (Paradip/Vizag/Gangavaram),2800,2008,515.4,1,13.41
2023-06-30,Kalimantan (Indonesia),Indian East Coast (Paradip/Vizag/Gangavaram),2800,1977,514.58,1,12.6
2023-07-01,Kalimantan (Indonesia),Indian East Coast (Paradip/Vizag/Gangavaram),2800,2011,512.29,1,13.02
2023-07-02,Kalimantan (Indonesia),Indian East Coast (Paradip/Vizag/Gangavaram),2800,2052,511.92,1,13.68
2023-07-03,Kalimantan (Indonesia),Indian East Coast (Paradip/Vizag/Gangavaram),2800,2027,518.87,1,13.02
2023-07-04,Kalimantan (Indonesia),Indian East Coast (Paradip/Vizag/Gangavaram),2800,2091,522.92,1,12.88
2023-07-05,Kalimantan (Indonesia),Indian East Coast (Paradip/Vizag/Gangavaram),2800,2163,520.85,1,14.23
2023-07-06,Kalimantan (Indonesia),Indian East Coast (Paradip/Vizag/Gangavaram),2800,2247,522.86,1,13.85
2023-07-07,Kalimantan (Indonesia),Indian East Coast (Paradip/Vizag/Gangavaram),2800,2278,520.84,1,14.08
2023-07-08,Kalimantan (Indonesia),Indian East Coast (Paradip/Vizag/Gangavaram),2800,2354,516.24,1,13.73
2023-07-09,Kalimantan (Indonesia),Indian East Coast (Paradip/Vizag/Gangavaram),2800,2249,519.25,1,13.71
2023-07-10,Kalimantan (Indonesia),Indian East Coast (Paradip/Vizag/Gangavaram),2800,2233,522.63,1,15.24
2023-07-11,Kalimantan (Indonesia),Indian East Coast (Paradip/Vizag/Gangavaram),2800,2187,525.69,1,13.02
2023-07-12,Kalimantan (Indonesia),Indian East Coast (Paradip/Vizag/Gangavaram),2800,2198,524.63,1,14.02
2023-07-13,Kalimantan (Indonesia),Indian East Coast (Paradip/Vizag/Gangavaram),2800,2169,524.38,1,13.63
2023-07-14,Kalimantan (Indonesia),Indian East Coast (Paradip/Vizag/Gangavaram),2800,2164,526.62,1,14.82
2023-07-15,Kalimantan (Indonesia),Indian East Coast (Paradip/Vizag/Gangavaram),2800,2272,527.88,1,14.77
2023-07-16,Kalimantan (Indonesia),Indian East Coast (Paradip/Vizag/Gangavaram),2800,2263,527.0,1,14.61
2023-07-17,Kalimantan (Indonesia),Indian East Coast (Paradip/Vizag/Gangavaram),2800,2286,522.78,1,13.3
2023-07-18,Kalimantan (Indonesia),Indian East Coast (Paradip/Vizag/Gangavaram),2800,2273,523.27,1,13.4
2023-07-19,Kalimantan (Indonesia),Indian East Coast (Paradip/Vizag/Gangavaram),2800,2278,526.38,1,14.28
2023-07-20,Kalimantan (Indonesia),Indian East Coast (Paradip/Vizag/Gangavaram),2800,2278,523.29,1,13.25
2023-07-21,Kalimantan (Indonesia),Indian East Coast (Paradip/Vizag/Gangavaram),2800,2302,525.19,1,13.95
2023-07-22,Kalimantan (Indonesia),Indian East Coast (Paradip/Vizag/Gangavaram),2800,2365,526.25,1,13.41
2023-07-23,Kalimantan (Indonesia),Indian East Coast (Paradip/Vizag/Gangavaram),2800,2452,528.44,1,15.39
2023-07-24,Kalimantan (Indonesia),Indian East Coast (Paradip/Vizag/Gangavaram),2800,2462,530.96,1,15.01
2023-07-25,Kalimantan (Indonesia),Indian East Coast (Paradip/Vizag/Gangavaram),2800,2487,529.2,1,14.64
2023-07-26,Kalimantan (Indonesia),Indian East Coast (Paradip/Vizag/Gangavaram),2800,2416,524.94,1,15.04
2023-07-27,Kalimantan (Indonesia),Indian East Coast (Paradip/Vizag/Gangavaram),2800,2405,523.62,1,14.88
2023-07-28,Kalimantan (Indonesia),Indian East Coast (Paradip/Vizag/Gangavaram),2800,2451,526.15,1,15.33
2023-07-29,Kalimantan (Indonesia),Indian East Coast (Paradip/Vizag/Gangavaram),2800,2491,524.8,1,15.17
2023-07-30,Kalimantan (Indonesia),Indian East Coast (Paradip/Vizag/Gangavaram),2800,2494,523.02,1,14.98
2023-07-31,Kalimantan (Indonesia),Indian East Coast (Paradip/Vizag/Gangavaram),2800,2534,518.17,1,14.34
2023-08-01,Kalimantan (Indonesia),Indian East Coast (Paradip/Vizag/Gangavaram),2800,2550,523.03,1,14.4
2023-08-02,Kalimantan (Indonesia),Indian East Coast (Paradip/Vizag/Gangavaram),2800,2605,525.37,1,14.76
2023-08-03,Kalimantan (Indonesia),Indian East Coast (Paradip/Vizag/Gangavaram),2800,2608,527.55,1,14.32
2023-08-04,Kalimantan (Indonesia),Indian East Coast (Paradip/Vizag/Gangavaram),2800,2575,530.26,1,14.18
2023-08-05,Kalimantan (Indonesia),Indian East Coast (Paradip/Vizag/Gangavaram),2800,2581,531.91,1,14.67
2023-08-06,Kalimantan (Indonesia),Indian East Coast (Paradip/Vizag/Gangavaram),2800,2407,531.31,1,14.79
2023-08-07,Kalimantan (Indonesia),Indian East Coast (Paradip/Vizag/Gangavaram),2800,2421,530.93,1,13.88
2023-08-08,Kalimantan (Indonesia),Indian East Coast (Paradip/Vizag/Gangavaram),2800,2212,529.82,1,13.79
2023-08-09,Kalimantan (Indonesia),Indian East Coast (Paradip/Vizag/Gangavaram),2800,2117,537.04,1,14.17
2023-08-10,Kalimantan (Indonesia),Indian East Coast (Paradip/Vizag/Gangavaram),2800,2145,538.6,1,14.56
2023-08-11,Kalimantan (Indonesia),Indian East Coast (Paradip/Vizag/Gangavaram),2800,2173,537.37,1,12.56
2023-08-12,Kalimantan (Indonesia),Indian East Coast (Paradip/Vizag/Gangavaram),2800,2110,538.67,1,13.75
2023-08-13,Kalimantan (Indonesia),Indian East Coast (Paradip/Vizag/Gangavaram),2800,2073,535.95,1,13.67
2023-08-14,Kalimantan (Indonesia),Indian East Coast (Paradip/Vizag/Gangavaram),2800,2152,540.07,1,13.3
2023-08-15,Kalimantan (Indonesia),Indian East Coast (Paradip/Vizag/Gangavaram),2800,2126,538.28,1,13.37
2023-08-16,Kalimantan (Indonesia),Indian East Coast (Paradip/Vizag/Gangavaram),2800,2251,539.66,1,14.21
2023-08-17,Kalimantan (Indonesia),Indian East Coast (Paradip/Vizag/Gangavaram),2800,2248,542.56,1,14.36
2023-08-18,Kalimantan (Indonesia),Indian East Coast (Paradip/Vizag/Gangavaram),2800,2268,543.61,1,14.7
2023-08-19,Kalimantan (Indonesia),Indian East Coast (Paradip/Vizag/Gangavaram),2800,2353,543.86,1,14.0
2023-08-20,Kalimantan (Indonesia),Indian East Coast (Paradip/Vizag/Gangavaram),2800,2353,543.87,1,14.78
2023-08-21,Kalimantan (Indonesia),Indian East Coast (Paradip/Vizag/Gangavaram),2800,2291,543.7,1,14.59
2023-08-22,Kalimantan (Indonesia),Indian East Coast (Paradip/Vizag/Gangavaram),2800,2280,542.11,1,13.44
2023-08-23,Kalimantan (Indonesia),Indian East Coast (Paradip/Vizag/Gangavaram),2800,2273,540.85,1,14.41
2023-08-24,Kalimantan (Indonesia),Indian East Coast (Paradip/Vizag/Gangavaram),2800,2193,544.84,1,13.24
2023-08-25,Kalimantan (Indonesia),Indian East Coast (Paradip/Vizag/Gangavaram),2800,2177,544.5,1,14.76
2023-08-26,Kalimantan (Indonesia),Indian East Coast (Paradip/Vizag/Gangavaram),2800,2135,542.32,1,14.72
2023-08-27,Kalimantan (Indonesia),Indian East Coast (Paradip/Vizag/Gangavaram),2800,2185,540.86,1,13.45
2023-08-28,Kalimantan (Indonesia),Indian East Coast (Paradip/Vizag/Gangavaram),2800,2185,543.79,1,14.14
2023-08-29,Kalimantan (Indonesia),Indian East Coast (Paradip/Vizag/Gangavaram),2800,2166,545.56,1,14.01
2023-08-30,Kalimantan (Indonesia),Indian East Coast (Paradip/Vizag/Gangavaram),2800,2159,547.02,1,15.03
2023-08-31,Kalimantan (Indonesia),Indian East Coast (Paradip/Vizag/Gangavaram),2800,2169,546.24,1,13.74
2023-09-01,Kalimantan (Indonesia),Indian East Coast (Paradip/Vizag/Gangavaram),2800,2200,547.72,1,14.07
2023-09-02,Kalimantan (Indonesia),Indian East Coast (Paradip/Vizag/Gangavaram),2800,2142,545.88,1,14.03
2023-09-03,Kalimantan (Indonesia),Indian East Coast (Paradip/Vizag/Gangavaram),2800,2082,545.08,1,13.53
2023-09-04,Kalimantan (Indonesia),Indian East Coast (Paradip/Vizag/Gangavaram),2800,2143,547.61,1,13.83
2023-09-05,Kalimantan (Indonesia),Indian East Coast (Paradip/Vizag/Gangavaram),2800,2118,549.89,1,12.86
2023-09-06,Kalimantan (Indonesia),Indian East Coast (Paradip/Vizag/Gangavaram),2800,2039,547.1,1,13.59
2023-09-07,Kalimantan (Indonesia),Indian East Coast (Paradip/Vizag/Gangavaram),2800,2064,544.66,1,13.18
2023-09-08,Kalimantan (Indonesia),Indian East Coast (Paradip/Vizag/Gangavaram),2800,2090,544.83,1,13.16
2023-09-09,Kalimantan (Indonesia),Indian East Coast (Paradip/Vizag/Gangavaram),2800,2004,549.4,1,12.42
2023-09-10,Kalimantan (Indonesia),Indian East Coast (Paradip/Vizag/Gangavaram),2800,2019,544.05,1,14.04
2023-09-11,Kalimantan (Indonesia),Indian East Coast (Paradip/Vizag/Gangavaram),2800,2060,544.67,1,13.4
2023-09-12,Kalimantan (Indonesia),Indian East Coast (Paradip/Vizag/Gangavaram),2800,2080,540.78,1,14.08
2023-09-13,Kalimantan (Indonesia),Indian East Coast (Paradip/Vizag/Gangavaram),2800,2113,538.9,1,14.07
2023-09-14,Kalimantan (Indonesia),Indian East Coast (Paradip/Vizag/Gangavaram),2800,2033,537.75,1,13.39
2023-09-15,Kalimantan (Indonesia),Indian East Coast (Paradip/Vizag/Gangavaram),2800,2051,536.44,1,14.5
2023-09-16,Kalimantan (Indonesia),Indian East Coast (Paradip/Vizag/Gangavaram),2800,2033,534.82,1,13.94
2023-09-17,Kalimantan (Indonesia),Indian East Coast (Paradip/Vizag/Gangavaram),2800,2006,534.67,1,13.8
2023-09-18,Kalimantan (Indonesia),Indian East Coast (Paradip/Vizag/Gangavaram),2800,2054,533.03,1,12.38
2023-09-19,Kalimantan (Indonesia),Indian East Coast (Paradip/Vizag/Gangavaram),2800,2133,528.87,1,13.19
2023-09-20,Kalimantan (Indonesia),Indian East Coast (Paradip/Vizag/Gangavaram),2800,2227,530.8,1,14.48
2023-09-21,Kalimantan (Indonesia),Indian East Coast (Paradip/Vizag/Gangavaram),2800,2291,532.65,1,15.09
2023-09-22,Kalimantan (Indonesia),Indian East Coast (Paradip/Vizag/Gangavaram),2800,2275,534.74,1,13.84
2023-09-23,Kalimantan (Indonesia),Indian East Coast (Paradip/Vizag/Gangavaram),2800,2284,530.34,1,14.04
2023-09-24,Kalimantan (Indonesia),Indian East Coast (Paradip/Vizag/Gangavaram),2800,2315,530.94,1,14.01
2023-09-25,Kalimantan (Indonesia),Indian East Coast (Paradip/Vizag/Gangavaram),2800,2309,532.56,1,15.0
2023-09-26,Kalimantan (Indonesia),Indian East Coast (Paradip/Vizag/Gangavaram),2800,2304,529.52,1,13.87
2023-09-27,Kalimantan (Indonesia),Indian East Coast (Paradip/Vizag/Gangavaram),2800,2338,529.32,1,13.19
2023-09-28,Kalimantan (Indonesia),Indian East Coast (Paradip/Vizag/Gangavaram),2800,2321,528.77,1,13.35
2023-09-29,Kalimantan (Indonesia),Indian East Coast (Paradip/Vizag/Gangavaram),2800,2267,533.53,1,14.03
2023-09-30,Kalimantan (Indonesia),Indian East Coast (Paradip/Vizag/Gangavaram),2800,2233,538.52,1,13.81
2023-10-01,Kalimantan (Indonesia),Indian East Coast (Paradip/Vizag/Gangavaram),2800,2257,533.74,0,12.49
2023-10-02,Kalimantan (Indonesia),Indian East Coast (Paradip/Vizag/Gangavaram),2800,2246,540.27,0,11.79
2023-10-03,Kalimantan (Indonesia),Indian East Coast (Paradip/Vizag/Gangavaram),2800,2253,537.51,0,12.17
2023-10-04,Kalimantan (Indonesia),Indian East Coast (Paradip/Vizag/Gangavaram),2800,2278,539.91,0,13.2
2023-10-05,Kalimantan (Indonesia),Indian East Coast (Paradip/Vizag/Gangavaram),2800,2245,542.28,0,12.24
2023-10-06,Kalimantan (Indonesia),Indian East Coast (Paradip/Vizag/Gangavaram),2800,2274,539.29,0,11.67
2023-10-07,Kalimantan (Indonesia),Indian East Coast (Paradip/Vizag/Gangavaram),2800,2282,540.34,0,13.14
2023-10-08,Kalimantan (Indonesia),Indian East Coast (Paradip/Vizag/Gangavaram),2800,2200,539.76,0,11.64
2023-10-09,Kalimantan (Indonesia),Indian East Coast (Paradip/Vizag/Gangavaram),2800,2268,540.97,0,12.72
2023-10-10,Kalimantan (Indonesia),Indian East Coast (Paradip/Vizag/Gangavaram),2800,2227,541.29,0,12.41
2023-10-11,Kalimantan (Indonesia),Indian East Coast (Paradip/Vizag/Gangavaram),2800,2123,544.24,0,12.28
2023-10-12,Kalimantan (Indonesia),Indian East Coast (Paradip/Vizag/Gangavaram),2800,2057,544.13,0,10.62
2023-10-13,Kalimantan (Indonesia),Indian East Coast (Paradip/Vizag/Gangavaram),2800,1994,543.36,0,11.47
2023-10-14,Kalimantan (Indonesia),Indian East Coast (Paradip/Vizag/Gangavaram),2800,1992,546.02,0,11.2
2023-10-15,Kalimantan (Indonesia),Indian East Coast (Paradip/Vizag/Gangavaram),2800,1971,547.27,0,11.88
2023-10-16,Kalimantan (Indonesia),Indian East Coast (Paradip/Vizag/Gangavaram),2800,1948,548.92,0,11.9
2023-10-17,Kalimantan (Indonesia),Indian East Coast (Paradip/Vizag/Gangavaram),2800,1978,546.78,0,11.79
2023-10-18,Kalimantan (Indonesia),Indian East Coast (Paradip/Vizag/Gangavaram),2800,1991,543.59,0,11.18
2023-10-19,Kalimantan (Indonesia),Indian East Coast (Paradip/Vizag/Gangavaram),2800,2003,541.69,0,12.13
2023-10-20,Kalimantan (Indonesia),Indian East Coast (Paradip/Vizag/Gangavaram),2800,2019,539.65,0,11.73
2023-10-21,Kalimantan (Indonesia),Indian East Coast (Paradip/Vizag/Gangavaram),2800,2045,541.43,0,12.01
2023-10-22,Kalimantan (Indonesia),Indian East Coast (Paradip/Vizag/Gangavaram),2800,1920,543.72,0,11.3
2023-10-23,Kalimantan (Indonesia),Indian East Coast (Paradip/Vizag/Gangavaram),2800,1896,542.93,0,11.45
2023-10-24,Kalimantan (Indonesia),Indian East Coast (Paradip/Vizag/Gangavaram),2800,1772,546.44,0,10.68
2023-10-25,Kalimantan (Indonesia),Indian East Coast (Paradip/Vizag/Gangavaram),2800,1774,549.78,0,11.38
2023-10-26,Kalimantan (Indonesia),Indian East Coast (Paradip/Vizag/Gangavaram),2800,1774,550.06,0,11.4
2023-10-27,Kalimantan (Indonesia),Indian East Coast (Paradip/Vizag/Gangavaram),2800,1831,547.43,0,11.58
2023-10-28,Kalimantan (Indonesia),Indian East Coast (Paradip/Vizag/Gangavaram),2800,1894,551.32,0,11.08
2023-10-29,Kalimantan (Indonesia),Indian East Coast (Paradip/Vizag/Gangavaram),2800,1900,550.76,0,11.26
2023-10-30,Kalimantan (Indonesia),Indian East Coast (Paradip/Vizag/Gangavaram),2800,1867,550.69,0,11.47
2023-10-31,Kalimantan (Indonesia),Indian East Coast (Paradip/Vizag/Gangavaram),2800,1889,549.36,0,11.8
2023-11-01,Kalimantan (Indonesia),Indian East Coast (Paradip/Vizag/Gangavaram),2800,1855,546.52,0,11.62
2023-11-02,Kalimantan (Indonesia),Indian East Coast (Paradip/Vizag/Gangavaram),2800,1850,542.11,0,11.26
2023-11-03,Kalimantan (Indonesia),Indian East Coast (Paradip/Vizag/Gangavaram),2800,1900,543.4,0,10.63
2023-11-04,Kalimantan (Indonesia),Indian East Coast (Paradip/Vizag/Gangavaram),2800,1863,540.84,0,11.23
2023-11-05,Kalimantan (Indonesia),Indian East Coast (Paradip/Vizag/Gangavaram),2800,1901,548.73,0,10.77
2023-11-06,Kalimantan (Indonesia),Indian East Coast (Paradip/Vizag/Gangavaram),2800,1932,545.33,0,11.29
2023-11-07,Kalimantan (Indonesia),Indian East Coast (Paradip/Vizag/Gangavaram),2800,1871,541.47,0,11.1
2023-11-08,Kalimantan (Indonesia),Indian East Coast (Paradip/Vizag/Gangavaram),2800,1918,542.41,0,10.96
2023-11-09,Kalimantan (Indonesia),Indian East Coast (Paradip/Vizag/Gangavaram),2800,1948,546.11,0,11.64
2023-11-10,Kalimantan (Indonesia),Indian East Coast (Paradip/Vizag/Gangavaram),2800,1944,545.83,0,12.32
2023-11-11,Kalimantan (Indonesia),Indian East Coast (Paradip/Vizag/Gangavaram),2800,1892,546.92,0,11.12
2023-11-12,Kalimantan (Indonesia),Indian East Coast (Paradip/Vizag/Gangavaram),2800,1836,541.44,0,11.6
2023-11-13,Kalimantan (Indonesia),Indian East Coast (Paradip/Vizag/Gangavaram),2800,1800,539.12,0,11.86
2023-11-14,Kalimantan (Indonesia),Indian East Coast (Paradip/Vizag/Gangavaram),2800,1825,535.72,0,11.31
2023-11-15,Kalimantan (Indonesia),Indian East Coast (Paradip/Vizag/Gangavaram),2800,1765,530.08,0,10.68
2023-11-16,Kalimantan (Indonesia),Indian East Coast (Paradip/Vizag/Gangavaram),2800,1785,529.91,0,10.82
2023-11-17,Kalimantan (Indonesia),Indian East Coast (Paradip/Vizag/Gangavaram),2800,1712,523.32,0,10.4
2023-11-18,Kalimantan (Indonesia),Indian East Coast (Paradip/Vizag/Gangavaram),2800,1700,519.23,0,10.87
2023-11-19,Kalimantan (Indonesia),Indian East Coast (Paradip/Vizag/Gangavaram),2800,1706,517.27,0,11.03
2023-11-20,Kalimantan (Indonesia),Indian East Coast (Paradip/Vizag/Gangavaram),2800,1842,514.5,0,9.99
2023-11-21,Kalimantan (Indonesia),Indian East Coast (Paradip/Vizag/Gangavaram),2800,1762,515.07,0,10.36
2023-11-22,Kalimantan (Indonesia),Indian East Coast (Paradip/Vizag/Gangavaram),2800,1844,515.38,0,10.73
2023-11-23,Kalimantan (Indonesia),Indian East Coast (Paradip/Vizag/Gangavaram),2800,1850,517.3,0,10.28
2023-11-24,Kalimantan (Indonesia),Indian East Coast (Paradip/Vizag/Gangavaram),2800,1872,518.82,0,9.99
2023-11-25,Kalimantan (Indonesia),Indian East Coast (Paradip/Vizag/Gangavaram),2800,1877,521.39,0,10.76
2023-11-26,Kalimantan (Indonesia),Indian East Coast (Paradip/Vizag/Gangavaram),2800,1901,520.86,0,11.03
2023-11-27,Kalimantan (Indonesia),Indian East Coast (Paradip/Vizag/Gangavaram),2800,1892,521.14,0,10.79
2023-11-28,Kalimantan (Indonesia),Indian East Coast (Paradip/Vizag/Gangavaram),2800,1975,522.0,0,11.18
2023-11-29,Kalimantan (Indonesia),Indian East Coast (Paradip/Vizag/Gangavaram),2800,1947,521.84,0,11.4
2023-11-30,Kalimantan (Indonesia),Indian East Coast (Paradip/Vizag/Gangavaram),2800,2012,520.21,0,11.35
2023-12-01,Kalimantan (Indonesia),Indian East Coast (Paradip/Vizag/Gangavaram),2800,1973,518.75,0,11.32
2023-12-02,Kalimantan (Indonesia),Indian East Coast (Paradip/Vizag/Gangavaram),2800,1970,515.97,0,11.69
2023-12-03,Kalimantan (Indonesia),Indian East Coast (Paradip/Vizag/Gangavaram),2800,1907,516.55,0,11.01
2023-12-04,Kalimantan (Indonesia),Indian East Coast (Paradip/Vizag/Gangavaram),2800,1937,515.73,0,10.85
2023-12-05,Kalimantan (Indonesia),Indian East Coast (Paradip/Vizag/Gangavaram),2800,2026,513.36,0,10.93
2023-12-06,Kalimantan (Indonesia),Indian East Coast (Paradip/Vizag/Gangavaram),2800,2022,510.98,0,11.15
2023-12-07,Kalimantan (Indonesia),Indian East Coast (Paradip/Vizag/Gangavaram),2800,2011,507.11,0,11.95
2023-12-08,Kalimantan (Indonesia),Indian East Coast (Paradip/Vizag/Gangavaram),2800,1944,509.19,0,10.99
2023-12-09,Kalimantan (Indonesia),Indian East Coast (Paradip/Vizag/Gangavaram),2800,1933,508.82,0,11.63
2023-12-10,Kalimantan (Indonesia),Indian East Coast (Paradip/Vizag/Gangavaram),2800,1838,505.88,0,11.16
2023-12-11,Kalimantan (Indonesia),Indian East Coast (Paradip/Vizag/Gangavaram),2800,1788,507.49,0,11.77
2023-12-12,Kalimantan (Indonesia),Indian East Coast (Paradip/Vizag/Gangavaram),2800,1810,505.36,0,10.91
2023-12-13,Kalimantan (Indonesia),Indian East Coast (Paradip/Vizag/Gangavaram),2800,1902,500.94,0,11.04
2023-12-14,Kalimantan (Indonesia),Indian East Coast (Paradip/Vizag/Gangavaram),2800,2086,503.11,0,12.44
2023-12-15,Kalimantan (Indonesia),Indian East Coast (Paradip/Vizag/Gangavaram),2800,2048,501.04,0,12.07
2023-12-16,Kalimantan (Indonesia),Indian East Coast (Paradip/Vizag/Gangavaram),2800,2142,499.31,0,12.3
2023-12-17,Kalimantan (Indonesia),Indian East Coast (Paradip/Vizag/Gangavaram),2800,2155,498.81,0,11.81
2023-12-18,Kalimantan (Indonesia),Indian East Coast (Paradip/Vizag/Gangavaram),2800,2143,501.29,0,12.79
2023-12-19,Kalimantan (Indonesia),Indian East Coast (Paradip/Vizag/Gangavaram),2800,2168,500.72,0,13.08
2023-12-20,Kalimantan (Indonesia),Indian East Coast (Paradip/Vizag/Gangavaram),2800,2168,496.83,0,12.37
2023-12-21,Kalimantan (Indonesia),Indian East Coast (Paradip/Vizag/Gangavaram),2800,2171,497.68,0,12.66
2023-12-22,Kalimantan (Indonesia),Indian East Coast (Paradip/Vizag/Gangavaram),2800,2138,495.73,0,12.81
2023-12-23,Kalimantan (Indonesia),Indian East Coast (Paradip/Vizag/Gangavaram),2800,2039,500.22,0,12.47
2023-12-24,Kalimantan (Indonesia),Indian East Coast (Paradip/Vizag/Gangavaram),2800,1931,499.58,0,12.85
2023-12-25,Kalimantan (Indonesia),Indian East Coast (Paradip/Vizag/Gangavaram),2800,1976,492.85,0,13.21
2023-12-26,Kalimantan (Indonesia),Indian East Coast (Paradip/Vizag/Gangavaram),2800,1955,493.18,0,12.83
2023-12-27,Kalimantan (Indonesia),Indian East Coast (Paradip/Vizag/Gangavaram),2800,1913,497.81,0,13.07
2023-12-28,Kalimantan (Indonesia),Indian East Coast (Paradip/Vizag/Gangavaram),2800,1912,501.45,0,13.15
2023-12-29,Kalimantan (Indonesia),Indian East Coast (Paradip/Vizag/Gangavaram),2800,1965,505.77,0,13.22
2023-12-30,Kalimantan (Indonesia),Indian East Coast (Paradip/Vizag/Gangavaram),2800,1973,502.33,0,13.32
2023-12-31,Kalimantan (Indonesia),Indian East Coast (Paradip/Vizag/Gangavaram),2800,1922,504.15,0,12.4
2024-01-01,Kalimantan (Indonesia),Indian East Coast (Paradip/Vizag/Gangavaram),2800,2003,536.51,0,13.33
2024-01-02,Kalimantan (Indonesia),Indian East Coast (Paradip/Vizag/Gangavaram),2800,2106,536.45,0,13.25
2024-01-03,Kalimantan (Indonesia),Indian East Coast (Paradip/Vizag/Gangavaram),2800,2128,532.31,0,14.48
2024-01-04,Kalimantan (Indonesia),Indian East Coast (Paradip/Vizag/Gangavaram),2800,2182,529.88,0,14.75
2024-01-05,Kalimantan (Indonesia),Indian East Coast (Paradip/Vizag/Gangavaram),2800,2252,527.36,0,13.98
2024-01-06,Kalimantan (Indonesia),Indian East Coast (Paradip/Vizag/Gangavaram),2800,2310,529.12,0,14.49
2024-01-07,Kalimantan (Indonesia),Indian East Coast (Paradip/Vizag/Gangavaram),2800,2329,530.61,0,14.56
2024-01-08,Kalimantan (Indonesia),Indian East Coast (Paradip/Vizag/Gangavaram),2800,2346,530.67,0,14.91
2024-01-09,Kalimantan (Indonesia),Indian East Coast (Paradip/Vizag/Gangavaram),2800,2354,526.3,0,14.63
2024-01-10,Kalimantan (Indonesia),Indian East Coast (Paradip/Vizag/Gangavaram),2800,2248,524.76,0,15.13
2024-01-11,Kalimantan (Indonesia),Indian East Coast (Paradip/Vizag/Gangavaram),2800,2270,522.03,0,14.68
2024-01-12,Kalimantan (Indonesia),Indian East Coast (Paradip/Vizag/Gangavaram),2800,2147,523.69,0,14.13
2024-01-13,Kalimantan (Indonesia),Indian East Coast (Paradip/Vizag/Gangavaram),2800,2066,526.19,0,14.2
2024-01-14,Kalimantan (Indonesia),Indian East Coast (Paradip/Vizag/Gangavaram),2800,2133,528.36,0,13.4
2024-01-15,Kalimantan (Indonesia),Indian East Coast (Paradip/Vizag/Gangavaram),2800,2164,525.59,0,14.51
2024-01-16,Kalimantan (Indonesia),Indian East Coast (Paradip/Vizag/Gangavaram),2800,2237,517.43,0,14.85
2024-01-17,Kalimantan (Indonesia),Indian East Coast (Paradip/Vizag/Gangavaram),2800,2185,511.91,0,14.4
2024-01-18,Kalimantan (Indonesia),Indian East Coast (Paradip/Vizag/Gangavaram),2800,2073,515.06,0,12.94
2024-01-19,Kalimantan (Indonesia),Indian East Coast (Paradip/Vizag/Gangavaram),2800,2027,513.24,0,12.66
2024-01-20,Kalimantan (Indonesia),Indian East Coast (Paradip/Vizag/Gangavaram),2800,2004,510.48,0,13.19
2024-01-21,Kalimantan (Indonesia),Indian East Coast (Paradip/Vizag/Gangavaram),2800,1980,514.22,0,13.58
2024-01-22,Kalimantan (Indonesia),Indian East Coast (Paradip/Vizag/Gangavaram),2800,2027,516.93,0,12.9
2024-01-23,Kalimantan (Indonesia),Indian East Coast (Paradip/Vizag/Gangavaram),2800,1971,516.27,0,13.09
2024-01-24,Kalimantan (Indonesia),Indian East Coast (Paradip/Vizag/Gangavaram),2800,1963,514.73,0,11.72
2024-01-25,Kalimantan (Indonesia),Indian East Coast (Paradip/Vizag/Gangavaram),2800,1866,513.64,0,11.97
2024-01-26,Kalimantan (Indonesia),Indian East Coast (Paradip/Vizag/Gangavaram),2800,1866,513.52,0,11.57
2024-01-27,Kalimantan (Indonesia),Indian East Coast (Paradip/Vizag/Gangavaram),2800,1837,517.13,0,11.67
2024-01-28,Kalimantan (Indonesia),Indian East Coast (Paradip/Vizag/Gangavaram),2800,1758,517.53,0,10.63
2024-01-29,Kalimantan (Indonesia),Indian East Coast (Paradip/Vizag/Gangavaram),2800,1716,518.76,0,11.94
2024-01-30,Kalimantan (Indonesia),Indian East Coast (Paradip/Vizag/Gangavaram),2800,1678,521.2,0,12.04
2024-01-31,Kalimantan (Indonesia),Indian East Coast (Paradip/Vizag/Gangavaram),2800,1636,517.27,0,11.12
2024-02-01,Kalimantan (Indonesia),Indian East Coast (Paradip/Vizag/Gangavaram),2800,1723,518.57,0,10.4
2024-02-02,Kalimantan (Indonesia),Indian East Coast (Paradip/Vizag/Gangavaram),2800,1688,517.01,0,10.86
2024-02-03,Kalimantan (Indonesia),Indian East Coast (Paradip/Vizag/Gangavaram),2800,1645,509.41,0,11.37
2024-02-04,Kalimantan (Indonesia),Indian East Coast (Paradip/Vizag/Gangavaram),2800,1489,502.86,0,10.13
2024-02-05,Kalimantan (Indonesia),Indian East Coast (Paradip/Vizag/Gangavaram),2800,1414,499.34,0,10.23
2024-02-06,Kalimantan (Indonesia),Indian East Coast (Paradip/Vizag/Gangavaram),2800,1380,500.02,0,9.6
2024-02-07,Kalimantan (Indonesia),Indian East Coast (Paradip/Vizag/Gangavaram),2800,1321,499.56,0,9.18
2024-02-08,Kalimantan (Indonesia),Indian East Coast (Paradip/Vizag/Gangavaram),2800,1389,499.3,0,9.88
2024-02-09,Kalimantan (Indonesia),Indian East Coast (Paradip/Vizag/Gangavaram),2800,1361,503.84,0,9.08
2024-02-10,Kalimantan (Indonesia),Indian East Coast (Paradip/Vizag/Gangavaram),2800,1420,499.62,0,10.5
2024-02-11,Kalimantan (Indonesia),Indian East Coast (Paradip/Vizag/Gangavaram),2800,1403,498.77,0,9.74
2024-02-12,Kalimantan (Indonesia),Indian East Coast (Paradip/Vizag/Gangavaram),2800,1386,498.83,0,9.73
2024-02-13,Kalimantan (Indonesia),Indian East Coast (Paradip/Vizag/Gangavaram),2800,1362,496.05,0,9.24
2024-02-14,Kalimantan (Indonesia),Indian East Coast (Paradip/Vizag/Gangavaram),2800,1344,495.35,0,8.86
2024-02-15,Kalimantan (Indonesia),Indian East Coast (Paradip/Vizag/Gangavaram),2800,1425,490.22,0,10.02
2024-02-16,Kalimantan (Indonesia),Indian East Coast (Paradip/Vizag/Gangavaram),2800,1272,493.28,0,8.71
2024-02-17,Kalimantan (Indonesia),Indian East Coast (Paradip/Vizag/Gangavaram),2800,1145,490.64,0,9.05
2024-02-18,Kalimantan (Indonesia),Indian East Coast (Paradip/Vizag/Gangavaram),2800,1105,495.39,0,8.67
2024-02-19,Kalimantan (Indonesia),Indian East Coast (Paradip/Vizag/Gangavaram),2800,1098,494.52,0,8.67
2024-02-20,Kalimantan (Indonesia),Indian East Coast (Paradip/Vizag/Gangavaram),2800,1129,496.53,0,8.5
2024-02-21,Kalimantan (Indonesia),Indian East Coast (Paradip/Vizag/Gangavaram),2800,1147,495.6,0,8.68
2024-02-22,Kalimantan (Indonesia),Indian East Coast (Paradip/Vizag/Gangavaram),2800,1116,494.73,0,8.71
2024-02-23,Kalimantan (Indonesia),Indian East Coast (Paradip/Vizag/Gangavaram),2800,1165,492.35,0,8.95
2024-02-24,Kalimantan (Indonesia),Indian East Coast (Paradip/Vizag/Gangavaram),2800,1213,491.88,0,9.04
2024-02-25,Kalimantan (Indonesia),Indian East Coast (Paradip/Vizag/Gangavaram),2800,1212,491.96,0,8.83
2024-02-26,Kalimantan (Indonesia),Indian East Coast (Paradip/Vizag/Gangavaram),2800,1255,489.03,0,8.87
2024-02-27,Kalimantan (Indonesia),Indian East Coast (Paradip/Vizag/Gangavaram),2800,1258,487.9,0,9.58
2024-02-28,Kalimantan (Indonesia),Indian East Coast (Paradip/Vizag/Gangavaram),2800,1216,485.44,0,8.39
2024-02-29,Kalimantan (Indonesia),Indian East Coast (Paradip/Vizag/Gangavaram),2800,1245,490.9,0,8.54
2024-03-01,Kalimantan (Indonesia),Indian East Coast (Paradip/Vizag/Gangavaram),2800,1240,489.86,0,9.05
2024-03-02,Kalimantan (Indonesia),Indian East Coast (Paradip/Vizag/Gangavaram),2800,1230,493.27,0,9.05
2024-03-03,Kalimantan (Indonesia),Indian East Coast (Paradip/Vizag/Gangavaram),2800,1300,491.94,0,9.48
2024-03-04,Kalimantan (Indonesia),Indian East Coast (Paradip/Vizag/Gangavaram),2800,1152,491.84,0,8.93
2024-03-05,Kalimantan (Indonesia),Indian East Coast (Paradip/Vizag/Gangavaram),2800,1066,487.45,0,8.44
2024-03-06,Kalimantan (Indonesia),Indian East Coast (Paradip/Vizag/Gangavaram),2800,995,485.43,0,8.32
2024-03-07,Kalimantan (Indonesia),Indian East Coast (Paradip/Vizag/Gangavaram),2800,972,485.2,0,8.2
2024-03-08,Kalimantan (Indonesia),Indian East Coast (Paradip/Vizag/Gangavaram),2800,956,488.72,0,8.49
2024-03-09,Kalimantan (Indonesia),Indian East Coast (Paradip/Vizag/Gangavaram),2800,871,488.52,0,7.92
2024-03-10,Kalimantan (Indonesia),Indian East Coast (Paradip/Vizag/Gangavaram),2800,817,491.48,0,7.76
2024-03-11,Kalimantan (Indonesia),Indian East Coast (Paradip/Vizag/Gangavaram),2800,772,492.42,0,7.69
2024-03-12,Kalimantan (Indonesia),Indian East Coast (Paradip/Vizag/Gangavaram),2800,911,496.04,0,7.44
2024-03-13,Kalimantan (Indonesia),Indian East Coast (Paradip/Vizag/Gangavaram),2800,1009,495.07,0,8.33
2024-03-14,Kalimantan (Indonesia),Indian East Coast (Paradip/Vizag/Gangavaram),2800,982,500.77,0,8.79
2024-03-15,Kalimantan (Indonesia),Indian East Coast (Paradip/Vizag/Gangavaram),2800,958,498.64,0,8.3
2024-03-16,Kalimantan (Indonesia),Indian East Coast (Paradip/Vizag/Gangavaram),2800,891,495.75,0,8.17
2024-03-17,Kalimantan (Indonesia),Indian East Coast (Paradip/Vizag/Gangavaram),2800,785,491.65,0,7.87
2024-03-18,Kalimantan (Indonesia),Indian East Coast (Paradip/Vizag/Gangavaram),2800,781,497.19,0,8.03
2024-03-19,Kalimantan (Indonesia),Indian East Coast (Paradip/Vizag/Gangavaram),2800,728,498.61,0,7.98
2024-03-20,Kalimantan (Indonesia),Indian East Coast (Paradip/Vizag/Gangavaram),2800,728,496.89,0,7.72
2024-03-21,Kalimantan (Indonesia),Indian East Coast (Paradip/Vizag/Gangavaram),2800,644,499.48,0,7.42
2024-03-22,Kalimantan (Indonesia),Indian East Coast (Paradip/Vizag/Gangavaram),2800,609,500.55,0,6.8
2024-03-23,Kalimantan (Indonesia),Indian East Coast (Paradip/Vizag/Gangavaram),2800,624,505.09,0,7.81
2024-03-24,Kalimantan (Indonesia),Indian East Coast (Paradip/Vizag/Gangavaram),2800,652,500.07,0,7.55
2024-03-25,Kalimantan (Indonesia),Indian East Coast (Paradip/Vizag/Gangavaram),2800,681,498.54,0,7.34
2024-03-26,Kalimantan (Indonesia),Indian East Coast (Paradip/Vizag/Gangavaram),2800,613,496.47,0,7.2
2024-03-27,Kalimantan (Indonesia),Indian East Coast (Paradip/Vizag/Gangavaram),2800,667,490.3,0,7.64
2024-03-28,Kalimantan (Indonesia),Indian East Coast (Paradip/Vizag/Gangavaram),2800,628,492.37,0,7.24
2024-03-29,Kalimantan (Indonesia),Indian East Coast (Paradip/Vizag/Gangavaram),2800,669,490.83,0,7.36
2024-03-30,Kalimantan (Indonesia),Indian East Coast (Paradip/Vizag/Gangavaram),2800,673,492.03,0,7.17
2024-03-31,Kalimantan (Indonesia),Indian East Coast (Paradip/Vizag/Gangavaram),2800,602,497.65,0,7.15
2024-04-01,Kalimantan (Indonesia),Indian East Coast (Paradip/Vizag/Gangavaram),2800,591,495.88,0,7.14
2024-04-02,Kalimantan (Indonesia),Indian East Coast (Paradip/Vizag/Gangavaram),2800,618,493.93,0,7.34
2024-04-03,Kalimantan (Indonesia),Indian East Coast (Paradip/Vizag/Gangavaram),2800,658,493.44,0,7.33
2024-04-04,Kalimantan (Indonesia),Indian East Coast (Paradip/Vizag/Gangavaram),2800,654,495.32,0,7.07
2024-04-05,Kalimantan (Indonesia),Indian East Coast (Paradip/Vizag/Gangavaram),2800,743,492.98,0,7.7
2024-04-06,Kalimantan (Indonesia),Indian East Coast (Paradip/Vizag/Gangavaram),2800,799,490.46,0,7.6
2024-04-07,Kalimantan (Indonesia),Indian East Coast (Paradip/Vizag/Gangavaram),2800,784,492.53,0,7.93
2024-04-08,Kalimantan (Indonesia),Indian East Coast (Paradip/Vizag/Gangavaram),2800,825,492.75,0,7.94
2024-04-09,Kalimantan (Indonesia),Indian East Coast (Paradip/Vizag/Gangavaram),2800,929,486.39,0,7.69
2024-04-10,Kalimantan (Indonesia),Indian East Coast (Paradip/Vizag/Gangavaram),2800,1031,482.25,0,8.65
2024-04-11,Kalimantan (Indonesia),Indian East Coast (Paradip/Vizag/Gangavaram),2800,954,485.54,0,8.14
2024-04-12,Kalimantan (Indonesia),Indian East Coast (Paradip/Vizag/Gangavaram),2800,896,485.83,0,7.94
2024-04-13,Kalimantan (Indonesia),Indian East Coast (Paradip/Vizag/Gangavaram),2800,973,482.95,0,8.6
2024-04-14,Kalimantan (Indonesia),Indian East Coast (Paradip/Vizag/Gangavaram),2800,907,481.69,0,8.54
2024-04-15,Kalimantan (Indonesia),Indian East Coast (Paradip/Vizag/Gangavaram),2800,828,480.93,0,7.68
2024-04-16,Kalimantan (Indonesia),Indian East Coast (Paradip/Vizag/Gangavaram),2800,798,482.13,0,7.7
2024-04-17,Kalimantan (Indonesia),Indian East Coast (Paradip/Vizag/Gangavaram),2800,819,477.64,0,7.75
2024-04-18,Kalimantan (Indonesia),Indian East Coast (Paradip/Vizag/Gangavaram),2800,811,474.56,0,7.62
2024-04-19,Kalimantan (Indonesia),Indian East Coast (Paradip/Vizag/Gangavaram),2800,772,474.51,0,7.17
2024-04-20,Kalimantan (Indonesia),Indian East Coast (Paradip/Vizag/Gangavaram),2800,734,473.44,0,7.53
2024-04-21,Kalimantan (Indonesia),Indian East Coast (Paradip/Vizag/Gangavaram),2800,694,474.2,0,7.62
2024-04-22,Kalimantan (Indonesia),Indian East Coast (Paradip/Vizag/Gangavaram),2800,647,470.07,0,7.27
2024-04-23,Kalimantan (Indonesia),Indian East Coast (Paradip/Vizag/Gangavaram),2800,775,470.25,0,7.54
2024-04-24,Kalimantan (Indonesia),Indian East Coast (Paradip/Vizag/Gangavaram),2800,789,472.43,0,7.77
2024-04-25,Kalimantan (Indonesia),Indian East Coast (Paradip/Vizag/Gangavaram),2800,835,472.97,0,7.83
2024-04-26,Kalimantan (Indonesia),Indian East Coast (Paradip/Vizag/Gangavaram),2800,804,472.56,0,7.3
2024-04-27,Kalimantan (Indonesia),Indian East Coast (Paradip/Vizag/Gangavaram),2800,791,471.51,0,7.86
2024-04-28,Kalimantan (Indonesia),Indian East Coast (Paradip/Vizag/Gangavaram),2800,748,468.46,0,7.01
2024-04-29,Kalimantan (Indonesia),Indian East Coast (Paradip/Vizag/Gangavaram),2800,601,467.48,0,7.39
2024-04-30,Kalimantan (Indonesia),Indian East Coast (Paradip/Vizag/Gangavaram),2800,529,470.13,0,7.01
2024-05-01,Kalimantan (Indonesia),Indian East Coast (Paradip/Vizag/Gangavaram),2800,435,469.02,0,6.52
2024-05-02,Kalimantan (Indonesia),Indian East Coast (Paradip/Vizag/Gangavaram),2800,400,465.82,0,6.42
2024-05-03,Kalimantan (Indonesia),Indian East Coast (Paradip/Vizag/Gangavaram),2800,400,463.71,0,6.96
2024-05-04,Kalimantan (Indonesia),Indian East Coast (Paradip/Vizag/Gangavaram),2800,400,463.48,0,6.7
2024-05-05,Kalimantan (Indonesia),Indian East Coast (Paradip/Vizag/Gangavaram),2800,400,461.69,0,6.56
2024-05-06,Kalimantan (Indonesia),Indian East Coast (Paradip/Vizag/Gangavaram),2800,448,462.24,0,7.06
2024-05-07,Kalimantan (Indonesia),Indian East Coast (Paradip/Vizag/Gangavaram),2800,480,462.89,0,6.55
2024-05-08,Kalimantan (Indonesia),Indian East Coast (Paradip/Vizag/Gangavaram),2800,531,464.54,0,6.94
2024-05-09,Kalimantan (Indonesia),Indian East Coast (Paradip/Vizag/Gangavaram),2800,487,467.65,0,6.68
2024-05-10,Kalimantan (Indonesia),Indian East Coast (Paradip/Vizag/Gangavaram),2800,523,469.59,0,6.47
2024-05-11,Kalimantan (Indonesia),Indian East Coast (Paradip/Vizag/Gangavaram),2800,570,466.29,0,6.9
2024-05-12,Kalimantan (Indonesia),Indian East Coast (Paradip/Vizag/Gangavaram),2800,542,463.07,0,6.79
2024-05-13,Kalimantan (Indonesia),Indian East Coast (Paradip/Vizag/Gangavaram),2800,579,462.11,0,6.92
2024-05-14,Kalimantan (Indonesia),Indian East Coast (Paradip/Vizag/Gangavaram),2800,614,460.12,0,6.75
2024-05-15,Kalimantan (Indonesia),Indian East Coast (Paradip/Vizag/Gangavaram),2800,587,456.27,0,7.0
2024-05-16,Kalimantan (Indonesia),Indian East Coast (Paradip/Vizag/Gangavaram),2800,529,454.32,0,6.57
2024-05-17,Kalimantan (Indonesia),Indian East Coast (Paradip/Vizag/Gangavaram),2800,470,452.28,0,6.68
2024-05-18,Kalimantan (Indonesia),Indian East Coast (Paradip/Vizag/Gangavaram),2800,483,449.7,0,6.75
2024-05-19,Kalimantan (Indonesia),Indian East Coast (Paradip/Vizag/Gangavaram),2800,508,448.1,0,6.56
2024-05-20,Kalimantan (Indonesia),Indian East Coast (Paradip/Vizag/Gangavaram),2800,471,450.56,0,6.24
2024-05-21,Kalimantan (Indonesia),Indian East Coast (Paradip/Vizag/Gangavaram),2800,481,450.36,0,6.74
2024-05-22,Kalimantan (Indonesia),Indian East Coast (Paradip/Vizag/Gangavaram),2800,520,456.35,0,6.86
2024-05-23,Kalimantan (Indonesia),Indian East Coast (Paradip/Vizag/Gangavaram),2800,560,456.07,0,6.83
2024-05-24,Kalimantan (Indonesia),Indian East Coast (Paradip/Vizag/Gangavaram),2800,650,454.55,0,7.29
2024-05-25,Kalimantan (Indonesia),Indian East Coast (Paradip/Vizag/Gangavaram),2800,722,453.83,0,7.28
2024-05-26,Kalimantan (Indonesia),Indian East Coast (Paradip/Vizag/Gangavaram),2800,667,453.8,0,7.04
2024-05-27,Kalimantan (Indonesia),Indian East Coast (Paradip/Vizag/Gangavaram),2800,760,454.25,0,7.25
2024-05-28,Kalimantan (Indonesia),Indian East Coast (Paradip/Vizag/Gangavaram),2800,729,459.18,0,7.43
2024-05-29,Kalimantan (Indonesia),Indian East Coast (Paradip/Vizag/Gangavaram),2800,785,456.16,0,7.45
2024-05-30,Kalimantan (Indonesia),Indian East Coast (Paradip/Vizag/Gangavaram),2800,786,457.77,0,7.62
2024-05-31,Kalimantan (Indonesia),Indian East Coast (Paradip/Vizag/Gangavaram),2800,761,457.62,0,7.35
2024-06-01,Kalimantan (Indonesia),Indian East Coast (Paradip/Vizag/Gangavaram),2800,659,452.63,1,8.66
2024-06-02,Kalimantan (Indonesia),Indian East Coast (Paradip/Vizag/Gangavaram),2800,651,454.02,1,7.75
2024-06-03,Kalimantan (Indonesia),Indian East Coast (Paradip/Vizag/Gangavaram),2800,569,456.76,1,7.56
2024-06-04,Kalimantan (Indonesia),Indian East Coast (Paradip/Vizag/Gangavaram),2800,629,453.72,1,7.51
2024-06-05,Kalimantan (Indonesia),Indian East Coast (Paradip/Vizag/Gangavaram),2800,719,452.99,1,8.52
2024-06-06,Kalimantan (Indonesia),Indian East Coast (Paradip/Vizag/Gangavaram),2800,679,447.6,1,7.88
2024-06-07,Kalimantan (Indonesia),Indian East Coast (Paradip/Vizag/Gangavaram),2800,702,443.48,1,9.14
2024-06-08,Kalimantan (Indonesia),Indian East Coast (Paradip/Vizag/Gangavaram),2800,667,445.64,1,8.06
2024-06-09,Kalimantan (Indonesia),Indian East Coast (Paradip/Vizag/Gangavaram),2800,639,443.68,1,8.31
2024-06-10,Kalimantan (Indonesia),Indian East Coast (Paradip/Vizag/Gangavaram),2800,694,439.97,1,8.16
2024-06-11,Kalimantan (Indonesia),Indian East Coast (Paradip/Vizag/Gangavaram),2800,700,439.91,1,7.69
2024-06-12,Kalimantan (Indonesia),Indian East Coast (Paradip/Vizag/Gangavaram),2800,811,437.81,1,8.5
2024-06-13,Kalimantan (Indonesia),Indian East Coast (Paradip/Vizag/Gangavaram),2800,788,435.85,1,9.16
2024-06-14,Kalimantan (Indonesia),Indian East Coast (Paradip/Vizag/Gangavaram),2800,855,437.18,1,8.75
2024-06-15,Kalimantan (Indonesia),Indian East Coast (Paradip/Vizag/Gangavaram),2800,866,433.35,1,9.3
2024-06-16,Kalimantan (Indonesia),Indian East Coast (Paradip/Vizag/Gangavaram),2800,919,430.22,1,8.66
2024-06-17,Kalimantan (Indonesia),Indian East Coast (Paradip/Vizag/Gangavaram),2800,893,429.97,1,9.08
2024-06-18,Kalimantan (Indonesia),Indian East Coast (Paradip/Vizag/Gangavaram),2800,893,431.94,1,8.72
2024-06-19,Kalimantan (Indonesia),Indian East Coast (Paradip/Vizag/Gangavaram),2800,887,434.65,1,8.75
2024-06-20,Kalimantan (Indonesia),Indian East Coast (Paradip/Vizag/Gangavaram),2800,835,432.18,1,8.5
2024-06-21,Kalimantan (Indonesia),Indian East Coast (Paradip/Vizag/Gangavaram),2800,878,434.08,1,8.66
2024-06-22,Kalimantan (Indonesia),Indian East Coast (Paradip/Vizag/Gangavaram),2800,919,431.3,1,8.16
2024-06-23,Kalimantan (Indonesia),Indian East Coast (Paradip/Vizag/Gangavaram),2800,953,435.62,1,9.02
2024-06-24,Kalimantan (Indonesia),Indian East Coast (Paradip/Vizag/Gangavaram),2800,1044,431.89,1,9.48
2024-06-25,Kalimantan (Indonesia),Indian East Coast (Paradip/Vizag/Gangavaram),2800,1125,434.87,1,9.78
2024-06-26,Kalimantan (Indonesia),Indian East Coast (Paradip/Vizag/Gangavaram),2800,1087,432.44,1,9.45
2024-06-27,Kalimantan (Indonesia),Indian East Coast (Paradip/Vizag/Gangavaram),2800,1095,437.29,1,10.54
2024-06-28,Kalimantan (Indonesia),Indian East Coast (Paradip/Vizag/Gangavaram),2800,1040,438.27,1,8.66
2024-06-29,Kalimantan (Indonesia),Indian East Coast (Paradip/Vizag/Gangavaram),2800,1026,434.88,1,9.0
2024-06-30,Kalimantan (Indonesia),Indian East Coast (Paradip/Vizag/Gangavaram),2800,973,432.84,1,8.76
2024-07-01,Kalimantan (Indonesia),Indian East Coast (Paradip/Vizag/Gangavaram),2800,1056,434.34,1,9.9
2024-07-02,Kalimantan (Indonesia),Indian East Coast (Paradip/Vizag/Gangavaram),2800,1059,436.59,1,9.27
2024-07-03,Kalimantan (Indonesia),Indian East Coast (Paradip/Vizag/Gangavaram),2800,1026,435.79,1,8.71
2024-07-04,Kalimantan (Indonesia),Indian East Coast (Paradip/Vizag/Gangavaram),2800,1077,435.31,1,8.85
2024-07-05,Kalimantan (Indonesia),Indian East Coast (Paradip/Vizag/Gangavaram),2800,928,436.77,1,8.27
2024-07-06,Kalimantan (Indonesia),Indian East Coast (Paradip/Vizag/Gangavaram),2800,796,436.53,1,7.87
2024-07-07,Kalimantan (Indonesia),Indian East Coast (Paradip/Vizag/Gangavaram),2800,832,432.41,1,8.78
2024-07-08,Kalimantan (Indonesia),Indian East Coast (Paradip/Vizag/Gangavaram),2800,824,429.61,1,8.15
2024-07-09,Kalimantan (Indonesia),Indian East Coast (Paradip/Vizag/Gangavaram),2800,828,429.66,1,8.08
2024-07-10,Kalimantan (Indonesia),Indian East Coast (Paradip/Vizag/Gangavaram),2800,744,432.39,1,8.23
2024-07-11,Kalimantan (Indonesia),Indian East Coast (Paradip/Vizag/Gangavaram),2800,737,436.2,1,8.08
2024-07-12,Kalimantan (Indonesia),Indian East Coast (Paradip/Vizag/Gangavaram),2800,843,437.75,1,8.56
2024-07-13,Kalimantan (Indonesia),Indian East Coast (Paradip/Vizag/Gangavaram),2800,881,437.96,1,8.83
2024-07-14,Kalimantan (Indonesia),Indian East Coast (Paradip/Vizag/Gangavaram),2800,882,439.43,1,8.8
2024-07-15,Kalimantan (Indonesia),Indian East Coast (Paradip/Vizag/Gangavaram),2800,851,437.05,1,9.26
2024-07-16,Kalimantan (Indonesia),Indian East Coast (Paradip/Vizag/Gangavaram),2800,824,436.07,1,9.14
2024-07-17,Kalimantan (Indonesia),Indian East Coast (Paradip/Vizag/Gangavaram),2800,702,433.28,1,8.08
2024-07-18,Kalimantan (Indonesia),Indian East Coast (Paradip/Vizag/Gangavaram),2800,716,429.33,1,8.15
2024-07-19,Kalimantan (Indonesia),Indian East Coast (Paradip/Vizag/Gangavaram),2800,762,429.69,1,8.32
2024-07-20,Kalimantan (Indonesia),Indian East Coast (Paradip/Vizag/Gangavaram),2800,673,429.66,1,8.14
2024-07-21,Kalimantan (Indonesia),Indian East Coast (Paradip/Vizag/Gangavaram),2800,638,430.99,1,7.64
2024-07-22,Kalimantan (Indonesia),Indian East Coast (Paradip/Vizag/Gangavaram),2800,576,431.94,1,7.64
2024-07-23,Kalimantan (Indonesia),Indian East Coast (Paradip/Vizag/Gangavaram),2800,528,432.07,1,7.27
2024-07-24,Kalimantan (Indonesia),Indian East Coast (Paradip/Vizag/Gangavaram),2800,537,433.06,1,7.74
2024-07-25,Kalimantan (Indonesia),Indian East Coast (Paradip/Vizag/Gangavaram),2800,428,432.43,1,7.13
2024-07-26,Kalimantan (Indonesia),Indian East Coast (Paradip/Vizag/Gangavaram),2800,471,433.03,1,7.37
2024-07-27,Kalimantan (Indonesia),Indian East Coast (Paradip/Vizag/Gangavaram),2800,521,430.55,1,7.21
2024-07-28,Kalimantan (Indonesia),Indian East Coast (Paradip/Vizag/Gangavaram),2800,514,431.04,1,7.83
2024-07-29,Kalimantan (Indonesia),Indian East Coast (Paradip/Vizag/Gangavaram),2800,400,432.36,1,6.86
2024-07-30,Kalimantan (Indonesia),Indian East Coast (Paradip/Vizag/Gangavaram),2800,400,430.04,1,7.24
2024-07-31,Kalimantan (Indonesia),Indian East Coast (Paradip/Vizag/Gangavaram),2800,423,429.69,1,6.78
2024-08-01,Kalimantan (Indonesia),Indian East Coast (Paradip/Vizag/Gangavaram),2800,400,427.5,1,7.46
2024-08-02,Kalimantan (Indonesia),Indian East Coast (Paradip/Vizag/Gangavaram),2800,400,425.59,1,7.2
2024-08-03,Kalimantan (Indonesia),Indian East Coast (Paradip/Vizag/Gangavaram),2800,400,422.05,1,6.88
2024-08-04,Kalimantan (Indonesia),Indian East Coast (Paradip/Vizag/Gangavaram),2800,400,425.02,1,6.9
2024-08-05,Kalimantan (Indonesia),Indian East Coast (Paradip/Vizag/Gangavaram),2800,400,427.45,1,7.05
2024-08-06,Kalimantan (Indonesia),Indian East Coast (Paradip/Vizag/Gangavaram),2800,400,428.44,1,6.92
2024-08-07,Kalimantan (Indonesia),Indian East Coast (Paradip/Vizag/Gangavaram),2800,400,433.35,1,7.5
2024-08-08,Kalimantan (Indonesia),Indian East Coast (Paradip/Vizag/Gangavaram),2800,468,432.38,1,7.6
2024-08-09,Kalimantan (Indonesia),Indian East Coast (Paradip/Vizag/Gangavaram),2800,466,440.17,1,7.54
2024-08-10,Kalimantan (Indonesia),Indian East Coast (Paradip/Vizag/Gangavaram),2800,497,439.11,1,7.67
2024-08-11,Kalimantan (Indonesia),Indian East Coast (Paradip/Vizag/Gangavaram),2800,424,439.36,1,7.0
2024-08-12,Kalimantan (Indonesia),Indian East Coast (Paradip/Vizag/Gangavaram),2800,502,437.84,1,7.18
2024-08-13,Kalimantan (Indonesia),Indian East Coast (Paradip/Vizag/Gangavaram),2800,469,438.42,1,6.86
2024-08-14,Kalimantan (Indonesia),Indian East Coast (Paradip/Vizag/Gangavaram),2800,448,440.27,1,7.47
2024-08-15,Kalimantan (Indonesia),Indian East Coast (Paradip/Vizag/Gangavaram),2800,458,439.54,1,7.77
2024-08-16,Kalimantan (Indonesia),Indian East Coast (Paradip/Vizag/Gangavaram),2800,400,443.95,1,6.84
2024-08-17,Kalimantan (Indonesia),Indian East Coast (Paradip/Vizag/Gangavaram),2800,410,444.19,1,6.91
2024-08-18,Kalimantan (Indonesia),Indian East Coast (Paradip/Vizag/Gangavaram),2800,476,444.52,1,7.05
2024-08-19,Kalimantan (Indonesia),Indian East Coast (Paradip/Vizag/Gangavaram),2800,503,441.64,1,8.03
2024-08-20,Kalimantan (Indonesia),Indian East Coast (Paradip/Vizag/Gangavaram),2800,425,442.39,1,7.81
2024-08-21,Kalimantan (Indonesia),Indian East Coast (Paradip/Vizag/Gangavaram),2800,431,441.63,1,6.99
2024-08-22,Kalimantan (Indonesia),Indian East Coast (Paradip/Vizag/Gangavaram),2800,485,439.59,1,7.14
2024-08-23,Kalimantan (Indonesia),Indian East Coast (Paradip/Vizag/Gangavaram),2800,400,437.09,1,7.36
2024-08-24,Kalimantan (Indonesia),Indian East Coast (Paradip/Vizag/Gangavaram),2800,400,443.98,1,7.24
2024-08-25,Kalimantan (Indonesia),Indian East Coast (Paradip/Vizag/Gangavaram),2800,412,442.9,1,7.12
2024-08-26,Kalimantan (Indonesia),Indian East Coast (Paradip/Vizag/Gangavaram),2800,441,438.57,1,7.58
2024-08-27,Kalimantan (Indonesia),Indian East Coast (Paradip/Vizag/Gangavaram),2800,476,436.31,1,6.77
2024-08-28,Kalimantan (Indonesia),Indian East Coast (Paradip/Vizag/Gangavaram),2800,591,435.81,1,7.98
2024-08-29,Kalimantan (Indonesia),Indian East Coast (Paradip/Vizag/Gangavaram),2800,625,436.95,1,7.5
2024-08-30,Kalimantan (Indonesia),Indian East Coast (Paradip/Vizag/Gangavaram),2800,668,438.11,1,8.37
2024-08-31,Kalimantan (Indonesia),Indian East Coast (Paradip/Vizag/Gangavaram),2800,823,439.61,1,7.85
2024-09-01,Kalimantan (Indonesia),Indian East Coast (Paradip/Vizag/Gangavaram),2800,811,437.52,1,8.25
2024-09-02,Kalimantan (Indonesia),Indian East Coast (Paradip/Vizag/Gangavaram),2800,769,438.12,1,8.88
2024-09-03,Kalimantan (Indonesia),Indian East Coast (Paradip/Vizag/Gangavaram),2800,795,435.41,1,8.33
2024-09-04,Kalimantan (Indonesia),Indian East Coast (Paradip/Vizag/Gangavaram),2800,821,433.4,1,8.87
2024-09-05,Kalimantan (Indonesia),Indian East Coast (Paradip/Vizag/Gangavaram),2800,793,430.59,1,8.6
2024-09-06,Kalimantan (Indonesia),Indian East Coast (Paradip/Vizag/Gangavaram),2800,739,427.05,1,8.09
2024-09-07,Kalimantan (Indonesia),Indian East Coast (Paradip/Vizag/Gangavaram),2800,870,429.64,1,8.69
2024-09-08,Kalimantan (Indonesia),Indian East Coast (Paradip/Vizag/Gangavaram),2800,888,431.22,1,8.27
2024-09-09,Kalimantan (Indonesia),Indian East Coast (Paradip/Vizag/Gangavaram),2800,847,433.58,1,8.21
2024-09-10,Kalimantan (Indonesia),Indian East Coast (Paradip/Vizag/Gangavaram),2800,898,433.4,1,9.16
2024-09-11,Kalimantan (Indonesia),Indian East Coast (Paradip/Vizag/Gangavaram),2800,892,435.23,1,8.6
2024-09-12,Kalimantan (Indonesia),Indian East Coast (Paradip/Vizag/Gangavaram),2800,878,430.17,1,8.95
2024-09-13,Kalimantan (Indonesia),Indian East Coast (Paradip/Vizag/Gangavaram),2800,909,432.24,1,8.36
2024-09-14,Kalimantan (Indonesia),Indian East Coast (Paradip/Vizag/Gangavaram),2800,838,432.46,1,8.43
2024-09-15,Kalimantan (Indonesia),Indian East Coast (Paradip/Vizag/Gangavaram),2800,859,433.91,1,8.79
2024-09-16,Kalimantan (Indonesia),Indian East Coast (Paradip/Vizag/Gangavaram),2800,966,434.68,1,8.41
2024-09-17,Kalimantan (Indonesia),Indian East Coast (Paradip/Vizag/Gangavaram),2800,990,431.75,1,8.71
2024-09-18,Kalimantan (Indonesia),Indian East Coast (Paradip/Vizag/Gangavaram),2800,967,427.43,1,9.2
2024-09-19,Kalimantan (Indonesia),Indian East Coast (Paradip/Vizag/Gangavaram),2800,937,425.26,1,8.96
2024-09-20,Kalimantan (Indonesia),Indian East Coast (Paradip/Vizag/Gangavaram),2800,914,426.56,1,8.08
2024-09-21,Kalimantan (Indonesia),Indian East Coast (Paradip/Vizag/Gangavaram),2800,901,428.21,1,8.79
2024-09-22,Kalimantan (Indonesia),Indian East Coast (Paradip/Vizag/Gangavaram),2800,882,424.27,1,8.67
2024-09-23,Kalimantan (Indonesia),Indian East Coast (Paradip/Vizag/Gangavaram),2800,934,421.39,1,8.58
2024-09-24,Kalimantan (Indonesia),Indian East Coast (Paradip/Vizag/Gangavaram),2800,839,419.21,1,7.6
2024-09-25,Kalimantan (Indonesia),Indian East Coast (Paradip/Vizag/Gangavaram),2800,891,418.03,1,8.94
2024-09-26,Kalimantan (Indonesia),Indian East Coast (Paradip/Vizag/Gangavaram),2800,872,414.13,1,7.94
2024-09-27,Kalimantan (Indonesia),Indian East Coast (Paradip/Vizag/Gangavaram),2800,896,410.07,1,8.35
2024-09-28,Kalimantan (Indonesia),Indian East Coast (Paradip/Vizag/Gangavaram),2800,837,407.65,1,8.33
2024-09-29,Kalimantan (Indonesia),Indian East Coast (Paradip/Vizag/Gangavaram),2800,915,407.7,1,8.69
2024-09-30,Kalimantan (Indonesia),Indian East Coast (Paradip/Vizag/Gangavaram),2800,986,404.31,1,8.96
2024-10-01,Kalimantan (Indonesia),Indian East Coast (Paradip/Vizag/Gangavaram),2800,1038,403.83,0,8.04
2024-10-02,Kalimantan (Indonesia),Indian East Coast (Paradip/Vizag/Gangavaram),2800,953,406.54,0,8.12
2024-10-03,Kalimantan (Indonesia),Indian East Coast (Paradip/Vizag/Gangavaram),2800,1001,402.84,0,8.05
2024-10-04,Kalimantan (Indonesia),Indian East Coast (Paradip/Vizag/Gangavaram),2800,1023,402.13,0,8.1
2024-10-05,Kalimantan (Indonesia),Indian East Coast (Paradip/Vizag/Gangavaram),2800,934,404.77,0,7.36
2024-10-06,Kalimantan (Indonesia),Indian East Coast (Paradip/Vizag/Gangavaram),2800,936,403.49,0,7.38
2024-10-07,Kalimantan (Indonesia),Indian East Coast (Paradip/Vizag/Gangavaram),2800,959,401.79,0,7.58
2024-10-08,Kalimantan (Indonesia),Indian East Coast (Paradip/Vizag/Gangavaram),2800,992,404.82,0,7.84
2024-10-09,Kalimantan (Indonesia),Indian East Coast (Paradip/Vizag/Gangavaram),2800,1003,403.87,0,7.23
2024-10-10,Kalimantan (Indonesia),Indian East Coast (Paradip/Vizag/Gangavaram),2800,1020,406.75,0,7.57
2024-10-11,Kalimantan (Indonesia),Indian East Coast (Paradip/Vizag/Gangavaram),2800,1102,407.8,0,7.58
2024-10-12,Kalimantan (Indonesia),Indian East Coast (Paradip/Vizag/Gangavaram),2800,1168,406.76,0,8.37
2024-10-13,Kalimantan (Indonesia),Indian East Coast (Paradip/Vizag/Gangavaram),2800,1006,407.97,0,7.5
2024-10-14,Kalimantan (Indonesia),Indian East Coast (Paradip/Vizag/Gangavaram),2800,991,408.74,0,7.37
2024-10-15,Kalimantan (Indonesia),Indian East Coast (Paradip/Vizag/Gangavaram),2800,984,411.43,0,7.59
2024-10-16,Kalimantan (Indonesia),Indian East Coast (Paradip/Vizag/Gangavaram),2800,891,409.85,0,7.12
2024-10-17,Kalimantan (Indonesia),Indian East Coast (Paradip/Vizag/Gangavaram),2800,903,409.89,0,7.46
2024-10-18,Kalimantan (Indonesia),Indian East Coast (Paradip/Vizag/Gangavaram),2800,978,409.65,0,7.75
2024-10-19,Kalimantan (Indonesia),Indian East Coast (Paradip/Vizag/Gangavaram),2800,922,411.5,0,7.66
2024-10-20,Kalimantan (Indonesia),Indian East Coast (Paradip/Vizag/Gangavaram),2800,947,408.65,0,7.37
2024-10-21,Kalimantan (Indonesia),Indian East Coast (Paradip/Vizag/Gangavaram),2800,902,411.36,0,7.42
2024-10-22,Kalimantan (Indonesia),Indian East Coast (Paradip/Vizag/Gangavaram),2800,872,412.58,0,7.18
2024-10-23,Kalimantan (Indonesia),Indian East Coast (Paradip/Vizag/Gangavaram),2800,962,408.95,0,7.53
2024-10-24,Kalimantan (Indonesia),Indian East Coast (Paradip/Vizag/Gangavaram),2800,938,412.2,0,7.43
2024-10-25,Kalimantan (Indonesia),Indian East Coast (Paradip/Vizag/Gangavaram),2800,970,418.24,0,7.75
2024-10-26,Kalimantan (Indonesia),Indian East Coast (Paradip/Vizag/Gangavaram),2800,873,420.94,0,7.53
2024-10-27,Kalimantan (Indonesia),Indian East Coast (Paradip/Vizag/Gangavaram),2800,985,424.8,0,7.9
2024-10-28,Kalimantan (Indonesia),Indian East Coast (Paradip/Vizag/Gangavaram),2800,1024,425.02,0,7.73
2024-10-29,Kalimantan (Indonesia),Indian East Coast (Paradip/Vizag/Gangavaram),2800,1019,420.49,0,7.91
2024-10-30,Kalimantan (Indonesia),Indian East Coast (Paradip/Vizag/Gangavaram),2800,1055,415.47,0,8.02
2024-10-31,Kalimantan (Indonesia),Indian East Coast (Paradip/Vizag/Gangavaram),2800,982,416.17,0,7.89
2024-11-01,Kalimantan (Indonesia),Indian East Coast (Paradip/Vizag/Gangavaram),2800,1053,414.57,0,7.59
2024-11-02,Kalimantan (Indonesia),Indian East Coast (Paradip/Vizag/Gangavaram),2800,1040,412.1,0,7.91
2024-11-03,Kalimantan (Indonesia),Indian East Coast (Paradip/Vizag/Gangavaram),2800,1034,411.95,0,7.44
2024-11-04,Kalimantan (Indonesia),Indian East Coast (Paradip/Vizag/Gangavaram),2800,1013,413.65,0,7.46
2024-11-05,Kalimantan (Indonesia),Indian East Coast (Paradip/Vizag/Gangavaram),2800,987,409.73,0,7.59
2024-11-06,Kalimantan (Indonesia),Indian East Coast (Paradip/Vizag/Gangavaram),2800,1033,408.55,0,7.55
2024-11-07,Kalimantan (Indonesia),Indian East Coast (Paradip/Vizag/Gangavaram),2800,1054,412.7,0,7.67
2024-11-08,Kalimantan (Indonesia),Indian East Coast (Paradip/Vizag/Gangavaram),2800,1095,409.82,0,8.01
2024-11-09,Kalimantan (Indonesia),Indian East Coast (Paradip/Vizag/Gangavaram),2800,1100,412.24,0,7.44
2024-11-10,Kalimantan (Indonesia),Indian East Coast (Paradip/Vizag/Gangavaram),2800,1132,410.99,0,7.81
2024-11-11,Kalimantan (Indonesia),Indian East Coast (Paradip/Vizag/Gangavaram),2800,1113,412.54,0,7.8
2024-11-12,Kalimantan (Indonesia),Indian East Coast (Paradip/Vizag/Gangavaram),2800,1241,415.6,0,8.74
2024-11-13,Kalimantan (Indonesia),Indian East Coast (Paradip/Vizag/Gangavaram),2800,1155,417.69,0,8.04
2024-11-14,Kalimantan (Indonesia),Indian East Coast (Paradip/Vizag/Gangavaram),2800,1228,420.25,0,8.43
2024-11-15,Kalimantan (Indonesia),Indian East Coast (Paradip/Vizag/Gangavaram),2800,1305,417.21,0,8.65
2024-11-16,Kalimantan (Indonesia),Indian East Coast (Paradip/Vizag/Gangavaram),2800,1257,420.33,0,8.69
2024-11-17,Kalimantan (Indonesia),Indian East Coast (Paradip/Vizag/Gangavaram),2800,1380,418.12,0,9.31
2024-11-18,Kalimantan (Indonesia),Indian East Coast (Paradip/Vizag/Gangavaram),2800,1432,418.93,0,8.41
2024-11-19,Kalimantan (Indonesia),Indian East Coast (Paradip/Vizag/Gangavaram),2800,1480,419.75,0,9.35
2024-11-20,Kalimantan (Indonesia),Indian East Coast (Paradip/Vizag/Gangavaram),2800,1476,421.19,0,9.64
2024-11-21,Kalimantan (Indonesia),Indian East Coast (Paradip/Vizag/Gangavaram),2800,1458,422.23,0,9.14
2024-11-22,Kalimantan (Indonesia),Indian East Coast (Paradip/Vizag/Gangavaram),2800,1441,420.06,0,9.04
2024-11-23,Kalimantan (Indonesia),Indian East Coast (Paradip/Vizag/Gangavaram),2800,1459,416.53,0,8.07
2024-11-24,Kalimantan (Indonesia),Indian East Coast (Paradip/Vizag/Gangavaram),2800,1531,419.05,0,9.01
2024-11-25,Kalimantan (Indonesia),Indian East Coast (Paradip/Vizag/Gangavaram),2800,1534,419.7,0,9.48
2024-11-26,Kalimantan (Indonesia),Indian East Coast (Paradip/Vizag/Gangavaram),2800,1478,422.98,0,9.44
2024-11-27,Kalimantan (Indonesia),Indian East Coast (Paradip/Vizag/Gangavaram),2800,1518,423.02,0,9.32
2024-11-28,Kalimantan (Indonesia),Indian East Coast (Paradip/Vizag/Gangavaram),2800,1563,419.36,0,9.29
2024-11-29,Kalimantan (Indonesia),Indian East Coast (Paradip/Vizag/Gangavaram),2800,1593,422.16,0,10.19
2024-11-30,Kalimantan (Indonesia),Indian East Coast (Paradip/Vizag/Gangavaram),2800,1626,421.33,0,9.62
2024-12-01,Kalimantan (Indonesia),Indian East Coast (Paradip/Vizag/Gangavaram),2800,1602,422.45,0,9.21
2024-12-02,Kalimantan (Indonesia),Indian East Coast (Paradip/Vizag/Gangavaram),2800,1543,420.88,0,9.77
2024-12-03,Kalimantan (Indonesia),Indian East Coast (Paradip/Vizag/Gangavaram),2800,1490,425.54,0,8.81
2024-12-04,Kalimantan (Indonesia),Indian East Coast (Paradip/Vizag/Gangavaram),2800,1397,423.36,0,8.5
2024-12-05,Kalimantan (Indonesia),Indian East Coast (Paradip/Vizag/Gangavaram),2800,1411,422.65,0,8.97
2024-12-06,Kalimantan (Indonesia),Indian East Coast (Paradip/Vizag/Gangavaram),2800,1406,423.15,0,8.83
2024-12-07,Kalimantan (Indonesia),Indian East Coast (Paradip/Vizag/Gangavaram),2800,1382,420.4,0,8.83
2024-12-08,Kalimantan (Indonesia),Indian East Coast (Paradip/Vizag/Gangavaram),2800,1221,421.52,0,8.76
2024-12-09,Kalimantan (Indonesia),Indian East Coast (Paradip/Vizag/Gangavaram),2800,1160,426.14,0,8.5
2024-12-10,Kalimantan (Indonesia),Indian East Coast (Paradip/Vizag/Gangavaram),2800,1232,425.04,0,8.45
2024-12-11,Kalimantan (Indonesia),Indian East Coast (Paradip/Vizag/Gangavaram),2800,1203,426.35,0,8.81
2024-12-12,Kalimantan (Indonesia),Indian East Coast (Paradip/Vizag/Gangavaram),2800,1231,419.12,0,8.03
2024-12-13,Kalimantan (Indonesia),Indian East Coast (Paradip/Vizag/Gangavaram),2800,1163,419.27,0,8.16
2024-12-14,Kalimantan (Indonesia),Indian East Coast (Paradip/Vizag/Gangavaram),2800,1253,418.67,0,8.87
2024-12-15,Kalimantan (Indonesia),Indian East Coast (Paradip/Vizag/Gangavaram),2800,1253,416.71,0,8.75
2024-12-16,Kalimantan (Indonesia),Indian East Coast (Paradip/Vizag/Gangavaram),2800,1277,419.92,0,9.16
2024-12-17,Kalimantan (Indonesia),Indian East Coast (Paradip/Vizag/Gangavaram),2800,1412,419.31,0,10.07
2024-12-18,Kalimantan (Indonesia),Indian East Coast (Paradip/Vizag/Gangavaram),2800,1498,419.1,0,9.93
2024-12-19,Kalimantan (Indonesia),Indian East Coast (Paradip/Vizag/Gangavaram),2800,1482,418.36,0,9.84
2024-12-20,Kalimantan (Indonesia),Indian East Coast (Paradip/Vizag/Gangavaram),2800,1450,413.44,0,9.83
2024-12-21,Kalimantan (Indonesia),Indian East Coast (Paradip/Vizag/Gangavaram),2800,1435,410.66,0,10.53
2024-12-22,Kalimantan (Indonesia),Indian East Coast (Paradip/Vizag/Gangavaram),2800,1466,413.57,0,10.76
2024-12-23,Kalimantan (Indonesia),Indian East Coast (Paradip/Vizag/Gangavaram),2800,1462,408.14,0,10.27
2024-12-24,Kalimantan (Indonesia),Indian East Coast (Paradip/Vizag/Gangavaram),2800,1443,406.37,0,10.04
2024-12-25,Kalimantan (Indonesia),Indian East Coast (Paradip/Vizag/Gangavaram),2800,1528,405.6,0,10.47
2024-12-26,Kalimantan (Indonesia),Indian East Coast (Paradip/Vizag/Gangavaram),2800,1522,410.67,0,10.8
2024-12-27,Kalimantan (Indonesia),Indian East Coast (Paradip/Vizag/Gangavaram),2800,1650,413.09,0,11.14
2024-12-28,Kalimantan (Indonesia),Indian East Coast (Paradip/Vizag/Gangavaram),2800,1652,411.91,0,11.0
2024-12-29,Kalimantan (Indonesia),Indian East Coast (Paradip/Vizag/Gangavaram),2800,1748,415.8,0,11.47
2024-12-30,Kalimantan (Indonesia),Indian East Coast (Paradip/Vizag/Gangavaram),2800,1761,414.13,0,11.41
2024-12-31,Kalimantan (Indonesia),Indian East Coast (Paradip/Vizag/Gangavaram),2800,1808,417.22,0,11.81
2025-01-01,Kalimantan (Indonesia),Indian East Coast (Paradip/Vizag/Gangavaram),2800,1761,413.89,0,12.14
2025-01-02,Kalimantan (Indonesia),Indian East Coast (Paradip/Vizag/Gangavaram),2800,1708,417.17,0,12.27
2025-01-03,Kalimantan (Indonesia),Indian East Coast (Paradip/Vizag/Gangavaram),2800,1730,416.43,0,11.9
2025-01-04,Kalimantan (Indonesia),Indian East Coast (Paradip/Vizag/Gangavaram),2800,1781,414.0,0,12.13
2025-01-05,Kalimantan (Indonesia),Indian East Coast (Paradip/Vizag/Gangavaram),2800,1777,413.79,0,12.32
2025-01-06,Kalimantan (Indonesia),Indian East Coast (Paradip/Vizag/Gangavaram),2800,1701,414.93,0,12.66
2025-01-07,Kalimantan (Indonesia),Indian East Coast (Paradip/Vizag/Gangavaram),2800,1624,413.97,0,11.7
2025-01-08,Kalimantan (Indonesia),Indian East Coast (Paradip/Vizag/Gangavaram),2800,1547,415.87,0,11.44
2025-01-09,Kalimantan (Indonesia),Indian East Coast (Paradip/Vizag/Gangavaram),2800,1453,414.69,0,11.13
2025-01-10,Kalimantan (Indonesia),Indian East Coast (Paradip/Vizag/Gangavaram),2800,1466,416.78,0,11.02
2025-01-11,Kalimantan (Indonesia),Indian East Coast (Paradip/Vizag/Gangavaram),2800,1535,418.39,0,11.81
2025-01-12,Kalimantan (Indonesia),Indian East Coast (Paradip/Vizag/Gangavaram),2800,1539,418.64,0,11.44
2025-01-13,Kalimantan (Indonesia),Indian East Coast (Paradip/Vizag/Gangavaram),2800,1420,417.86,0,10.54
2025-01-14,Kalimantan (Indonesia),Indian East Coast (Paradip/Vizag/Gangavaram),2800,1418,418.7,0,10.9
2025-01-15,Kalimantan (Indonesia),Indian East Coast (Paradip/Vizag/Gangavaram),2800,1419,420.63,0,10.77
2025-01-16,Kalimantan (Indonesia),Indian East Coast (Paradip/Vizag/Gangavaram),2800,1544,426.67,0,10.53
2025-01-17,Kalimantan (Indonesia),Indian East Coast (Paradip/Vizag/Gangavaram),2800,1470,429.67,0,10.73
2025-01-18,Kalimantan (Indonesia),Indian East Coast (Paradip/Vizag/Gangavaram),2800,1457,432.77,0,11.0
2025-01-19,Kalimantan (Indonesia),Indian East Coast (Paradip/Vizag/Gangavaram),2800,1560,441.62,0,10.87
2025-01-20,Kalimantan (Indonesia),Indian East Coast (Paradip/Vizag/Gangavaram),2800,1590,443.48,0,10.52
2025-01-21,Kalimantan (Indonesia),Indian East Coast (Paradip/Vizag/Gangavaram),2800,1626,445.26,0,11.14
2025-01-22,Kalimantan (Indonesia),Indian East Coast (Paradip/Vizag/Gangavaram),2800,1636,447.64,0,11.5
2025-01-23,Kalimantan (Indonesia),Indian East Coast (Paradip/Vizag/Gangavaram),2800,1658,445.36,0,11.5
2025-01-24,Kalimantan (Indonesia),Indian East Coast (Paradip/Vizag/Gangavaram),2800,1705,444.63,0,11.53
2025-01-25,Kalimantan (Indonesia),Indian East Coast (Paradip/Vizag/Gangavaram),2800,1662,443.74,0,11.22
2025-01-26,Kalimantan (Indonesia),Indian East Coast (Paradip/Vizag/Gangavaram),2800,1714,445.98,0,11.1
2025-01-27,Kalimantan (Indonesia),Indian East Coast (Paradip/Vizag/Gangavaram),2800,1640,446.0,0,10.1
2025-01-28,Kalimantan (Indonesia),Indian East Coast (Paradip/Vizag/Gangavaram),2800,1663,446.87,0,10.7
2025-01-29,Kalimantan (Indonesia),Indian East Coast (Paradip/Vizag/Gangavaram),2800,1678,450.33,0,10.92
2025-01-30,Kalimantan (Indonesia),Indian East Coast (Paradip/Vizag/Gangavaram),2800,1648,453.18,0,10.84
2025-01-31,Kalimantan (Indonesia),Indian East Coast (Paradip/Vizag/Gangavaram),2800,1652,453.25,0,10.47
2025-02-01,Kalimantan (Indonesia),Indian East Coast (Paradip/Vizag/Gangavaram),2800,1623,451.94,0,10.65
2025-02-02,Kalimantan (Indonesia),Indian East Coast (Paradip/Vizag/Gangavaram),2800,1571,455.55,0,10.88
2025-02-03,Kalimantan (Indonesia),Indian East Coast (Paradip/Vizag/Gangavaram),2800,1560,458.18,0,10.18
2025-02-04,Kalimantan (Indonesia),Indian East Coast (Paradip/Vizag/Gangavaram),2800,1508,454.34,0,9.93
2025-02-05,Kalimantan (Indonesia),Indian East Coast (Paradip/Vizag/Gangavaram),2800,1538,454.02,0,9.7
2025-02-06,Kalimantan (Indonesia),Indian East Coast (Paradip/Vizag/Gangavaram),2800,1485,455.01,0,9.62
2025-02-07,Kalimantan (Indonesia),Indian East Coast (Paradip/Vizag/Gangavaram),2800,1537,457.67,0,9.48
2025-02-08,Kalimantan (Indonesia),Indian East Coast (Paradip/Vizag/Gangavaram),2800,1483,460.7,0,9.88
2025-02-09,Kalimantan (Indonesia),Indian East Coast (Paradip/Vizag/Gangavaram),2800,1465,462.02,0,9.34
2025-02-10,Kalimantan (Indonesia),Indian East Coast (Paradip/Vizag/Gangavaram),2800,1444,464.17,0,9.25
2025-02-11,Kalimantan (Indonesia),Indian East Coast (Paradip/Vizag/Gangavaram),2800,1532,464.9,0,8.89
2025-02-12,Kalimantan (Indonesia),Indian East Coast (Paradip/Vizag/Gangavaram),2800,1562,463.64,0,9.58
2025-02-13,Kalimantan (Indonesia),Indian East Coast (Paradip/Vizag/Gangavaram),2800,1562,463.5,0,9.94
2025-02-14,Kalimantan (Indonesia),Indian East Coast (Paradip/Vizag/Gangavaram),2800,1601,464.12,0,10.03
2025-02-15,Kalimantan (Indonesia),Indian East Coast (Paradip/Vizag/Gangavaram),2800,1495,464.61,0,9.65
2025-02-16,Kalimantan (Indonesia),Indian East Coast (Paradip/Vizag/Gangavaram),2800,1507,460.06,0,9.62
2025-02-17,Kalimantan (Indonesia),Indian East Coast (Paradip/Vizag/Gangavaram),2800,1631,459.57,0,10.12
2025-02-18,Kalimantan (Indonesia),Indian East Coast (Paradip/Vizag/Gangavaram),2800,1648,460.32,0,10.13
2025-02-19,Kalimantan (Indonesia),Indian East Coast (Paradip/Vizag/Gangavaram),2800,1661,460.15,0,10.15
2025-02-20,Kalimantan (Indonesia),Indian East Coast (Paradip/Vizag/Gangavaram),2800,1701,460.08,0,9.95
2025-02-21,Kalimantan (Indonesia),Indian East Coast (Paradip/Vizag/Gangavaram),2800,1758,462.01,0,10.04
2025-02-22,Kalimantan (Indonesia),Indian East Coast (Paradip/Vizag/Gangavaram),2800,1655,459.68,0,9.75
2025-02-23,Kalimantan (Indonesia),Indian East Coast (Paradip/Vizag/Gangavaram),2800,1572,455.87,0,9.46
2025-02-24,Kalimantan (Indonesia),Indian East Coast (Paradip/Vizag/Gangavaram),2800,1597,455.54,0,9.16
2025-02-25,Kalimantan (Indonesia),Indian East Coast (Paradip/Vizag/Gangavaram),2800,1570,458.24,0,9.0
2025-02-26,Kalimantan (Indonesia),Indian East Coast (Paradip/Vizag/Gangavaram),2800,1656,463.46,0,9.92
2025-02-27,Kalimantan (Indonesia),Indian East Coast (Paradip/Vizag/Gangavaram),2800,1650,466.21,0,10.37
2025-02-28,Kalimantan (Indonesia),Indian East Coast (Paradip/Vizag/Gangavaram),2800,1555,462.85,0,9.76
2025-03-01,Kalimantan (Indonesia),Indian East Coast (Paradip/Vizag/Gangavaram),2800,1500,462.86,0,10.36
2025-03-02,Kalimantan (Indonesia),Indian East Coast (Paradip/Vizag/Gangavaram),2800,1366,464.2,0,8.89
2025-03-03,Kalimantan (Indonesia),Indian East Coast (Paradip/Vizag/Gangavaram),2800,1375,465.33,0,9.48
2025-03-04,Kalimantan (Indonesia),Indian East Coast (Paradip/Vizag/Gangavaram),2800,1386,467.45,0,9.41
2025-03-05,Kalimantan (Indonesia),Indian East Coast (Paradip/Vizag/Gangavaram),2800,1384,465.61,0,9.34
2025-03-06,Kalimantan (Indonesia),Indian East Coast (Paradip/Vizag/Gangavaram),2800,1466,466.44,0,9.77
2025-03-07,Kalimantan (Indonesia),Indian East Coast (Paradip/Vizag/Gangavaram),2800,1551,468.25,0,9.99
2025-03-08,Kalimantan (Indonesia),Indian East Coast (Paradip/Vizag/Gangavaram),2800,1558,471.16,0,9.64
2025-03-09,Kalimantan (Indonesia),Indian East Coast (Paradip/Vizag/Gangavaram),2800,1457,469.64,0,9.98
2025-03-10,Kalimantan (Indonesia),Indian East Coast (Paradip/Vizag/Gangavaram),2800,1511,469.37,0,9.88
2025-03-11,Kalimantan (Indonesia),Indian East Coast (Paradip/Vizag/Gangavaram),2800,1560,462.69,0,9.29
2025-03-12,Kalimantan (Indonesia),Indian East Coast (Paradip/Vizag/Gangavaram),2800,1594,461.68,0,9.71
2025-03-13,Kalimantan (Indonesia),Indian East Coast (Paradip/Vizag/Gangavaram),2800,1663,460.94,0,9.51
2025-03-14,Kalimantan (Indonesia),Indian East Coast (Paradip/Vizag/Gangavaram),2800,1613,458.85,0,10.25
2025-03-15,Kalimantan (Indonesia),Indian East Coast (Paradip/Vizag/Gangavaram),2800,1739,460.0,0,10.43
2025-03-16,Kalimantan (Indonesia),Indian East Coast (Paradip/Vizag/Gangavaram),2800,1698,460.54,0,10.38
2025-03-17,Kalimantan (Indonesia),Indian East Coast (Paradip/Vizag/Gangavaram),2800,1752,455.09,0,10.05
2025-03-18,Kalimantan (Indonesia),Indian East Coast (Paradip/Vizag/Gangavaram),2800,1670,456.38,0,9.56
2025-03-19,Kalimantan (Indonesia),Indian East Coast (Paradip/Vizag/Gangavaram),2800,1633,454.56,0,10.72
2025-03-20,Kalimantan (Indonesia),Indian East Coast (Paradip/Vizag/Gangavaram),2800,1733,456.59,0,10.15
2025-03-21,Kalimantan (Indonesia),Indian East Coast (Paradip/Vizag/Gangavaram),2800,1731,453.82,0,9.53
2025-03-22,Kalimantan (Indonesia),Indian East Coast (Paradip/Vizag/Gangavaram),2800,1790,454.62,0,10.45
2025-03-23,Kalimantan (Indonesia),Indian East Coast (Paradip/Vizag/Gangavaram),2800,1813,454.56,0,10.75
2025-03-24,Kalimantan (Indonesia),Indian East Coast (Paradip/Vizag/Gangavaram),2800,1818,456.11,0,10.26
2025-03-25,Kalimantan (Indonesia),Indian East Coast (Paradip/Vizag/Gangavaram),2800,1903,457.18,0,10.46
2025-03-26,Kalimantan (Indonesia),Indian East Coast (Paradip/Vizag/Gangavaram),2800,1897,457.21,0,10.88
2025-03-27,Kalimantan (Indonesia),Indian East Coast (Paradip/Vizag/Gangavaram),2800,1807,453.77,0,9.7
2025-03-28,Kalimantan (Indonesia),Indian East Coast (Paradip/Vizag/Gangavaram),2800,1774,450.48,0,9.77
2025-03-29,Kalimantan (Indonesia),Indian East Coast (Paradip/Vizag/Gangavaram),2800,1817,449.63,0,10.85
2025-03-30,Kalimantan (Indonesia),Indian East Coast (Paradip/Vizag/Gangavaram),2800,1850,450.35,0,10.4
2025-03-31,Kalimantan (Indonesia),Indian East Coast (Paradip/Vizag/Gangavaram),2800,1773,449.44,0,9.5
2025-04-01,Kalimantan (Indonesia),Indian East Coast (Paradip/Vizag/Gangavaram),2800,1747,451.89,0,9.69
2025-04-02,Kalimantan (Indonesia),Indian East Coast (Paradip/Vizag/Gangavaram),2800,1729,451.88,0,10.32
2025-04-03,Kalimantan (Indonesia),Indian East Coast (Paradip/Vizag/Gangavaram),2800,1723,450.01,0,9.6
2025-04-04,Kalimantan (Indonesia),Indian East Coast (Paradip/Vizag/Gangavaram),2800,1663,450.01,0,10.19
2025-04-05,Kalimantan (Indonesia),Indian East Coast (Paradip/Vizag/Gangavaram),2800,1646,451.39,0,10.46
2025-04-06,Kalimantan (Indonesia),Indian East Coast (Paradip/Vizag/Gangavaram),2800,1624,453.03,0,10.32
2025-04-07,Kalimantan (Indonesia),Indian East Coast (Paradip/Vizag/Gangavaram),2800,1685,458.91,0,10.02
2025-04-08,Kalimantan (Indonesia),Indian East Coast (Paradip/Vizag/Gangavaram),2800,1747,457.85,0,10.64
2025-04-09,Kalimantan (Indonesia),Indian East Coast (Paradip/Vizag/Gangavaram),2800,1754,458.43,0,10.8
2025-04-10,Kalimantan (Indonesia),Indian East Coast (Paradip/Vizag/Gangavaram),2800,1747,460.36,0,10.31
2025-04-11,Kalimantan (Indonesia),Indian East Coast (Paradip/Vizag/Gangavaram),2800,1770,461.07,0,10.51
2025-04-12,Kalimantan (Indonesia),Indian East Coast (Paradip/Vizag/Gangavaram),2800,1740,460.49,0,10.55
2025-04-13,Kalimantan (Indonesia),Indian East Coast (Paradip/Vizag/Gangavaram),2800,1693,457.05,0,9.6
2025-04-14,Kalimantan (Indonesia),Indian East Coast (Paradip/Vizag/Gangavaram),2800,1659,456.45,0,10.26
2025-04-15,Kalimantan (Indonesia),Indian East Coast (Paradip/Vizag/Gangavaram),2800,1643,454.32,0,9.86
2025-04-16,Kalimantan (Indonesia),Indian East Coast (Paradip/Vizag/Gangavaram),2800,1599,450.41,0,9.43
2025-04-17,Kalimantan (Indonesia),Indian East Coast (Paradip/Vizag/Gangavaram),2800,1629,449.04,0,9.68
2025-04-18,Kalimantan (Indonesia),Indian East Coast (Paradip/Vizag/Gangavaram),2800,1690,446.98,0,9.91
2025-04-19,Kalimantan (Indonesia),Indian East Coast (Paradip/Vizag/Gangavaram),2800,1621,449.36,0,9.54
2025-04-20,Kalimantan (Indonesia),Indian East Coast (Paradip/Vizag/Gangavaram),2800,1643,451.8,0,10.16
2025-04-21,Kalimantan (Indonesia),Indian East Coast (Paradip/Vizag/Gangavaram),2800,1651,450.14,0,10.02
2025-04-22,Kalimantan (Indonesia),Indian East Coast (Paradip/Vizag/Gangavaram),2800,1690,450.24,0,10.14
2025-04-23,Kalimantan (Indonesia),Indian East Coast (Paradip/Vizag/Gangavaram),2800,1709,445.99,0,9.49
2025-04-24,Kalimantan (Indonesia),Indian East Coast (Paradip/Vizag/Gangavaram),2800,1647,445.45,0,9.72
2025-04-25,Kalimantan (Indonesia),Indian East Coast (Paradip/Vizag/Gangavaram),2800,1598,447.35,0,9.85
2025-04-26,Kalimantan (Indonesia),Indian East Coast (Paradip/Vizag/Gangavaram),2800,1623,450.4,0,9.59
2025-04-27,Kalimantan (Indonesia),Indian East Coast (Paradip/Vizag/Gangavaram),2800,1701,449.28,0,10.06
2025-04-28,Kalimantan (Indonesia),Indian East Coast (Paradip/Vizag/Gangavaram),2800,1598,452.95,0,9.65
2025-04-29,Kalimantan (Indonesia),Indian East Coast (Paradip/Vizag/Gangavaram),2800,1640,449.65,0,10.12
2025-04-30,Kalimantan (Indonesia),Indian East Coast (Paradip/Vizag/Gangavaram),2800,1727,447.07,0,9.81
2025-05-01,Kalimantan (Indonesia),Indian East Coast (Paradip/Vizag/Gangavaram),2800,1738,449.83,0,9.71
2025-05-02,Kalimantan (Indonesia),Indian East Coast (Paradip/Vizag/Gangavaram),2800,1786,455.2,0,10.78
2025-05-03,Kalimantan (Indonesia),Indian East Coast (Paradip/Vizag/Gangavaram),2800,1764,457.36,0,10.16
2025-05-04,Kalimantan (Indonesia),Indian East Coast (Paradip/Vizag/Gangavaram),2800,1775,458.08,0,9.87
2025-05-05,Kalimantan (Indonesia),Indian East Coast (Paradip/Vizag/Gangavaram),2800,1704,452.94,0,10.15
2025-05-06,Kalimantan (Indonesia),Indian East Coast (Paradip/Vizag/Gangavaram),2800,1595,448.27,0,9.89
2025-05-07,Kalimantan (Indonesia),Indian East Coast (Paradip/Vizag/Gangavaram),2800,1670,449.45,0,9.53
2025-05-08,Kalimantan (Indonesia),Indian East Coast (Paradip/Vizag/Gangavaram),2800,1638,449.31,0,10.22
2025-05-09,Kalimantan (Indonesia),Indian East Coast (Paradip/Vizag/Gangavaram),2800,1635,447.14,0,9.83
2025-05-10,Kalimantan (Indonesia),Indian East Coast (Paradip/Vizag/Gangavaram),2800,1582,448.16,0,9.91
2025-05-11,Kalimantan (Indonesia),Indian East Coast (Paradip/Vizag/Gangavaram),2800,1529,449.31,0,9.02
2025-05-12,Kalimantan (Indonesia),Indian East Coast (Paradip/Vizag/Gangavaram),2800,1546,452.72,0,9.84
2025-05-13,Kalimantan (Indonesia),Indian East Coast (Paradip/Vizag/Gangavaram),2800,1532,453.93,0,9.17
2025-05-14,Kalimantan (Indonesia),Indian East Coast (Paradip/Vizag/Gangavaram),2800,1579,458.12,0,9.09
2025-05-15,Kalimantan (Indonesia),Indian East Coast (Paradip/Vizag/Gangavaram),2800,1629,458.98,0,10.2
2025-05-16,Kalimantan (Indonesia),Indian East Coast (Paradip/Vizag/Gangavaram),2800,1671,459.52,0,9.53
2025-05-17,Kalimantan (Indonesia),Indian East Coast (Paradip/Vizag/Gangavaram),2800,1706,463.26,0,10.08
2025-05-18,Kalimantan (Indonesia),Indian East Coast (Paradip/Vizag/Gangavaram),2800,1814,461.45,0,10.81
2025-05-19,Kalimantan (Indonesia),Indian East Coast (Paradip/Vizag/Gangavaram),2800,1772,469.95,0,9.99
2025-05-20,Kalimantan (Indonesia),Indian East Coast (Paradip/Vizag/Gangavaram),2800,1788,471.82,0,10.3
2025-05-21,Kalimantan (Indonesia),Indian East Coast (Paradip/Vizag/Gangavaram),2800,1869,473.71,0,10.67
2025-05-22,Kalimantan (Indonesia),Indian East Coast (Paradip/Vizag/Gangavaram),2800,1954,475.99,0,10.6
2025-05-23,Kalimantan (Indonesia),Indian East Coast (Paradip/Vizag/Gangavaram),2800,1888,481.95,0,10.67
2025-05-24,Kalimantan (Indonesia),Indian East Coast (Paradip/Vizag/Gangavaram),2800,1886,484.96,0,11.08
2025-05-25,Kalimantan (Indonesia),Indian East Coast (Paradip/Vizag/Gangavaram),2800,1976,481.46,0,10.63
2025-05-26,Kalimantan (Indonesia),Indian East Coast (Paradip/Vizag/Gangavaram),2800,2016,486.13,0,11.05
2025-05-27,Kalimantan (Indonesia),Indian East Coast (Paradip/Vizag/Gangavaram),2800,2037,486.06,0,11.78
2025-05-28,Kalimantan (Indonesia),Indian East Coast (Paradip/Vizag/Gangavaram),2800,2036,487.21,0,10.85
2025-05-29,Kalimantan (Indonesia),Indian East Coast (Paradip/Vizag/Gangavaram),2800,2025,484.59,0,11.62
2025-05-30,Kalimantan (Indonesia),Indian East Coast (Paradip/Vizag/Gangavaram),2800,2051,486.88,0,11.27
2025-05-31,Kalimantan (Indonesia),Indian East Coast (Paradip/Vizag/Gangavaram),2800,2047,485.97,0,11.36
2025-06-01,Kalimantan (Indonesia),Indian East Coast (Paradip/Vizag/Gangavaram),2800,2055,487.11,1,13.68
2025-06-02,Kalimantan (Indonesia),Indian East Coast (Paradip/Vizag/Gangavaram),2800,2069,487.2,1,12.81
2025-06-03,Kalimantan (Indonesia),Indian East Coast (Paradip/Vizag/Gangavaram),2800,2041,493.3,1,13.11
2025-06-04,Kalimantan (Indonesia),Indian East Coast (Paradip/Vizag/Gangavaram),2800,2080,499.55,1,13.05
2025-06-05,Kalimantan (Indonesia),Indian East Coast (Paradip/Vizag/Gangavaram),2800,2249,500.54,1,13.57
2025-06-06,Kalimantan (Indonesia),Indian East Coast (Paradip/Vizag/Gangavaram),2800,2155,501.58,1,12.46
2025-06-07,Kalimantan (Indonesia),Indian East Coast (Paradip/Vizag/Gangavaram),2800,2179,501.43,1,13.76
2025-06-08,Kalimantan (Indonesia),Indian East Coast (Paradip/Vizag/Gangavaram),2800,2143,505.31,1,14.17
2025-06-09,Kalimantan (Indonesia),Indian East Coast (Paradip/Vizag/Gangavaram),2800,2182,505.28,1,13.47
2025-06-10,Kalimantan (Indonesia),Indian East Coast (Paradip/Vizag/Gangavaram),2800,2190,505.0,1,14.01
2025-06-11,Kalimantan (Indonesia),Indian East Coast (Paradip/Vizag/Gangavaram),2800,2237,508.53,1,13.6
2025-06-12,Kalimantan (Indonesia),Indian East Coast (Paradip/Vizag/Gangavaram),2800,2305,507.93,1,13.74
2025-06-13,Kalimantan (Indonesia),Indian East Coast (Paradip/Vizag/Gangavaram),2800,2317,508.7,1,14.9
2025-06-14,Kalimantan (Indonesia),Indian East Coast (Paradip/Vizag/Gangavaram),2800,2381,505.26,1,13.79
2025-06-15,Kalimantan (Indonesia),Indian East Coast (Paradip/Vizag/Gangavaram),2800,2251,508.04,1,13.74
2025-06-16,Kalimantan (Indonesia),Indian East Coast (Paradip/Vizag/Gangavaram),2800,2341,514.19,1,14.44
2025-06-17,Kalimantan (Indonesia),Indian East Coast (Paradip/Vizag/Gangavaram),2800,2362,517.02,1,13.49
2025-06-18,Kalimantan (Indonesia),Indian East Coast (Paradip/Vizag/Gangavaram),2800,2421,521.87,1,14.14
2025-06-19,Kalimantan (Indonesia),Indian East Coast (Paradip/Vizag/Gangavaram),2800,2351,520.43,1,14.4
2025-06-20,Kalimantan (Indonesia),Indian East Coast (Paradip/Vizag/Gangavaram),2800,2306,521.94,1,15.28
2025-06-21,Kalimantan (Indonesia),Indian East Coast (Paradip/Vizag/Gangavaram),2800,2315,520.24,1,14.84
2025-06-22,Kalimantan (Indonesia),Indian East Coast (Paradip/Vizag/Gangavaram),2800,2315,520.49,1,13.62
2025-06-23,Kalimantan (Indonesia),Indian East Coast (Paradip/Vizag/Gangavaram),2800,2332,523.46,1,14.75
2025-06-24,Kalimantan (Indonesia),Indian East Coast (Paradip/Vizag/Gangavaram),2800,2392,524.6,1,13.22
2025-06-25,Kalimantan (Indonesia),Indian East Coast (Paradip/Vizag/Gangavaram),2800,2294,521.63,1,14.04
2025-06-26,Kalimantan (Indonesia),Indian East Coast (Paradip/Vizag/Gangavaram),2800,2349,518.92,1,15.06
2025-06-27,Kalimantan (Indonesia),Indian East Coast (Paradip/Vizag/Gangavaram),2800,2350,516.03,1,15.0
2025-06-28,Kalimantan (Indonesia),Indian East Coast (Paradip/Vizag/Gangavaram),2800,2339,518.23,1,14.97
2025-06-29,Kalimantan (Indonesia),Indian East Coast (Paradip/Vizag/Gangavaram),2800,2258,524.71,1,14.02
2025-06-30,Kalimantan (Indonesia),Indian East Coast (Paradip/Vizag/Gangavaram),2800,2289,529.28,1,14.12
2025-07-01,Kalimantan (Indonesia),Indian East Coast (Paradip/Vizag/Gangavaram),2800,2158,524.98,1,13.2
2025-07-02,Kalimantan (Indonesia),Indian East Coast (Paradip/Vizag/Gangavaram),2800,2201,529.71,1,13.24
2025-07-03,Kalimantan (Indonesia),Indian East Coast (Paradip/Vizag/Gangavaram),2800,2124,533.12,1,13.21
2025-07-04,Kalimantan (Indonesia),Indian East Coast (Paradip/Vizag/Gangavaram),2800,2135,529.78,1,13.65
2025-07-05,Kalimantan (Indonesia),Indian East Coast (Paradip/Vizag/Gangavaram),2800,2136,529.82,1,13.42
2025-07-06,Kalimantan (Indonesia),Indian East Coast (Paradip/Vizag/Gangavaram),2800,2207,533.66,1,13.41
2025-07-07,Kalimantan (Indonesia),Indian East Coast (Paradip/Vizag/Gangavaram),2800,2202,536.02,1,14.02
2025-07-08,Kalimantan (Indonesia),Indian East Coast (Paradip/Vizag/Gangavaram),2800,2169,533.32,1,14.21
2025-07-09,Kalimantan (Indonesia),Indian East Coast (Paradip/Vizag/Gangavaram),2800,2147,535.84,1,13.69
2025-07-10,Kalimantan (Indonesia),Indian East Coast (Paradip/Vizag/Gangavaram),2800,2224,530.88,1,14.4
2025-07-11,Kalimantan (Indonesia),Indian East Coast (Paradip/Vizag/Gangavaram),2800,2258,531.13,1,14.71
2025-07-12,Kalimantan (Indonesia),Indian East Coast (Paradip/Vizag/Gangavaram),2800,2240,535.08,1,15.03
2025-07-13,Kalimantan (Indonesia),Indian East Coast (Paradip/Vizag/Gangavaram),2800,2230,535.99,1,14.23
2025-07-14,Kalimantan (Indonesia),Indian East Coast (Paradip/Vizag/Gangavaram),2800,2148,535.48,1,13.31
2025-07-15,Kalimantan (Indonesia),Indian East Coast (Paradip/Vizag/Gangavaram),2800,2176,538.75,1,14.67
2025-07-16,Kalimantan (Indonesia),Indian East Coast (Paradip/Vizag/Gangavaram),2800,2085,542.26,1,12.82
2025-07-17,Kalimantan (Indonesia),Indian East Coast (Paradip/Vizag/Gangavaram),2800,2135,546.67,1,14.0
2025-07-18,Kalimantan (Indonesia),Indian East Coast (Paradip/Vizag/Gangavaram),2800,2149,549.9,1,15.08
2025-07-19,Kalimantan (Indonesia),Indian East Coast (Paradip/Vizag/Gangavaram),2800,2287,553.69,1,14.34
2025-07-20,Kalimantan (Indonesia),Indian East Coast (Paradip/Vizag/Gangavaram),2800,2228,556.53,1,13.74
2025-07-21,Kalimantan (Indonesia),Indian East Coast (Paradip/Vizag/Gangavaram),2800,2226,558.09,1,13.65
2025-07-22,Kalimantan (Indonesia),Indian East Coast (Paradip/Vizag/Gangavaram),2800,2329,559.18,1,14.54
2025-07-23,Kalimantan (Indonesia),Indian East Coast (Paradip/Vizag/Gangavaram),2800,2394,559.38,1,15.55
2025-07-24,Kalimantan (Indonesia),Indian East Coast (Paradip/Vizag/Gangavaram),2800,2354,556.92,1,14.92
2025-07-25,Kalimantan (Indonesia),Indian East Coast (Paradip/Vizag/Gangavaram),2800,2365,555.16,1,15.97
2025-07-26,Kalimantan (Indonesia),Indian East Coast (Paradip/Vizag/Gangavaram),2800,2364,555.23,1,15.24
2025-07-27,Kalimantan (Indonesia),Indian East Coast (Paradip/Vizag/Gangavaram),2800,2378,556.73,1,14.35
2025-07-28,Kalimantan (Indonesia),Indian East Coast (Paradip/Vizag/Gangavaram),2800,2338,561.48,1,13.74
2025-07-29,Kalimantan (Indonesia),Indian East Coast (Paradip/Vizag/Gangavaram),2800,2332,562.2,1,15.0
2025-07-30,Kalimantan (Indonesia),Indian East Coast (Paradip/Vizag/Gangavaram),2800,2244,565.76,1,14.84
2025-07-31,Kalimantan (Indonesia),Indian East Coast (Paradip/Vizag/Gangavaram),2800,2254,569.52,1,13.53
2025-08-01,Kalimantan (Indonesia),Indian East Coast (Paradip/Vizag/Gangavaram),2800,2280,569.72,1,13.78
2025-08-02,Kalimantan (Indonesia),Indian East Coast (Paradip/Vizag/Gangavaram),2800,2269,572.17,1,14.56
2025-08-03,Kalimantan (Indonesia),Indian East Coast (Paradip/Vizag/Gangavaram),2800,2182,572.33,1,13.84
2025-08-04,Kalimantan (Indonesia),Indian East Coast (Paradip/Vizag/Gangavaram),2800,2240,576.75,1,14.11
2025-08-05,Kalimantan (Indonesia),Indian East Coast (Paradip/Vizag/Gangavaram),2800,2263,579.3,1,14.45
2025-08-06,Kalimantan (Indonesia),Indian East Coast (Paradip/Vizag/Gangavaram),2800,2224,576.88,1,14.47
2025-08-07,Kalimantan (Indonesia),Indian East Coast (Paradip/Vizag/Gangavaram),2800,2211,578.13,1,14.23
2025-08-08,Kalimantan (Indonesia),Indian East Coast (Paradip/Vizag/Gangavaram),2800,2132,583.43,1,13.59
2025-08-09,Kalimantan (Indonesia),Indian East Coast (Paradip/Vizag/Gangavaram),2800,2081,583.75,1,13.75
2025-08-10,Kalimantan (Indonesia),Indian East Coast (Paradip/Vizag/Gangavaram),2800,2059,585.78,1,13.47
2025-08-11,Kalimantan (Indonesia),Indian East Coast (Paradip/Vizag/Gangavaram),2800,2135,588.07,1,13.74
2025-08-12,Kalimantan (Indonesia),Indian East Coast (Paradip/Vizag/Gangavaram),2800,2105,586.06,1,14.06
2025-08-13,Kalimantan (Indonesia),Indian East Coast (Paradip/Vizag/Gangavaram),2800,2146,588.25,1,14.13
2025-08-14,Kalimantan (Indonesia),Indian East Coast (Paradip/Vizag/Gangavaram),2800,2121,585.26,1,14.94
2025-08-15,Kalimantan (Indonesia),Indian East Coast (Paradip/Vizag/Gangavaram),2800,2141,584.36,1,15.63
2025-08-16,Kalimantan (Indonesia),Indian East Coast (Paradip/Vizag/Gangavaram),2800,2138,588.08,1,15.03
2025-08-17,Kalimantan (Indonesia),Indian East Coast (Paradip/Vizag/Gangavaram),2800,2190,589.84,1,13.85
2025-08-18,Kalimantan (Indonesia),Indian East Coast (Paradip/Vizag/Gangavaram),2800,2164,589.81,1,13.97
2025-08-19,Kalimantan (Indonesia),Indian East Coast (Paradip/Vizag/Gangavaram),2800,2081,591.81,1,14.14
2025-08-20,Kalimantan (Indonesia),Indian East Coast (Paradip/Vizag/Gangavaram),2800,2011,592.44,1,13.88
2025-08-21,Kalimantan (Indonesia),Indian East Coast (Paradip/Vizag/Gangavaram),2800,1991,593.25,1,13.32
2025-08-22,Kalimantan (Indonesia),Indian East Coast (Paradip/Vizag/Gangavaram),2800,1932,595.82,1,13.25
2025-08-23,Kalimantan (Indonesia),Indian East Coast (Paradip/Vizag/Gangavaram),2800,1966,594.62,1,13.59
2025-08-24,Kalimantan (Indonesia),Indian East Coast (Paradip/Vizag/Gangavaram),2800,1950,595.51,1,13.08
2025-08-25,Kalimantan (Indonesia),Indian East Coast (Paradip/Vizag/Gangavaram),2800,2091,595.44,1,14.55
2025-08-26,Kalimantan (Indonesia),Indian East Coast (Paradip/Vizag/Gangavaram),2800,2001,591.89,1,14.82
2025-08-27,Kalimantan (Indonesia),Indian East Coast (Paradip/Vizag/Gangavaram),2800,2020,590.16,1,13.93
2025-08-28,Kalimantan (Indonesia),Indian East Coast (Paradip/Vizag/Gangavaram),2800,1966,595.19,1,13.65
2025-08-29,Kalimantan (Indonesia),Indian East Coast (Paradip/Vizag/Gangavaram),2800,1948,597.0,1,12.76
2025-08-30,Kalimantan (Indonesia),Indian East Coast (Paradip/Vizag/Gangavaram),2800,1966,594.16,1,15.02
2025-08-31,Kalimantan (Indonesia),Indian East Coast (Paradip/Vizag/Gangavaram),2800,1847,590.73,1,12.12
2025-09-01,Kalimantan (Indonesia),Indian East Coast (Paradip/Vizag/Gangavaram),2800,1874,591.18,1,13.66
2025-09-02,Kalimantan (Indonesia),Indian East Coast (Paradip/Vizag/Gangavaram),2800,1990,596.17,1,14.24
2025-09-03,Kalimantan (Indonesia),Indian East Coast (Paradip/Vizag/Gangavaram),2800,1973,596.41,1,14.42
2025-09-04,Kalimantan (Indonesia),Indian East Coast (Paradip/Vizag/Gangavaram),2800,1996,600.72,1,13.03
2025-09-05,Kalimantan (Indonesia),Indian East Coast (Paradip/Vizag/Gangavaram),2800,2060,602.41,1,13.56
2025-09-06,Kalimantan (Indonesia),Indian East Coast (Paradip/Vizag/Gangavaram),2800,2056,604.44,1,13.89
2025-09-07,Kalimantan (Indonesia),Indian East Coast (Paradip/Vizag/Gangavaram),2800,2029,601.54,1,13.75
2025-09-08,Kalimantan (Indonesia),Indian East Coast (Paradip/Vizag/Gangavaram),2800,1910,604.82,1,12.27
2025-09-09,Kalimantan (Indonesia),Indian East Coast (Paradip/Vizag/Gangavaram),2800,1955,604.64,1,13.61
2025-09-10,Kalimantan (Indonesia),Indian East Coast (Paradip/Vizag/Gangavaram),2800,1957,607.71,1,12.87
2025-09-11,Kalimantan (Indonesia),Indian East Coast (Paradip/Vizag/Gangavaram),2800,1909,606.22,1,14.21
2025-09-12,Kalimantan (Indonesia),Indian East Coast (Paradip/Vizag/Gangavaram),2800,1926,607.43,1,13.94
2025-09-13,Kalimantan (Indonesia),Indian East Coast (Paradip/Vizag/Gangavaram),2800,1902,609.1,1,14.06
2025-09-14,Kalimantan (Indonesia),Indian East Coast (Paradip/Vizag/Gangavaram),2800,1883,609.39,1,13.51
2025-09-15,Kalimantan (Indonesia),Indian East Coast (Paradip/Vizag/Gangavaram),2800,1926,611.2,1,14.44
2025-09-16,Kalimantan (Indonesia),Indian East Coast (Paradip/Vizag/Gangavaram),2800,1861,611.19,1,12.84
2025-09-17,Kalimantan (Indonesia),Indian East Coast (Paradip/Vizag/Gangavaram),2800,1929,610.12,1,13.22
2025-09-18,Kalimantan (Indonesia),Indian East Coast (Paradip/Vizag/Gangavaram),2800,1860,615.19,1,14.28
2025-09-19,Kalimantan (Indonesia),Indian East Coast (Paradip/Vizag/Gangavaram),2800,1834,618.74,1,13.79
2025-09-20,Kalimantan (Indonesia),Indian East Coast (Paradip/Vizag/Gangavaram),2800,1950,617.36,1,14.05
2025-09-21,Kalimantan (Indonesia),Indian East Coast (Paradip/Vizag/Gangavaram),2800,2019,619.6,1,14.07
2025-09-22,Kalimantan (Indonesia),Indian East Coast (Paradip/Vizag/Gangavaram),2800,2029,618.26,1,13.72
2025-09-23,Kalimantan (Indonesia),Indian East Coast (Paradip/Vizag/Gangavaram),2800,1980,615.72,1,14.22
2025-09-24,Kalimantan (Indonesia),Indian East Coast (Paradip/Vizag/Gangavaram),2800,1957,619.21,1,13.83
2025-09-25,Kalimantan (Indonesia),Indian East Coast (Paradip/Vizag/Gangavaram),2800,1966,615.25,1,14.22
2025-09-26,Kalimantan (Indonesia),Indian East Coast (Paradip/Vizag/Gangavaram),2800,1974,618.44,1,13.98
2025-09-27,Kalimantan (Indonesia),Indian East Coast (Paradip/Vizag/Gangavaram),2800,1974,618.42,1,13.14
2025-09-28,Kalimantan (Indonesia),Indian East Coast (Paradip/Vizag/Gangavaram),2800,1977,618.51,1,14.03
2025-09-29,Kalimantan (Indonesia),Indian East Coast (Paradip/Vizag/Gangavaram),2800,1969,620.28,1,14.43
2025-09-30,Kalimantan (Indonesia),Indian East Coast (Paradip/Vizag/Gangavaram),2800,1894,622.52,1,13.87
2025-10-01,Kalimantan (Indonesia),Indian East Coast (Paradip/Vizag/Gangavaram),2800,1873,620.92,0,11.86
2025-10-02,Kalimantan (Indonesia),Indian East Coast (Paradip/Vizag/Gangavaram),2800,1931,623.52,0,11.83
2025-10-03,Kalimantan (Indonesia),Indian East Coast (Paradip/Vizag/Gangavaram),2800,1861,624.47,0,11.86
2025-10-04,Kalimantan (Indonesia),Indian East Coast (Paradip/Vizag/Gangavaram),2800,1858,621.69,0,11.87
2025-10-05,Kalimantan (Indonesia),Indian East Coast (Paradip/Vizag/Gangavaram),2800,1820,621.87,0,11.43
2025-10-06,Kalimantan (Indonesia),Indian East Coast (Paradip/Vizag/Gangavaram),2800,1835,626.25,0,12.1
2025-10-07,Kalimantan (Indonesia),Indian East Coast (Paradip/Vizag/Gangavaram),2800,1822,631.44,0,11.24
2025-10-08,Kalimantan (Indonesia),Indian East Coast (Paradip/Vizag/Gangavaram),2800,1911,634.02,0,11.8
2025-10-09,Kalimantan (Indonesia),Indian East Coast (Paradip/Vizag/Gangavaram),2800,1944,631.4,0,13.0
2025-10-10,Kalimantan (Indonesia),Indian East Coast (Paradip/Vizag/Gangavaram),2800,1876,633.35,0,12.28
2025-10-11,Kalimantan (Indonesia),Indian East Coast (Paradip/Vizag/Gangavaram),2800,1918,636.27,0,12.28
2025-10-12,Kalimantan (Indonesia),Indian East Coast (Paradip/Vizag/Gangavaram),2800,1880,638.85,0,12.57
2025-10-13,Kalimantan (Indonesia),Indian East Coast (Paradip/Vizag/Gangavaram),2800,1853,641.59,0,11.66
2025-10-14,Kalimantan (Indonesia),Indian East Coast (Paradip/Vizag/Gangavaram),2800,1876,643.17,0,12.9
2025-10-15,Kalimantan (Indonesia),Indian East Coast (Paradip/Vizag/Gangavaram),2800,1854,643.57,0,11.86
2025-10-16,Kalimantan (Indonesia),Indian East Coast (Paradip/Vizag/Gangavaram),2800,1909,642.5,0,13.0
2025-10-17,Kalimantan (Indonesia),Indian East Coast (Paradip/Vizag/Gangavaram),2800,1870,637.93,0,13.02
2025-10-18,Kalimantan (Indonesia),Indian East Coast (Paradip/Vizag/Gangavaram),2800,1841,639.43,0,11.26
2025-10-19,Kalimantan (Indonesia),Indian East Coast (Paradip/Vizag/Gangavaram),2800,1810,640.51,0,12.3
2025-10-20,Kalimantan (Indonesia),Indian East Coast (Paradip/Vizag/Gangavaram),2800,1785,642.6,0,11.6
2025-10-21,Kalimantan (Indonesia),Indian East Coast (Paradip/Vizag/Gangavaram),2800,1853,639.53,0,12.01
2025-10-22,Kalimantan (Indonesia),Indian East Coast (Paradip/Vizag/Gangavaram),2800,1892,641.84,0,12.41
2025-10-23,Kalimantan (Indonesia),Indian East Coast (Paradip/Vizag/Gangavaram),2800,1988,647.99,0,11.69
2025-10-24,Kalimantan (Indonesia),Indian East Coast (Paradip/Vizag/Gangavaram),2800,2112,648.76,0,12.58
2025-10-25,Kalimantan (Indonesia),Indian East Coast (Paradip/Vizag/Gangavaram),2800,2050,649.14,0,12.09
2025-10-26,Kalimantan (Indonesia),Indian East Coast (Paradip/Vizag/Gangavaram),2800,2051,650.52,0,12.72
2025-10-27,Kalimantan (Indonesia),Indian East Coast (Paradip/Vizag/Gangavaram),2800,1983,656.59,0,12.96
2025-10-28,Kalimantan (Indonesia),Indian East Coast (Paradip/Vizag/Gangavaram),2800,1939,654.34,0,12.56
2025-10-29,Kalimantan (Indonesia),Indian East Coast (Paradip/Vizag/Gangavaram),2800,1904,655.42,0,12.07
2025-10-30,Kalimantan (Indonesia),Indian East Coast (Paradip/Vizag/Gangavaram),2800,1847,653.77,0,12.52
2025-10-31,Kalimantan (Indonesia),Indian East Coast (Paradip/Vizag/Gangavaram),2800,1792,652.81,0,11.53
2025-11-01,Kalimantan (Indonesia),Indian East Coast (Paradip/Vizag/Gangavaram),2800,1788,653.19,0,11.61
2025-11-02,Kalimantan (Indonesia),Indian East Coast (Paradip/Vizag/Gangavaram),2800,1726,657.36,0,11.8
2025-11-03,Kalimantan (Indonesia),Indian East Coast (Paradip/Vizag/Gangavaram),2800,1778,662.77,0,11.93
2025-11-04,Kalimantan (Indonesia),Indian East Coast (Paradip/Vizag/Gangavaram),2800,1732,664.49,0,11.96
2025-11-05,Kalimantan (Indonesia),Indian East Coast (Paradip/Vizag/Gangavaram),2800,1892,663.96,0,12.5
2025-11-06,Kalimantan (Indonesia),Indian East Coast (Paradip/Vizag/Gangavaram),2800,1867,671.23,0,12.37
2025-11-07,Kalimantan (Indonesia),Indian East Coast (Paradip/Vizag/Gangavaram),2800,1872,670.56,0,11.68
2025-11-08,Kalimantan (Indonesia),Indian East Coast (Paradip/Vizag/Gangavaram),2800,1801,669.48,0,12.56
2025-11-09,Kalimantan (Indonesia),Indian East Coast (Paradip/Vizag/Gangavaram),2800,1897,665.13,0,12.11
2025-11-10,Kalimantan (Indonesia),Indian East Coast (Paradip/Vizag/Gangavaram),2800,1957,669.4,0,12.75
2025-11-11,Kalimantan (Indonesia),Indian East Coast (Paradip/Vizag/Gangavaram),2800,1970,672.5,0,12.75
2025-11-12,Kalimantan (Indonesia),Indian East Coast (Paradip/Vizag/Gangavaram),2800,1892,679.54,0,12.76
2025-11-13,Kalimantan (Indonesia),Indian East Coast (Paradip/Vizag/Gangavaram),2800,1902,676.22,0,12.17
2025-11-14,Kalimantan (Indonesia),Indian East Coast (Paradip/Vizag/Gangavaram),2800,1838,680.64,0,12.78
2025-11-15,Kalimantan (Indonesia),Indian East Coast (Paradip/Vizag/Gangavaram),2800,1918,681.28,0,12.97
2025-11-16,Kalimantan (Indonesia),Indian East Coast (Paradip/Vizag/Gangavaram),2800,1959,683.91,0,13.04
2025-11-17,Kalimantan (Indonesia),Indian East Coast (Paradip/Vizag/Gangavaram),2800,1960,679.86,0,12.81
2025-11-18,Kalimantan (Indonesia),Indian East Coast (Paradip/Vizag/Gangavaram),2800,1821,684.29,0,12.08
2025-11-19,Kalimantan (Indonesia),Indian East Coast (Paradip/Vizag/Gangavaram),2800,1766,686.85,0,13.21
2025-11-20,Kalimantan (Indonesia),Indian East Coast (Paradip/Vizag/Gangavaram),2800,1805,687.17,0,12.03
2025-11-21,Kalimantan (Indonesia),Indian East Coast (Paradip/Vizag/Gangavaram),2800,1871,689.34,0,12.89
2025-11-22,Kalimantan (Indonesia),Indian East Coast (Paradip/Vizag/Gangavaram),2800,1929,687.67,0,12.94
2025-11-23,Kalimantan (Indonesia),Indian East Coast (Paradip/Vizag/Gangavaram),2800,1836,686.5,0,12.71
2025-11-24,Kalimantan (Indonesia),Indian East Coast (Paradip/Vizag/Gangavaram),2800,1851,685.64,0,12.54
2025-11-25,Kalimantan (Indonesia),Indian East Coast (Paradip/Vizag/Gangavaram),2800,1904,681.0,0,12.17
2025-11-26,Kalimantan (Indonesia),Indian East Coast (Paradip/Vizag/Gangavaram),2800,1807,683.73,0,12.45
2025-11-27,Kalimantan (Indonesia),Indian East Coast (Paradip/Vizag/Gangavaram),2800,1805,687.35,0,12.43
2025-11-28,Kalimantan (Indonesia),Indian East Coast (Paradip/Vizag/Gangavaram),2800,1818,685.83,0,13.36
2025-11-29,Kalimantan (Indonesia),Indian East Coast (Paradip/Vizag/Gangavaram),2800,1799,687.15,0,12.88
2025-11-30,Kalimantan (Indonesia),Indian East Coast (Paradip/Vizag/Gangavaram),2800,1694,686.79,0,11.79
2025-12-01,Kalimantan (Indonesia),Indian East Coast (Paradip/Vizag/Gangavaram),2800,1678,688.05,0,12.36
2025-12-02,Kalimantan (Indonesia),Indian East Coast (Paradip/Vizag/Gangavaram),2800,1661,686.7,0,12.82
2025-12-03,Kalimantan (Indonesia),Indian East Coast (Paradip/Vizag/Gangavaram),2800,1655,684.65,0,11.54
2025-12-04,Kalimantan (Indonesia),Indian East Coast (Paradip/Vizag/Gangavaram),2800,1625,687.86,0,11.77
2025-12-05,Kalimantan (Indonesia),Indian East Coast (Paradip/Vizag/Gangavaram),2800,1604,688.03,0,10.96
2025-12-06,Kalimantan (Indonesia),Indian East Coast (Paradip/Vizag/Gangavaram),2800,1604,693.86,0,11.92
2025-12-07,Kalimantan (Indonesia),Indian East Coast (Paradip/Vizag/Gangavaram),2800,1632,694.32,0,12.23
2025-12-08,Kalimantan (Indonesia),Indian East Coast (Paradip/Vizag/Gangavaram),2800,1616,692.13,0,11.5
2025-12-09,Kalimantan (Indonesia),Indian East Coast (Paradip/Vizag/Gangavaram),2800,1596,695.78,0,12.35
2025-12-10,Kalimantan (Indonesia),Indian East Coast (Paradip/Vizag/Gangavaram),2800,1603,697.81,0,11.61
2025-12-11,Kalimantan (Indonesia),Indian East Coast (Paradip/Vizag/Gangavaram),2800,1499,700.1,0,11.51
2025-12-12,Kalimantan (Indonesia),Indian East Coast (Paradip/Vizag/Gangavaram),2800,1531,703.64,0,11.78
2025-12-13,Kalimantan (Indonesia),Indian East Coast (Paradip/Vizag/Gangavaram),2800,1535,702.16,0,11.96
2025-12-14,Kalimantan (Indonesia),Indian East Coast (Paradip/Vizag/Gangavaram),2800,1541,702.11,0,11.45
2025-12-15,Kalimantan (Indonesia),Indian East Coast (Paradip/Vizag/Gangavaram),2800,1596,701.93,0,12.2
2025-12-16,Kalimantan (Indonesia),Indian East Coast (Paradip/Vizag/Gangavaram),2800,1490,698.7,0,11.7
2025-12-17,Kalimantan (Indonesia),Indian East Coast (Paradip/Vizag/Gangavaram),2800,1386,698.26,0,11.59
2025-12-18,Kalimantan (Indonesia),Indian East Coast (Paradip/Vizag/Gangavaram),2800,1409,702.17,0,11.29
2025-12-19,Kalimantan (Indonesia),Indian East Coast (Paradip/Vizag/Gangavaram),2800,1415,703.08,0,11.52
2025-12-20,Kalimantan (Indonesia),Indian East Coast (Paradip/Vizag/Gangavaram),2800,1431,699.67,0,10.99
2025-12-21,Kalimantan (Indonesia),Indian East Coast (Paradip/Vizag/Gangavaram),2800,1411,695.69,0,12.0
2025-12-22,Kalimantan (Indonesia),Indian East Coast (Paradip/Vizag/Gangavaram),2800,1453,700.47,0,11.59
2025-12-23,Kalimantan (Indonesia),Indian East Coast (Paradip/Vizag/Gangavaram),2800,1509,700.47,0,11.41
2025-12-24,Kalimantan (Indonesia),Indian East Coast (Paradip/Vizag/Gangavaram),2800,1537,698.94,0,12.25
2025-12-25,Kalimantan (Indonesia),Indian East Coast (Paradip/Vizag/Gangavaram),2800,1524,698.43,0,11.6
2025-12-26,Kalimantan (Indonesia),Indian East Coast (Paradip/Vizag/Gangavaram),2800,1409,694.63,0,11.28
2025-12-27,Kalimantan (Indonesia),Indian East Coast (Paradip/Vizag/Gangavaram),2800,1456,698.72,0,11.12
2025-12-28,Kalimantan (Indonesia),Indian East Coast (Paradip/Vizag/Gangavaram),2800,1526,697.87,0,12.54
2025-12-29,Kalimantan (Indonesia),Indian East Coast (Paradip/Vizag/Gangavaram),2800,1562,701.79,0,12.32
2025-12-30,Kalimantan (Indonesia),Indian East Coast (Paradip/Vizag/Gangavaram),2800,1512,702.14,0,11.51
2021-01-01,Baltimore (USA),Indian East Coast (Paradip/Vizag/Gangavaram),9500,1250,533.68,0,31.76
2021-01-02,Baltimore (USA),Indian East Coast (Paradip/Vizag/Gangavaram),9500,1219,536.35,0,30.71
2021-01-03,Baltimore (USA),Indian East Coast (Paradip/Vizag/Gangavaram),9500,1287,540.91,0,34.24
2021-01-04,Baltimore (USA),Indian East Coast (Paradip/Vizag/Gangavaram),9500,1363,538.85,0,33.17
2021-01-05,Baltimore (USA),Indian East Coast (Paradip/Vizag/Gangavaram),9500,1279,538.55,0,34.18
2021-01-06,Baltimore (USA),Indian East Coast (Paradip/Vizag/Gangavaram),9500,1232,540.89,0,32.04
2021-01-07,Baltimore (USA),Indian East Coast (Paradip/Vizag/Gangavaram),9500,1267,541.35,0,33.39
2021-01-08,Baltimore (USA),Indian East Coast (Paradip/Vizag/Gangavaram),9500,1276,538.61,0,32.89
2021-01-09,Baltimore (USA),Indian East Coast (Paradip/Vizag/Gangavaram),9500,1301,540.03,0,32.41
2021-01-10,Baltimore (USA),Indian East Coast (Paradip/Vizag/Gangavaram),9500,1280,541.89,0,31.94
2021-01-11,Baltimore (USA),Indian East Coast (Paradip/Vizag/Gangavaram),9500,1355,542.41,0,33.23
2021-01-12,Baltimore (USA),Indian East Coast (Paradip/Vizag/Gangavaram),9500,1421,543.28,0,32.4
2021-01-13,Baltimore (USA),Indian East Coast (Paradip/Vizag/Gangavaram),9500,1447,542.85,0,32.64
2021-01-14,Baltimore (USA),Indian East Coast (Paradip/Vizag/Gangavaram),9500,1530,547.13,0,35.55
2021-01-15,Baltimore (USA),Indian East Coast (Paradip/Vizag/Gangavaram),9500,1574,544.94,0,35.41
2021-01-16,Baltimore (USA),Indian East Coast (Paradip/Vizag/Gangavaram),9500,1544,543.6,0,34.51
2021-01-17,Baltimore (USA),Indian East Coast (Paradip/Vizag/Gangavaram),9500,1583,543.88,0,35.74
2021-01-18,Baltimore (USA),Indian East Coast (Paradip/Vizag/Gangavaram),9500,1547,546.51,0,34.85
2021-01-19,Baltimore (USA),Indian East Coast (Paradip/Vizag/Gangavaram),9500,1614,542.67,0,35.4
2021-01-20,Baltimore (USA),Indian East Coast (Paradip/Vizag/Gangavaram),9500,1628,539.34,0,38.2
2021-01-21,Baltimore (USA),Indian East Coast (Paradip/Vizag/Gangavaram),9500,1634,534.02,0,35.45
2021-01-22,Baltimore (USA),Indian East Coast (Paradip/Vizag/Gangavaram),9500,1612,534.33,0,37.3
2021-01-23,Baltimore (USA),Indian East Coast (Paradip/Vizag/Gangavaram),9500,1697,531.5,0,36.14
2021-01-24,Baltimore (USA),Indian East Coast (Paradip/Vizag/Gangavaram),9500,1702,530.66,0,36.78
2021-01-25,Baltimore (USA),Indian East Coast (Paradip/Vizag/Gangavaram),9500,1693,532.66,0,35.45
2021-01-26,Baltimore (USA),Indian East Coast (Paradip/Vizag/Gangavaram),9500,1688,531.11,0,35.18
2021-01-27,Baltimore (USA),Indian East Coast (Paradip/Vizag/Gangavaram),9500,1733,531.93,0,38.78
2021-01-28,Baltimore (USA),Indian East Coast (Paradip/Vizag/Gangavaram),9500,1767,531.3,0,36.41
2021-01-29,Baltimore (USA),Indian East Coast (Paradip/Vizag/Gangavaram),9500,1802,533.31,0,35.07
2021-01-30,Baltimore (USA),Indian East Coast (Paradip/Vizag/Gangavaram),9500,1837,534.78,0,36.66
2021-01-31,Baltimore (USA),Indian East Coast (Paradip/Vizag/Gangavaram),9500,1966,533.06,0,36.88
2021-02-01,Baltimore (USA),Indian East Coast (Paradip/Vizag/Gangavaram),9500,1949,532.77,0,37.55
2021-02-02,Baltimore (USA),Indian East Coast (Paradip/Vizag/Gangavaram),9500,1928,535.76,0,37.83
2021-02-03,Baltimore (USA),Indian East Coast (Paradip/Vizag/Gangavaram),9500,1891,536.98,0,37.47
2021-02-04,Baltimore (USA),Indian East Coast (Paradip/Vizag/Gangavaram),9500,1934,533.33,0,36.91
2021-02-05,Baltimore (USA),Indian East Coast (Paradip/Vizag/Gangavaram),9500,2004,535.25,0,40.58
2021-02-06,Baltimore (USA),Indian East Coast (Paradip/Vizag/Gangavaram),9500,2004,532.43,0,35.25
2021-02-07,Baltimore (USA),Indian East Coast (Paradip/Vizag/Gangavaram),9500,1963,536.4,0,39.5
2021-02-08,Baltimore (USA),Indian East Coast (Paradip/Vizag/Gangavaram),9500,1925,539.31,0,38.04
2021-02-09,Baltimore (USA),Indian East Coast (Paradip/Vizag/Gangavaram),9500,1970,540.21,0,39.59
2021-02-10,Baltimore (USA),Indian East Coast (Paradip/Vizag/Gangavaram),9500,2018,540.75,0,39.39
2021-02-11,Baltimore (USA),Indian East Coast (Paradip/Vizag/Gangavaram),9500,2054,540.28,0,41.34
2021-02-12,Baltimore (USA),Indian East Coast (Paradip/Vizag/Gangavaram),9500,2022,542.23,0,38.47
2021-02-13,Baltimore (USA),Indian East Coast (Paradip/Vizag/Gangavaram),9500,2041,541.31,0,38.68
2021-02-14,Baltimore (USA),Indian East Coast (Paradip/Vizag/Gangavaram),9500,2053,542.04,0,39.86
2021-02-15,Baltimore (USA),Indian East Coast (Paradip/Vizag/Gangavaram),9500,2070,544.49,0,40.99
2021-02-16,Baltimore (USA),Indian East Coast (Paradip/Vizag/Gangavaram),9500,2123,543.03,0,41.07
2021-02-17,Baltimore (USA),Indian East Coast (Paradip/Vizag/Gangavaram),9500,2138,541.43,0,41.41
2021-02-18,Baltimore (USA),Indian East Coast (Paradip/Vizag/Gangavaram),9500,2178,538.24,0,41.23
2021-02-19,Baltimore (USA),Indian East Coast (Paradip/Vizag/Gangavaram),9500,2183,535.4,0,40.94
2021-02-20,Baltimore (USA),Indian East Coast (Paradip/Vizag/Gangavaram),9500,2200,530.48,0,41.65
2021-02-21,Baltimore (USA),Indian East Coast (Paradip/Vizag/Gangavaram),9500,2236,532.51,0,43.62
2021-02-22,Baltimore (USA),Indian East Coast (Paradip/Vizag/Gangavaram),9500,2156,537.47,0,39.63
2021-02-23,Baltimore (USA),Indian East Coast (Paradip/Vizag/Gangavaram),9500,2141,541.38,0,41.16
2021-02-24,Baltimore (USA),Indian East Coast (Paradip/Vizag/Gangavaram),9500,2118,536.99,0,40.2
2021-02-25,Baltimore (USA),Indian East Coast (Paradip/Vizag/Gangavaram),9500,2087,538.98,0,41.38
2021-02-26,Baltimore (USA),Indian East Coast (Paradip/Vizag/Gangavaram),9500,2078,542.86,0,38.0
2021-02-27,Baltimore (USA),Indian East Coast (Paradip/Vizag/Gangavaram),9500,2166,541.63,0,40.31
2021-02-28,Baltimore (USA),Indian East Coast (Paradip/Vizag/Gangavaram),9500,2121,541.91,0,39.95
2021-03-01,Baltimore (USA),Indian East Coast (Paradip/Vizag/Gangavaram),9500,2179,536.45,0,39.36
2021-03-02,Baltimore (USA),Indian East Coast (Paradip/Vizag/Gangavaram),9500,2089,537.17,0,40.51
2021-03-03,Baltimore (USA),Indian East Coast (Paradip/Vizag/Gangavaram),9500,2077,534.26,0,42.15
2021-03-04,Baltimore (USA),Indian East Coast (Paradip/Vizag/Gangavaram),9500,2092,534.78,0,40.01
2021-03-05,Baltimore (USA),Indian East Coast (Paradip/Vizag/Gangavaram),9500,2130,530.51,0,36.01
2021-03-06,Baltimore (USA),Indian East Coast (Paradip/Vizag/Gangavaram),9500,2174,531.96,0,38.84
2021-03-07,Baltimore (USA),Indian East Coast (Paradip/Vizag/Gangavaram),9500,2221,534.71,0,40.12
2021-03-08,Baltimore (USA),Indian East Coast (Paradip/Vizag/Gangavaram),9500,2204,532.54,0,39.45
2021-03-09,Baltimore (USA),Indian East Coast (Paradip/Vizag/Gangavaram),9500,2181,529.4,0,41.2
2021-03-10,Baltimore (USA),Indian East Coast (Paradip/Vizag/Gangavaram),9500,2232,523.48,0,39.88
2021-03-11,Baltimore (USA),Indian East Coast (Paradip/Vizag/Gangavaram),9500,2223,522.69,0,41.6
2021-03-12,Baltimore (USA),Indian East Coast (Paradip/Vizag/Gangavaram),9500,2155,521.05,0,38.87
2021-03-13,Baltimore (USA),Indian East Coast (Paradip/Vizag/Gangavaram),9500,2097,516.76,0,39.67
2021-03-14,Baltimore (USA),Indian East Coast (Paradip/Vizag/Gangavaram),9500,2054,517.91,0,39.04
2021-03-15,Baltimore (USA),Indian East Coast (Paradip/Vizag/Gangavaram),9500,2089,516.6,0,40.6
2021-03-16,Baltimore (USA),Indian East Coast (Paradip/Vizag/Gangavaram),9500,2104,513.59,0,38.79
2021-03-17,Baltimore (USA),Indian East Coast (Paradip/Vizag/Gangavaram),9500,2149,511.99,0,36.08
2021-03-18,Baltimore (USA),Indian East Coast (Paradip/Vizag/Gangavaram),9500,2131,514.8,0,38.85
2021-03-19,Baltimore (USA),Indian East Coast (Paradip/Vizag/Gangavaram),9500,2146,516.33,0,38.69
2021-03-20,Baltimore (USA),Indian East Coast (Paradip/Vizag/Gangavaram),9500,2186,515.87,0,41.47
2021-03-21,Baltimore (USA),Indian East Coast (Paradip/Vizag/Gangavaram),9500,2173,517.43,0,40.41
2021-03-22,Baltimore (USA),Indian East Coast (Paradip/Vizag/Gangavaram),9500,2203,514.15,0,39.76
2021-03-23,Baltimore (USA),Indian East Coast (Paradip/Vizag/Gangavaram),9500,2170,514.11,0,40.63
2021-03-24,Baltimore (USA),Indian East Coast (Paradip/Vizag/Gangavaram),9500,2266,514.38,0,43.12
2021-03-25,Baltimore (USA),Indian East Coast (Paradip/Vizag/Gangavaram),9500,2514,512.96,0,45.45
2021-03-26,Baltimore (USA),Indian East Coast (Paradip/Vizag/Gangavaram),9500,2702,514.0,0,46.04
2021-03-27,Baltimore (USA),Indian East Coast (Paradip/Vizag/Gangavaram),9500,2856,511.72,0,48.77
2021-03-28,Baltimore (USA),Indian East Coast (Paradip/Vizag/Gangavaram),9500,2723,512.95,0,44.57
2021-03-29,Baltimore (USA),Indian East Coast (Paradip/Vizag/Gangavaram),9500,2474,514.29,0,41.69
2021-03-30,Baltimore (USA),Indian East Coast (Paradip/Vizag/Gangavaram),9500,2249,506.18,0,40.24
2021-03-31,Baltimore (USA),Indian East Coast (Paradip/Vizag/Gangavaram),9500,2171,509.25,0,39.54
2021-04-01,Baltimore (USA),Indian East Coast (Paradip/Vizag/Gangavaram),9500,2213,500.78,0,36.39
2021-04-02,Baltimore (USA),Indian East Coast (Paradip/Vizag/Gangavaram),9500,2212,498.91,0,38.83
2021-04-03,Baltimore (USA),Indian East Coast (Paradip/Vizag/Gangavaram),9500,2192,501.51,0,40.51
2021-04-04,Baltimore (USA),Indian East Coast (Paradip/Vizag/Gangavaram),9500,2193,500.45,0,40.68
2021-04-05,Baltimore (USA),Indian East Coast (Paradip/Vizag/Gangavaram),9500,2105,496.26,0,38.64
2021-04-06,Baltimore (USA),Indian East Coast (Paradip/Vizag/Gangavaram),9500,2034,493.08,0,38.55
2021-04-07,Baltimore (USA),Indian East Coast (Paradip/Vizag/Gangavaram),9500,1971,495.66,0,37.79
2021-04-08,Baltimore (USA),Indian East Coast (Paradip/Vizag/Gangavaram),9500,1929,490.21,0,37.8
2021-04-09,Baltimore (USA),Indian East Coast (Paradip/Vizag/Gangavaram),9500,1966,493.05,0,35.96
2021-04-10,Baltimore (USA),Indian East Coast (Paradip/Vizag/Gangavaram),9500,1929,492.67,0,37.61
2021-04-11,Baltimore (USA),Indian East Coast (Paradip/Vizag/Gangavaram),9500,1923,489.19,0,35.32
2021-04-12,Baltimore (USA),Indian East Coast (Paradip/Vizag/Gangavaram),9500,2009,487.37,0,37.47
2021-04-13,Baltimore (USA),Indian East Coast (Paradip/Vizag/Gangavaram),9500,2001,484.35,0,40.04
2021-04-14,Baltimore (USA),Indian East Coast (Paradip/Vizag/Gangavaram),9500,2053,486.45,0,37.36
2021-04-15,Baltimore (USA),Indian East Coast (Paradip/Vizag/Gangavaram),9500,2012,488.19,0,37.69
2021-04-16,Baltimore (USA),Indian East Coast (Paradip/Vizag/Gangavaram),9500,2013,483.25,0,36.27
2021-04-17,Baltimore (USA),Indian East Coast (Paradip/Vizag/Gangavaram),9500,1972,481.88,0,35.76
2021-04-18,Baltimore (USA),Indian East Coast (Paradip/Vizag/Gangavaram),9500,1967,479.26,0,37.22
2021-04-19,Baltimore (USA),Indian East Coast (Paradip/Vizag/Gangavaram),9500,2026,482.49,0,38.13
2021-04-20,Baltimore (USA),Indian East Coast (Paradip/Vizag/Gangavaram),9500,1942,478.54,0,37.18
2021-04-21,Baltimore (USA),Indian East Coast (Paradip/Vizag/Gangavaram),9500,1980,482.61,0,36.76
2021-04-22,Baltimore (USA),Indian East Coast (Paradip/Vizag/Gangavaram),9500,2006,482.22,0,36.1
2021-04-23,Baltimore (USA),Indian East Coast (Paradip/Vizag/Gangavaram),9500,1986,478.76,0,36.83
2021-04-24,Baltimore (USA),Indian East Coast (Paradip/Vizag/Gangavaram),9500,1919,476.61,0,34.48
2021-04-25,Baltimore (USA),Indian East Coast (Paradip/Vizag/Gangavaram),9500,1938,474.12,0,38.03
2021-04-26,Baltimore (USA),Indian East Coast (Paradip/Vizag/Gangavaram),9500,1923,470.33,0,36.55
2021-04-27,Baltimore (USA),Indian East Coast (Paradip/Vizag/Gangavaram),9500,1951,470.27,0,36.81
2021-04-28,Baltimore (USA),Indian East Coast (Paradip/Vizag/Gangavaram),9500,1966,466.6,0,37.16
2021-04-29,Baltimore (USA),Indian East Coast (Paradip/Vizag/Gangavaram),9500,2068,460.33,0,38.98
2021-04-30,Baltimore (USA),Indian East Coast (Paradip/Vizag/Gangavaram),9500,2064,458.96,0,36.78
2021-05-01,Baltimore (USA),Indian East Coast (Paradip/Vizag/Gangavaram),9500,2018,453.71,0,37.51
2021-05-02,Baltimore (USA),Indian East Coast (Paradip/Vizag/Gangavaram),9500,2040,451.32,0,36.26
2021-05-03,Baltimore (USA),Indian East Coast (Paradip/Vizag/Gangavaram),9500,2063,448.49,0,36.52
2021-05-04,Baltimore (USA),Indian East Coast (Paradip/Vizag/Gangavaram),9500,2147,445.76,0,37.27
2021-05-05,Baltimore (USA),Indian East Coast (Paradip/Vizag/Gangavaram),9500,2200,450.84,0,38.86
2021-05-06,Baltimore (USA),Indian East Coast (Paradip/Vizag/Gangavaram),9500,2225,450.62,0,37.57
2021-05-07,Baltimore (USA),Indian East Coast (Paradip/Vizag/Gangavaram),9500,2310,450.91,0,41.45
2021-05-08,Baltimore (USA),Indian East Coast (Paradip/Vizag/Gangavaram),9500,2246,445.7,0,39.58
2021-05-09,Baltimore (USA),Indian East Coast (Paradip/Vizag/Gangavaram),9500,2214,443.53,0,39.73
2021-05-10,Baltimore (USA),Indian East Coast (Paradip/Vizag/Gangavaram),9500,2168,443.73,0,38.23
2021-05-11,Baltimore (USA),Indian East Coast (Paradip/Vizag/Gangavaram),9500,2153,440.55,0,36.58
2021-05-12,Baltimore (USA),Indian East Coast (Paradip/Vizag/Gangavaram),9500,2084,442.61,0,37.52
2021-05-13,Baltimore (USA),Indian East Coast (Paradip/Vizag/Gangavaram),9500,2128,438.94,0,37.84
2021-05-14,Baltimore (USA),Indian East Coast (Paradip/Vizag/Gangavaram),9500,2123,437.75,0,36.51
2021-05-15,Baltimore (USA),Indian East Coast (Paradip/Vizag/Gangavaram),9500,2050,435.74,0,35.0
2021-05-16,Baltimore (USA),Indian East Coast (Paradip/Vizag/Gangavaram),9500,2004,435.76,0,34.34
2021-05-17,Baltimore (USA),Indian East Coast (Paradip/Vizag/Gangavaram),9500,2033,433.6,0,36.46
2021-05-18,Baltimore (USA),Indian East Coast (Paradip/Vizag/Gangavaram),9500,2090,432.43,0,38.7
2021-05-19,Baltimore (USA),Indian East Coast (Paradip/Vizag/Gangavaram),9500,2208,431.35,0,36.6
2021-05-20,Baltimore (USA),Indian East Coast (Paradip/Vizag/Gangavaram),9500,2373,428.91,0,39.23
2021-05-21,Baltimore (USA),Indian East Coast (Paradip/Vizag/Gangavaram),9500,2395,429.79,0,39.44
2021-05-22,Baltimore (USA),Indian East Coast (Paradip/Vizag/Gangavaram),9500,2338,429.99,0,40.83
2021-05-23,Baltimore (USA),Indian East Coast (Paradip/Vizag/Gangavaram),9500,2221,429.29,0,40.73
2021-05-24,Baltimore (USA),Indian East Coast (Paradip/Vizag/Gangavaram),9500,2239,427.66,0,37.68
2021-05-25,Baltimore (USA),Indian East Coast (Paradip/Vizag/Gangavaram),9500,2198,429.36,0,39.22
2021-05-26,Baltimore (USA),Indian East Coast (Paradip/Vizag/Gangavaram),9500,2179,428.25,0,38.0
2021-05-27,Baltimore (USA),Indian East Coast (Paradip/Vizag/Gangavaram),9500,2151,426.94,0,36.55
2021-05-28,Baltimore (USA),Indian East Coast (Paradip/Vizag/Gangavaram),9500,2149,426.75,0,36.71
2021-05-29,Baltimore (USA),Indian East Coast (Paradip/Vizag/Gangavaram),9500,2214,430.88,0,37.82
2021-05-30,Baltimore (USA),Indian East Coast (Paradip/Vizag/Gangavaram),9500,2226,426.75,0,36.93
2021-05-31,Baltimore (USA),Indian East Coast (Paradip/Vizag/Gangavaram),9500,2221,428.35,0,38.65
2021-06-01,Baltimore (USA),Indian East Coast (Paradip/Vizag/Gangavaram),9500,2167,422.7,1,43.22
2021-06-02,Baltimore (USA),Indian East Coast (Paradip/Vizag/Gangavaram),9500,2080,422.79,1,42.75
2021-06-03,Baltimore (USA),Indian East Coast (Paradip/Vizag/Gangavaram),9500,2062,426.57,1,42.24
2021-06-04,Baltimore (USA),Indian East Coast (Paradip/Vizag/Gangavaram),9500,2068,427.39,1,40.93
2021-06-05,Baltimore (USA),Indian East Coast (Paradip/Vizag/Gangavaram),9500,2173,427.34,1,38.96
2021-06-06,Baltimore (USA),Indian East Coast (Paradip/Vizag/Gangavaram),9500,2185,425.3,1,43.44
2021-06-07,Baltimore (USA),Indian East Coast (Paradip/Vizag/Gangavaram),9500,2243,424.86,1,45.56
2021-06-08,Baltimore (USA),Indian East Coast (Paradip/Vizag/Gangavaram),9500,2218,423.64,1,42.18
2021-06-09,Baltimore (USA),Indian East Coast (Paradip/Vizag/Gangavaram),9500,2156,420.97,1,40.69
2021-06-10,Baltimore (USA),Indian East Coast (Paradip/Vizag/Gangavaram),9500,2108,419.65,1,43.15
2021-06-11,Baltimore (USA),Indian East Coast (Paradip/Vizag/Gangavaram),9500,2074,419.65,1,42.5
2021-06-12,Baltimore (USA),Indian East Coast (Paradip/Vizag/Gangavaram),9500,2199,417.02,1,43.59
2021-06-13,Baltimore (USA),Indian East Coast (Paradip/Vizag/Gangavaram),9500,2157,414.27,1,44.46
2021-06-14,Baltimore (USA),Indian East Coast (Paradip/Vizag/Gangavaram),9500,2208,410.02,1,41.97
2021-06-15,Baltimore (USA),Indian East Coast (Paradip/Vizag/Gangavaram),9500,2161,410.53,1,43.84
2021-06-16,Baltimore (USA),Indian East Coast (Paradip/Vizag/Gangavaram),9500,2216,411.45,1,44.88
2021-06-17,Baltimore (USA),Indian East Coast (Paradip/Vizag/Gangavaram),9500,2240,411.51,1,42.6
2021-06-18,Baltimore (USA),Indian East Coast (Paradip/Vizag/Gangavaram),9500,2232,413.57,1,43.56
2021-06-19,Baltimore (USA),Indian East Coast (Paradip/Vizag/Gangavaram),9500,2231,413.23,1,46.77
2021-06-20,Baltimore (USA),Indian East Coast (Paradip/Vizag/Gangavaram),9500,2197,413.72,1,43.43
2021-06-21,Baltimore (USA),Indian East Coast (Paradip/Vizag/Gangavaram),9500,2224,413.96,1,45.19
2021-06-22,Baltimore (USA),Indian East Coast (Paradip/Vizag/Gangavaram),9500,2200,413.13,1,41.63
2021-06-23,Baltimore (USA),Indian East Coast (Paradip/Vizag/Gangavaram),9500,2135,411.09,1,43.79
2021-06-24,Baltimore (USA),Indian East Coast (Paradip/Vizag/Gangavaram),9500,2069,416.52,1,42.19
2021-06-25,Baltimore (USA),Indian East Coast (Paradip/Vizag/Gangavaram),9500,2085,414.69,1,42.49
2021-06-26,Baltimore (USA),Indian East Coast (Paradip/Vizag/Gangavaram),9500,2178,412.28,1,41.74
2021-06-27,Baltimore (USA),Indian East Coast (Paradip/Vizag/Gangavaram),9500,2189,412.86,1,42.35
2021-06-28,Baltimore (USA),Indian East Coast (Paradip/Vizag/Gangavaram),9500,2185,412.93,1,40.58
2021-06-29,Baltimore (USA),Indian East Coast (Paradip/Vizag/Gangavaram),9500,2202,408.5,1,46.88
2021-06-30,Baltimore (USA),Indian East Coast (Paradip/Vizag/Gangavaram),9500,2275,410.93,1,44.37
2021-07-01,Baltimore (USA),Indian East Coast (Paradip/Vizag/Gangavaram),9500,2286,410.06,1,44.72
2021-07-02,Baltimore (USA),Indian East Coast (Paradip/Vizag/Gangavaram),9500,2262,406.41,1,42.66
2021-07-03,Baltimore (USA),Indian East Coast (Paradip/Vizag/Gangavaram),9500,2321,409.02,1,41.71
2021-07-04,Baltimore (USA),Indian East Coast (Paradip/Vizag/Gangavaram),9500,2341,410.09,1,45.58
2021-07-05,Baltimore (USA),Indian East Coast (Paradip/Vizag/Gangavaram),9500,2422,406.01,1,43.07
2021-07-06,Baltimore (USA),Indian East Coast (Paradip/Vizag/Gangavaram),9500,2425,410.21,1,44.25
2021-07-07,Baltimore (USA),Indian East Coast (Paradip/Vizag/Gangavaram),9500,2350,411.36,1,46.06
2021-07-08,Baltimore (USA),Indian East Coast (Paradip/Vizag/Gangavaram),9500,2270,410.68,1,48.12
2021-07-09,Baltimore (USA),Indian East Coast (Paradip/Vizag/Gangavaram),9500,2358,414.36,1,45.82
2021-07-10,Baltimore (USA),Indian East Coast (Paradip/Vizag/Gangavaram),9500,2448,414.14,1,45.14
2021-07-11,Baltimore (USA),Indian East Coast (Paradip/Vizag/Gangavaram),9500,2429,413.41,1,45.06
2021-07-12,Baltimore (USA),Indian East Coast (Paradip/Vizag/Gangavaram),9500,2400,410.95,1,46.05
2021-07-13,Baltimore (USA),Indian East Coast (Paradip/Vizag/Gangavaram),9500,2473,411.87,1,44.22
2021-07-14,Baltimore (USA),Indian East Coast (Paradip/Vizag/Gangavaram),9500,2402,412.5,1,43.63
2021-07-15,Baltimore (USA),Indian East Coast (Paradip/Vizag/Gangavaram),9500,2345,411.88,1,43.22
2021-07-16,Baltimore (USA),Indian East Coast (Paradip/Vizag/Gangavaram),9500,2374,409.05,1,43.59
2021-07-17,Baltimore (USA),Indian East Coast (Paradip/Vizag/Gangavaram),9500,2346,408.73,1,47.05
2021-07-18,Baltimore (USA),Indian East Coast (Paradip/Vizag/Gangavaram),9500,2339,407.86,1,44.12
2021-07-19,Baltimore (USA),Indian East Coast (Paradip/Vizag/Gangavaram),9500,2324,403.56,1,45.34
2021-07-20,Baltimore (USA),Indian East Coast (Paradip/Vizag/Gangavaram),9500,2337,398.87,1,43.71
2021-07-21,Baltimore (USA),Indian East Coast (Paradip/Vizag/Gangavaram),9500,2408,399.72,1,44.51
2021-07-22,Baltimore (USA),Indian East Coast (Paradip/Vizag/Gangavaram),9500,2404,391.95,1,44.33
2021-07-23,Baltimore (USA),Indian East Coast (Paradip/Vizag/Gangavaram),9500,2430,391.81,1,49.15
2021-07-24,Baltimore (USA),Indian East Coast (Paradip/Vizag/Gangavaram),9500,2307,389.82,1,44.28
2021-07-25,Baltimore (USA),Indian East Coast (Paradip/Vizag/Gangavaram),9500,2299,392.68,1,46.91
2021-07-26,Baltimore (USA),Indian East Coast (Paradip/Vizag/Gangavaram),9500,2246,390.63,1,41.02
2021-07-27,Baltimore (USA),Indian East Coast (Paradip/Vizag/Gangavaram),9500,2175,391.72,1,43.37
2021-07-28,Baltimore (USA),Indian East Coast (Paradip/Vizag/Gangavaram),9500,2125,389.93,1,40.13
2021-07-29,Baltimore (USA),Indian East Coast (Paradip/Vizag/Gangavaram),9500,2106,389.53,1,42.64
2021-07-30,Baltimore (USA),Indian East Coast (Paradip/Vizag/Gangavaram),9500,2157,390.82,1,44.44
2021-07-31,Baltimore (USA),Indian East Coast (Paradip/Vizag/Gangavaram),9500,2082,388.85,1,41.8
2021-08-01,Baltimore (USA),Indian East Coast (Paradip/Vizag/Gangavaram),9500,2085,390.84,1,43.46
2021-08-02,Baltimore (USA),Indian East Coast (Paradip/Vizag/Gangavaram),9500,2059,387.42,1,41.44
2021-08-03,Baltimore (USA),Indian East Coast (Paradip/Vizag/Gangavaram),9500,2042,387.49,1,39.05
2021-08-04,Baltimore (USA),Indian East Coast (Paradip/Vizag/Gangavaram),9500,2099,389.28,1,39.82
2021-08-05,Baltimore (USA),Indian East Coast (Paradip/Vizag/Gangavaram),9500,2128,390.34,1,43.3
2021-08-06,Baltimore (USA),Indian East Coast (Paradip/Vizag/Gangavaram),9500,2199,394.82,1,42.26
2021-08-07,Baltimore (USA),Indian East Coast (Paradip/Vizag/Gangavaram),9500,2187,392.01,1,43.45
2021-08-08,Baltimore (USA),Indian East Coast (Paradip/Vizag/Gangavaram),9500,2144,387.53,1,40.59
2021-08-09,Baltimore (USA),Indian East Coast (Paradip/Vizag/Gangavaram),9500,2129,384.08,1,41.06
2021-08-10,Baltimore (USA),Indian East Coast (Paradip/Vizag/Gangavaram),9500,2140,385.14,1,41.3
2021-08-11,Baltimore (USA),Indian East Coast (Paradip/Vizag/Gangavaram),9500,2146,385.75,1,42.45
2021-08-12,Baltimore (USA),Indian East Coast (Paradip/Vizag/Gangavaram),9500,2083,385.28,1,41.1
2021-08-13,Baltimore (USA),Indian East Coast (Paradip/Vizag/Gangavaram),9500,2087,381.48,1,41.89
2021-08-14,Baltimore (USA),Indian East Coast (Paradip/Vizag/Gangavaram),9500,2097,382.82,1,41.48
2021-08-15,Baltimore (USA),Indian East Coast (Paradip/Vizag/Gangavaram),9500,2234,378.73,1,42.4
2021-08-16,Baltimore (USA),Indian East Coast (Paradip/Vizag/Gangavaram),9500,2329,381.13,1,45.15
2021-08-17,Baltimore (USA),Indian East Coast (Paradip/Vizag/Gangavaram),9500,2272,388.15,1,42.62
2021-08-18,Baltimore (USA),Indian East Coast (Paradip/Vizag/Gangavaram),9500,2247,388.39,1,45.43
2021-08-19,Baltimore (USA),Indian East Coast (Paradip/Vizag/Gangavaram),9500,2158,389.21,1,42.22
2021-08-20,Baltimore (USA),Indian East Coast (Paradip/Vizag/Gangavaram),9500,2120,387.11,1,39.42
2021-08-21,Baltimore (USA),Indian East Coast (Paradip/Vizag/Gangavaram),9500,2133,381.42,1,38.95
2021-08-22,Baltimore (USA),Indian East Coast (Paradip/Vizag/Gangavaram),9500,2194,379.02,1,41.77
2021-08-23,Baltimore (USA),Indian East Coast (Paradip/Vizag/Gangavaram),9500,2147,375.28,1,38.6
2021-08-24,Baltimore (USA),Indian East Coast (Paradip/Vizag/Gangavaram),9500,2105,370.57,1,42.49
2021-08-25,Baltimore (USA),Indian East Coast (Paradip/Vizag/Gangavaram),9500,1982,374.49,1,40.12
2021-08-26,Baltimore (USA),Indian East Coast (Paradip/Vizag/Gangavaram),9500,1973,374.45,1,40.23
2021-08-27,Baltimore (USA),Indian East Coast (Paradip/Vizag/Gangavaram),9500,1914,374.71,1,38.03
2021-08-28,Baltimore (USA),Indian East Coast (Paradip/Vizag/Gangavaram),9500,1886,373.1,1,36.82
2021-08-29,Baltimore (USA),Indian East Coast (Paradip/Vizag/Gangavaram),9500,1840,371.85,1,39.25
2021-08-30,Baltimore (USA),Indian East Coast (Paradip/Vizag/Gangavaram),9500,1839,373.69,1,35.09
2021-08-31,Baltimore (USA),Indian East Coast (Paradip/Vizag/Gangavaram),9500,1746,372.83,1,37.0
2021-09-01,Baltimore (USA),Indian East Coast (Paradip/Vizag/Gangavaram),9500,1671,373.49,1,35.59
2021-09-02,Baltimore (USA),Indian East Coast (Paradip/Vizag/Gangavaram),9500,1799,372.17,1,38.09
2021-09-03,Baltimore (USA),Indian East Coast (Paradip/Vizag/Gangavaram),9500,1738,370.45,1,36.42
2021-09-04,Baltimore (USA),Indian East Coast (Paradip/Vizag/Gangavaram),9500,1691,365.84,1,36.88
2021-09-05,Baltimore (USA),Indian East Coast (Paradip/Vizag/Gangavaram),9500,1813,359.67,1,37.7
2021-09-06,Baltimore (USA),Indian East Coast (Paradip/Vizag/Gangavaram),9500,1996,358.17,1,41.67
2021-09-07,Baltimore (USA),Indian East Coast (Paradip/Vizag/Gangavaram),9500,1948,357.54,1,38.43
2021-09-08,Baltimore (USA),Indian East Coast (Paradip/Vizag/Gangavaram),9500,1949,353.25,1,37.54
2021-09-09,Baltimore (USA),Indian East Coast (Paradip/Vizag/Gangavaram),9500,1995,352.36,1,40.45
2021-09-10,Baltimore (USA),Indian East Coast (Paradip/Vizag/Gangavaram),9500,2125,351.72,1,40.34
2021-09-11,Baltimore (USA),Indian East Coast (Paradip/Vizag/Gangavaram),9500,2094,345.06,1,41.23
2021-09-12,Baltimore (USA),Indian East Coast (Paradip/Vizag/Gangavaram),9500,2111,341.77,1,37.82
2021-09-13,Baltimore (USA),Indian East Coast (Paradip/Vizag/Gangavaram),9500,2194,342.08,1,40.69
2021-09-14,Baltimore (USA),Indian East Coast (Paradip/Vizag/Gangavaram),9500,2256,342.34,1,42.63
2021-09-15,Baltimore (USA),Indian East Coast (Paradip/Vizag/Gangavaram),9500,2268,338.4,1,39.37
2021-09-16,Baltimore (USA),Indian East Coast (Paradip/Vizag/Gangavaram),9500,2297,338.04,1,42.93
2021-09-17,Baltimore (USA),Indian East Coast (Paradip/Vizag/Gangavaram),9500,2244,340.02,1,44.26
2021-09-18,Baltimore (USA),Indian East Coast (Paradip/Vizag/Gangavaram),9500,2268,341.33,1,40.63
2021-09-19,Baltimore (USA),Indian East Coast (Paradip/Vizag/Gangavaram),9500,2291,340.27,1,41.64
2021-09-20,Baltimore (USA),Indian East Coast (Paradip/Vizag/Gangavaram),9500,2349,338.19,1,41.69
2021-09-21,Baltimore (USA),Indian East Coast (Paradip/Vizag/Gangavaram),9500,2350,335.68,1,44.19
2021-09-22,Baltimore (USA),Indian East Coast (Paradip/Vizag/Gangavaram),9500,2425,336.15,1,43.77
2021-09-23,Baltimore (USA),Indian East Coast (Paradip/Vizag/Gangavaram),9500,2540,335.87,1,48.75
2021-09-24,Baltimore (USA),Indian East Coast (Paradip/Vizag/Gangavaram),9500,2588,336.78,1,44.16
2021-09-25,Baltimore (USA),Indian East Coast (Paradip/Vizag/Gangavaram),9500,2650,336.34,1,46.81
2021-09-26,Baltimore (USA),Indian East Coast (Paradip/Vizag/Gangavaram),9500,2686,337.76,1,49.27
2021-09-27,Baltimore (USA),Indian East Coast (Paradip/Vizag/Gangavaram),9500,2716,337.21,1,47.23
2021-09-28,Baltimore (USA),Indian East Coast (Paradip/Vizag/Gangavaram),9500,2687,338.54,1,47.1
2021-09-29,Baltimore (USA),Indian East Coast (Paradip/Vizag/Gangavaram),9500,2739,340.1,1,47.97
2021-09-30,Baltimore (USA),Indian East Coast (Paradip/Vizag/Gangavaram),9500,2754,337.1,1,45.19
2021-10-01,Baltimore (USA),Indian East Coast (Paradip/Vizag/Gangavaram),9500,2947,331.38,0,43.69
2021-10-02,Baltimore (USA),Indian East Coast (Paradip/Vizag/Gangavaram),9500,3090,334.77,0,42.17
2021-10-03,Baltimore (USA),Indian East Coast (Paradip/Vizag/Gangavaram),9500,3128,334.66,0,42.56
2021-10-04,Baltimore (USA),Indian East Coast (Paradip/Vizag/Gangavaram),9500,3065,329.19,0,42.66
2021-10-05,Baltimore (USA),Indian East Coast (Paradip/Vizag/Gangavaram),9500,2970,326.44,0,39.85
2021-10-06,Baltimore (USA),Indian East Coast (Paradip/Vizag/Gangavaram),9500,3070,327.73,0,45.22
2021-10-07,Baltimore (USA),Indian East Coast (Paradip/Vizag/Gangavaram),9500,3084,326.16,0,44.37
2021-10-08,Baltimore (USA),Indian East Coast (Paradip/Vizag/Gangavaram),9500,3113,323.96,0,43.15
2021-10-09,Baltimore (USA),Indian East Coast (Paradip/Vizag/Gangavaram),9500,2947,326.97,0,44.26
2021-10-10,Baltimore (USA),Indian East Coast (Paradip/Vizag/Gangavaram),9500,3010,323.31,0,40.15
2021-10-11,Baltimore (USA),Indian East Coast (Paradip/Vizag/Gangavaram),9500,3026,320.33,0,42.63
2021-10-12,Baltimore (USA),Indian East Coast (Paradip/Vizag/Gangavaram),9500,2905,320.1,0,42.38
2021-10-13,Baltimore (USA),Indian East Coast (Paradip/Vizag/Gangavaram),9500,2838,320.35,0,41.09
2021-10-14,Baltimore (USA),Indian East Coast (Paradip/Vizag/Gangavaram),9500,2832,320.9,0,41.13
2021-10-15,Baltimore (USA),Indian East Coast (Paradip/Vizag/Gangavaram),9500,2804,322.57,0,40.24
2021-10-16,Baltimore (USA),Indian East Coast (Paradip/Vizag/Gangavaram),9500,2745,322.3,0,39.96
2021-10-17,Baltimore (USA),Indian East Coast (Paradip/Vizag/Gangavaram),9500,2700,322.83,0,39.45
2021-10-18,Baltimore (USA),Indian East Coast (Paradip/Vizag/Gangavaram),9500,2641,321.32,0,39.47
2021-10-19,Baltimore (USA),Indian East Coast (Paradip/Vizag/Gangavaram),9500,2613,320.68,0,37.83
2021-10-20,Baltimore (USA),Indian East Coast (Paradip/Vizag/Gangavaram),9500,2686,320.17,0,41.31
2021-10-21,Baltimore (USA),Indian East Coast (Paradip/Vizag/Gangavaram),9500,2436,319.95,0,36.37
2021-10-22,Baltimore (USA),Indian East Coast (Paradip/Vizag/Gangavaram),9500,2377,321.25,0,36.24
2021-10-23,Baltimore (USA),Indian East Coast (Paradip/Vizag/Gangavaram),9500,2348,321.96,0,37.12
2021-10-24,Baltimore (USA),Indian East Coast (Paradip/Vizag/Gangavaram),9500,2326,321.28,0,35.71
2021-10-25,Baltimore (USA),Indian East Coast (Paradip/Vizag/Gangavaram),9500,2253,318.28,0,36.0
2021-10-26,Baltimore (USA),Indian East Coast (Paradip/Vizag/Gangavaram),9500,2083,317.66,0,33.88
2021-10-27,Baltimore (USA),Indian East Coast (Paradip/Vizag/Gangavaram),9500,2067,316.79,0,33.52
2021-10-28,Baltimore (USA),Indian East Coast (Paradip/Vizag/Gangavaram),9500,2147,316.51,0,36.18
2021-10-29,Baltimore (USA),Indian East Coast (Paradip/Vizag/Gangavaram),9500,1997,321.72,0,31.45
2021-10-30,Baltimore (USA),Indian East Coast (Paradip/Vizag/Gangavaram),9500,2014,319.5,0,31.9
2021-10-31,Baltimore (USA),Indian East Coast (Paradip/Vizag/Gangavaram),9500,1950,319.85,0,33.91
2021-11-01,Baltimore (USA),Indian East Coast (Paradip/Vizag/Gangavaram),9500,1906,321.96,0,32.8
2021-11-02,Baltimore (USA),Indian East Coast (Paradip/Vizag/Gangavaram),9500,1801,321.43,0,31.37
2021-11-03,Baltimore (USA),Indian East Coast (Paradip/Vizag/Gangavaram),9500,1747,327.0,0,30.21
2021-11-04,Baltimore (USA),Indian East Coast (Paradip/Vizag/Gangavaram),9500,1795,325.18,0,30.94
2021-11-05,Baltimore (USA),Indian East Coast (Paradip/Vizag/Gangavaram),9500,1797,325.27,0,32.97
2021-11-06,Baltimore (USA),Indian East Coast (Paradip/Vizag/Gangavaram),9500,1866,322.31,0,32.01
2021-11-07,Baltimore (USA),Indian East Coast (Paradip/Vizag/Gangavaram),9500,1899,320.57,0,31.59
2021-11-08,Baltimore (USA),Indian East Coast (Paradip/Vizag/Gangavaram),9500,1888,320.46,0,30.95
2021-11-09,Baltimore (USA),Indian East Coast (Paradip/Vizag/Gangavaram),9500,1954,321.97,0,33.44
2021-11-10,Baltimore (USA),Indian East Coast (Paradip/Vizag/Gangavaram),9500,1944,322.06,0,31.37
2021-11-11,Baltimore (USA),Indian East Coast (Paradip/Vizag/Gangavaram),9500,1958,324.7,0,32.32
2021-11-12,Baltimore (USA),Indian East Coast (Paradip/Vizag/Gangavaram),9500,1912,323.66,0,33.55
2021-11-13,Baltimore (USA),Indian East Coast (Paradip/Vizag/Gangavaram),9500,1890,321.98,0,33.0
2021-11-14,Baltimore (USA),Indian East Coast (Paradip/Vizag/Gangavaram),9500,1831,328.56,0,30.87
2021-11-15,Baltimore (USA),Indian East Coast (Paradip/Vizag/Gangavaram),9500,1869,328.85,0,30.77
2021-11-16,Baltimore (USA),Indian East Coast (Paradip/Vizag/Gangavaram),9500,1789,326.12,0,32.39
2021-11-17,Baltimore (USA),Indian East Coast (Paradip/Vizag/Gangavaram),9500,1819,323.46,0,30.43
2021-11-18,Baltimore (USA),Indian East Coast (Paradip/Vizag/Gangavaram),9500,1794,320.12,0,29.84
2021-11-19,Baltimore (USA),Indian East Coast (Paradip/Vizag/Gangavaram),9500,1844,321.9,0,31.25
2021-11-20,Baltimore (USA),Indian East Coast (Paradip/Vizag/Gangavaram),9500,1870,320.14,0,31.85
2021-11-21,Baltimore (USA),Indian East Coast (Paradip/Vizag/Gangavaram),9500,1953,319.72,0,32.83
2021-11-22,Baltimore (USA),Indian East Coast (Paradip/Vizag/Gangavaram),9500,1973,318.79,0,31.0
2021-11-23,Baltimore (USA),Indian East Coast (Paradip/Vizag/Gangavaram),9500,1865,320.01,0,31.31
2021-11-24,Baltimore (USA),Indian East Coast (Paradip/Vizag/Gangavaram),9500,1844,316.95,0,32.29
2021-11-25,Baltimore (USA),Indian East Coast (Paradip/Vizag/Gangavaram),9500,1762,313.27,0,31.12
2021-11-26,Baltimore (USA),Indian East Coast (Paradip/Vizag/Gangavaram),9500,1720,313.12,0,29.17
2021-11-27,Baltimore (USA),Indian East Coast (Paradip/Vizag/Gangavaram),9500,1789,314.0,0,29.44
2021-11-28,Baltimore (USA),Indian East Coast (Paradip/Vizag/Gangavaram),9500,1809,314.15,0,30.99
2021-11-29,Baltimore (USA),Indian East Coast (Paradip/Vizag/Gangavaram),9500,1753,311.2,0,29.22
2021-11-30,Baltimore (USA),Indian East Coast (Paradip/Vizag/Gangavaram),9500,1682,312.29,0,30.76
2021-12-01,Baltimore (USA),Indian East Coast (Paradip/Vizag/Gangavaram),9500,1671,309.52,0,29.53
2021-12-02,Baltimore (USA),Indian East Coast (Paradip/Vizag/Gangavaram),9500,1592,307.36,0,28.05
2021-12-03,Baltimore (USA),Indian East Coast (Paradip/Vizag/Gangavaram),9500,1545,304.05,0,27.19
2021-12-04,Baltimore (USA),Indian East Coast (Paradip/Vizag/Gangavaram),9500,1553,306.85,0,27.39
2021-12-05,Baltimore (USA),Indian East Coast (Paradip/Vizag/Gangavaram),9500,1607,307.84,0,27.9
2021-12-06,Baltimore (USA),Indian East Coast (Paradip/Vizag/Gangavaram),9500,1629,308.75,0,29.25
2021-12-07,Baltimore (USA),Indian East Coast (Paradip/Vizag/Gangavaram),9500,1491,311.41,0,27.17
2021-12-08,Baltimore (USA),Indian East Coast (Paradip/Vizag/Gangavaram),9500,1500,318.33,0,27.53
2021-12-09,Baltimore (USA),Indian East Coast (Paradip/Vizag/Gangavaram),9500,1495,312.96,0,28.23
2021-12-10,Baltimore (USA),Indian East Coast (Paradip/Vizag/Gangavaram),9500,1510,310.22,0,28.27
2021-12-11,Baltimore (USA),Indian East Coast (Paradip/Vizag/Gangavaram),9500,1589,307.83,0,28.42
2021-12-12,Baltimore (USA),Indian East Coast (Paradip/Vizag/Gangavaram),9500,1464,304.79,0,29.29
2021-12-13,Baltimore (USA),Indian East Coast (Paradip/Vizag/Gangavaram),9500,1423,301.14,0,28.07
2021-12-14,Baltimore (USA),Indian East Coast (Paradip/Vizag/Gangavaram),9500,1449,299.61,0,27.76
2021-12-15,Baltimore (USA),Indian East Coast (Paradip/Vizag/Gangavaram),9500,1354,295.59,0,26.62
2021-12-16,Baltimore (USA),Indian East Coast (Paradip/Vizag/Gangavaram),9500,1430,295.8,0,26.71
2021-12-17,Baltimore (USA),Indian East Coast (Paradip/Vizag/Gangavaram),9500,1442,295.23,0,25.99
2021-12-18,Baltimore (USA),Indian East Coast (Paradip/Vizag/Gangavaram),9500,1481,295.84,0,28.98
2021-12-19,Baltimore (USA),Indian East Coast (Paradip/Vizag/Gangavaram),9500,1439,296.52,0,27.71
2021-12-20,Baltimore (USA),Indian East Coast (Paradip/Vizag/Gangavaram),9500,1475,297.46,0,27.82
2021-12-21,Baltimore (USA),Indian East Coast (Paradip/Vizag/Gangavaram),9500,1524,295.75,0,27.27
2021-12-22,Baltimore (USA),Indian East Coast (Paradip/Vizag/Gangavaram),9500,1524,300.83,0,29.1
2021-12-23,Baltimore (USA),Indian East Coast (Paradip/Vizag/Gangavaram),9500,1525,300.78,0,27.64
2021-12-24,Baltimore (USA),Indian East Coast (Paradip/Vizag/Gangavaram),9500,1527,295.03,0,26.98
2021-12-25,Baltimore (USA),Indian East Coast (Paradip/Vizag/Gangavaram),9500,1466,291.62,0,26.68
2021-12-26,Baltimore (USA),Indian East Coast (Paradip/Vizag/Gangavaram),9500,1447,286.2,0,28.64
2021-12-27,Baltimore (USA),Indian East Coast (Paradip/Vizag/Gangavaram),9500,1428,285.58,0,25.11
2021-12-28,Baltimore (USA),Indian East Coast (Paradip/Vizag/Gangavaram),9500,1439,284.57,0,26.38
2021-12-29,Baltimore (USA),Indian East Coast (Paradip/Vizag/Gangavaram),9500,1483,282.63,0,29.07
2021-12-30,Baltimore (USA),Indian East Coast (Paradip/Vizag/Gangavaram),9500,1412,287.43,0,27.62
2021-12-31,Baltimore (USA),Indian East Coast (Paradip/Vizag/Gangavaram),9500,1395,288.26,0,25.51
2022-01-01,Baltimore (USA),Indian East Coast (Paradip/Vizag/Gangavaram),9500,1466,289.58,0,26.22
2022-01-02,Baltimore (USA),Indian East Coast (Paradip/Vizag/Gangavaram),9500,1413,286.39,0,24.95
2022-01-03,Baltimore (USA),Indian East Coast (Paradip/Vizag/Gangavaram),9500,1357,283.02,0,25.11
2022-01-04,Baltimore (USA),Indian East Coast (Paradip/Vizag/Gangavaram),9500,1358,282.47,0,26.95
2022-01-05,Baltimore (USA),Indian East Coast (Paradip/Vizag/Gangavaram),9500,1395,282.29,0,26.85
2022-01-06,Baltimore (USA),Indian East Coast (Paradip/Vizag/Gangavaram),9500,1385,280.0,0,24.45
2022-01-07,Baltimore (USA),Indian East Coast (Paradip/Vizag/Gangavaram),9500,1447,280.0,0,25.02
2022-01-08,Baltimore (USA),Indian East Coast (Paradip/Vizag/Gangavaram),9500,1481,280.0,0,26.17
2022-01-09,Baltimore (USA),Indian East Coast (Paradip/Vizag/Gangavaram),9500,1513,280.0,0,29.28
2022-01-10,Baltimore (USA),Indian East Coast (Paradip/Vizag/Gangavaram),9500,1527,280.0,0,27.71
2022-01-11,Baltimore (USA),Indian East Coast (Paradip/Vizag/Gangavaram),9500,1638,280.0,0,28.11
2022-01-12,Baltimore (USA),Indian East Coast (Paradip/Vizag/Gangavaram),9500,1606,280.0,0,26.95
2022-01-13,Baltimore (USA),Indian East Coast (Paradip/Vizag/Gangavaram),9500,1476,280.0,0,24.5
2022-01-14,Baltimore (USA),Indian East Coast (Paradip/Vizag/Gangavaram),9500,1549,280.0,0,27.53
2022-01-15,Baltimore (USA),Indian East Coast (Paradip/Vizag/Gangavaram),9500,1505,280.0,0,26.9
2022-01-16,Baltimore (USA),Indian East Coast (Paradip/Vizag/Gangavaram),9500,1494,280.0,0,25.72
2022-01-17,Baltimore (USA),Indian East Coast (Paradip/Vizag/Gangavaram),9500,1550,280.0,0,26.92
2022-01-18,Baltimore (USA),Indian East Coast (Paradip/Vizag/Gangavaram),9500,1442,280.0,0,26.02
2022-01-19,Baltimore (USA),Indian East Coast (Paradip/Vizag/Gangavaram),9500,1358,280.0,0,24.48
2022-01-20,Baltimore (USA),Indian East Coast (Paradip/Vizag/Gangavaram),9500,1258,280.0,0,25.9
2022-01-21,Baltimore (USA),Indian East Coast (Paradip/Vizag/Gangavaram),9500,1205,280.0,0,23.68
2022-01-22,Baltimore (USA),Indian East Coast (Paradip/Vizag/Gangavaram),9500,1221,280.0,0,23.76
2022-01-23,Baltimore (USA),Indian East Coast (Paradip/Vizag/Gangavaram),9500,1241,280.0,0,24.49
2022-01-24,Baltimore (USA),Indian East Coast (Paradip/Vizag/Gangavaram),9500,1247,280.0,0,25.41
2022-01-25,Baltimore (USA),Indian East Coast (Paradip/Vizag/Gangavaram),9500,1160,280.0,0,22.84
2022-01-26,Baltimore (USA),Indian East Coast (Paradip/Vizag/Gangavaram),9500,1026,280.0,0,23.06
2022-01-27,Baltimore (USA),Indian East Coast (Paradip/Vizag/Gangavaram),9500,1027,280.0,0,22.47
2022-01-28,Baltimore (USA),Indian East Coast (Paradip/Vizag/Gangavaram),9500,998,280.0,0,21.82
2022-01-29,Baltimore (USA),Indian East Coast (Paradip/Vizag/Gangavaram),9500,1022,280.0,0,23.7
2022-01-30,Baltimore (USA),Indian East Coast (Paradip/Vizag/Gangavaram),9500,1057,280.0,0,21.76
2022-01-31,Baltimore (USA),Indian East Coast (Paradip/Vizag/Gangavaram),9500,1061,280.0,0,23.24
2022-02-01,Baltimore (USA),Indian East Coast (Paradip/Vizag/Gangavaram),9500,1098,280.0,0,24.02
2022-02-02,Baltimore (USA),Indian East Coast (Paradip/Vizag/Gangavaram),9500,1105,280.0,0,22.6
2022-02-03,Baltimore (USA),Indian East Coast (Paradip/Vizag/Gangavaram),9500,1127,280.0,0,23.17
2022-02-04,Baltimore (USA),Indian East Coast (Paradip/Vizag/Gangavaram),9500,1081,280.0,0,24.63
2022-02-05,Baltimore (USA),Indian East Coast (Paradip/Vizag/Gangavaram),9500,1065,280.0,0,22.92
2022-02-06,Baltimore (USA),Indian East Coast (Paradip/Vizag/Gangavaram),9500,1071,280.0,0,22.86
2022-02-07,Baltimore (USA),Indian East Coast (Paradip/Vizag/Gangavaram),9500,1110,280.0,0,22.66
2022-02-08,Baltimore (USA),Indian East Coast (Paradip/Vizag/Gangavaram),9500,1081,280.0,0,23.32
2022-02-09,Baltimore (USA),Indian East Coast (Paradip/Vizag/Gangavaram),9500,1103,280.0,0,23.76
2022-02-10,Baltimore (USA),Indian East Coast (Paradip/Vizag/Gangavaram),9500,1081,280.0,0,22.99
2022-02-11,Baltimore (USA),Indian East Coast (Paradip/Vizag/Gangavaram),9500,1067,280.0,0,21.54
2022-02-12,Baltimore (USA),Indian East Coast (Paradip/Vizag/Gangavaram),9500,1106,280.0,0,23.44
2022-02-13,Baltimore (USA),Indian East Coast (Paradip/Vizag/Gangavaram),9500,988,280.0,0,21.75
2022-02-14,Baltimore (USA),Indian East Coast (Paradip/Vizag/Gangavaram),9500,913,280.0,0,21.68
2022-02-15,Baltimore (USA),Indian East Coast (Paradip/Vizag/Gangavaram),9500,829,280.0,0,20.98
2022-02-16,Baltimore (USA),Indian East Coast (Paradip/Vizag/Gangavaram),9500,702,280.0,0,20.34
2022-02-17,Baltimore (USA),Indian East Coast (Paradip/Vizag/Gangavaram),9500,670,280.0,0,18.84
2022-02-18,Baltimore (USA),Indian East Coast (Paradip/Vizag/Gangavaram),9500,718,280.0,0,19.18
2022-02-19,Baltimore (USA),Indian East Coast (Paradip/Vizag/Gangavaram),9500,706,280.0,0,19.98
2022-02-20,Baltimore (USA),Indian East Coast (Paradip/Vizag/Gangavaram),9500,722,280.0,0,18.76
2022-02-21,Baltimore (USA),Indian East Coast (Paradip/Vizag/Gangavaram),9500,786,280.0,0,20.94
2022-02-22,Baltimore (USA),Indian East Coast (Paradip/Vizag/Gangavaram),9500,860,280.0,0,19.88
2022-02-23,Baltimore (USA),Indian East Coast (Paradip/Vizag/Gangavaram),9500,855,280.0,0,21.18
2022-02-24,Baltimore (USA),Indian East Coast (Paradip/Vizag/Gangavaram),9500,929,280.0,0,22.25
2022-02-25,Baltimore (USA),Indian East Coast (Paradip/Vizag/Gangavaram),9500,930,280.0,0,21.25
2022-02-26,Baltimore (USA),Indian East Coast (Paradip/Vizag/Gangavaram),9500,880,280.0,0,21.61
2022-02-27,Baltimore (USA),Indian East Coast (Paradip/Vizag/Gangavaram),9500,846,280.0,0,21.33
2022-02-28,Baltimore (USA),Indian East Coast (Paradip/Vizag/Gangavaram),9500,764,280.0,0,19.93
2022-03-01,Baltimore (USA),Indian East Coast (Paradip/Vizag/Gangavaram),9500,718,280.0,0,19.52
2022-03-02,Baltimore (USA),Indian East Coast (Paradip/Vizag/Gangavaram),9500,702,280.0,0,19.73
2022-03-03,Baltimore (USA),Indian East Coast (Paradip/Vizag/Gangavaram),9500,752,280.0,0,18.53
2022-03-04,Baltimore (USA),Indian East Coast (Paradip/Vizag/Gangavaram),9500,851,280.0,0,21.0
2022-03-05,Baltimore (USA),Indian East Coast (Paradip/Vizag/Gangavaram),9500,775,280.0,0,18.73
2022-03-06,Baltimore (USA),Indian East Coast (Paradip/Vizag/Gangavaram),9500,800,280.0,0,19.09
2022-03-07,Baltimore (USA),Indian East Coast (Paradip/Vizag/Gangavaram),9500,744,280.0,0,19.96
2022-03-08,Baltimore (USA),Indian East Coast (Paradip/Vizag/Gangavaram),9500,776,280.0,0,19.76
2022-03-09,Baltimore (USA),Indian East Coast (Paradip/Vizag/Gangavaram),9500,772,280.0,0,19.91
2022-03-10,Baltimore (USA),Indian East Coast (Paradip/Vizag/Gangavaram),9500,672,280.0,0,19.07
2022-03-11,Baltimore (USA),Indian East Coast (Paradip/Vizag/Gangavaram),9500,733,280.0,0,20.0
2022-03-12,Baltimore (USA),Indian East Coast (Paradip/Vizag/Gangavaram),9500,704,280.0,0,18.68
2022-03-13,Baltimore (USA),Indian East Coast (Paradip/Vizag/Gangavaram),9500,679,280.0,0,18.3
2022-03-14,Baltimore (USA),Indian East Coast (Paradip/Vizag/Gangavaram),9500,625,280.0,0,17.45
2022-03-15,Baltimore (USA),Indian East Coast (Paradip/Vizag/Gangavaram),9500,596,280.0,0,19.39
2022-03-16,Baltimore (USA),Indian East Coast (Paradip/Vizag/Gangavaram),9500,632,280.0,0,18.54
2022-03-17,Baltimore (USA),Indian East Coast (Paradip/Vizag/Gangavaram),9500,630,280.0,0,19.87
2022-03-18,Baltimore (USA),Indian East Coast (Paradip/Vizag/Gangavaram),9500,659,280.0,0,18.63
2022-03-19,Baltimore (USA),Indian East Coast (Paradip/Vizag/Gangavaram),9500,690,280.0,0,19.94
2022-03-20,Baltimore (USA),Indian East Coast (Paradip/Vizag/Gangavaram),9500,778,280.0,0,20.08
2022-03-21,Baltimore (USA),Indian East Coast (Paradip/Vizag/Gangavaram),9500,763,280.0,0,20.25
2022-03-22,Baltimore (USA),Indian East Coast (Paradip/Vizag/Gangavaram),9500,679,280.0,0,18.88
2022-03-23,Baltimore (USA),Indian East Coast (Paradip/Vizag/Gangavaram),9500,753,280.0,0,19.72
2022-03-24,Baltimore (USA),Indian East Coast (Paradip/Vizag/Gangavaram),9500,740,280.0,0,18.72
2022-03-25,Baltimore (USA),Indian East Coast (Paradip/Vizag/Gangavaram),9500,816,280.0,0,21.04
2022-03-26,Baltimore (USA),Indian East Coast (Paradip/Vizag/Gangavaram),9500,846,280.0,0,21.26
2022-03-27,Baltimore (USA),Indian East Coast (Paradip/Vizag/Gangavaram),9500,842,280.0,0,21.73
2022-03-28,Baltimore (USA),Indian East Coast (Paradip/Vizag/Gangavaram),9500,869,280.0,0,20.97
2022-03-29,Baltimore (USA),Indian East Coast (Paradip/Vizag/Gangavaram),9500,997,280.0,0,21.89
2022-03-30,Baltimore (USA),Indian East Coast (Paradip/Vizag/Gangavaram),9500,1131,280.0,0,22.65
2022-03-31,Baltimore (USA),Indian East Coast (Paradip/Vizag/Gangavaram),9500,1131,280.0,0,22.69
2022-04-01,Baltimore (USA),Indian East Coast (Paradip/Vizag/Gangavaram),9500,1138,280.0,0,23.68
2022-04-02,Baltimore (USA),Indian East Coast (Paradip/Vizag/Gangavaram),9500,1205,280.0,0,24.01
2022-04-03,Baltimore (USA),Indian East Coast (Paradip/Vizag/Gangavaram),9500,1143,280.0,0,22.22
2022-04-04,Baltimore (USA),Indian East Coast (Paradip/Vizag/Gangavaram),9500,1161,280.0,0,24.55
2022-04-05,Baltimore (USA),Indian East Coast (Paradip/Vizag/Gangavaram),9500,1155,280.0,0,21.19
2022-04-06,Baltimore (USA),Indian East Coast (Paradip/Vizag/Gangavaram),9500,1172,280.0,0,23.09
2022-04-07,Baltimore (USA),Indian East Coast (Paradip/Vizag/Gangavaram),9500,1111,280.0,0,22.09
2022-04-08,Baltimore (USA),Indian East Coast (Paradip/Vizag/Gangavaram),9500,1000,285.4,0,23.17
2022-04-09,Baltimore (USA),Indian East Coast (Paradip/Vizag/Gangavaram),9500,859,290.78,0,21.91
2022-04-10,Baltimore (USA),Indian East Coast (Paradip/Vizag/Gangavaram),9500,787,289.26,0,21.6
2022-04-11,Baltimore (USA),Indian East Coast (Paradip/Vizag/Gangavaram),9500,762,293.3,0,19.77
2022-04-12,Baltimore (USA),Indian East Coast (Paradip/Vizag/Gangavaram),9500,749,299.27,0,19.73
2022-04-13,Baltimore (USA),Indian East Coast (Paradip/Vizag/Gangavaram),9500,891,305.44,0,21.38
2022-04-14,Baltimore (USA),Indian East Coast (Paradip/Vizag/Gangavaram),9500,971,307.22,0,22.88
2022-04-15,Baltimore (USA),Indian East Coast (Paradip/Vizag/Gangavaram),9500,904,313.35,0,21.05
2022-04-16,Baltimore (USA),Indian East Coast (Paradip/Vizag/Gangavaram),9500,931,318.87,0,23.51
2022-04-17,Baltimore (USA),Indian East Coast (Paradip/Vizag/Gangavaram),9500,904,328.89,0,22.55
2022-04-18,Baltimore (USA),Indian East Coast (Paradip/Vizag/Gangavaram),9500,887,329.9,0,23.02
2022-04-19,Baltimore (USA),Indian East Coast (Paradip/Vizag/Gangavaram),9500,902,331.58,0,21.64
2022-04-20,Baltimore (USA),Indian East Coast (Paradip/Vizag/Gangavaram),9500,948,333.83,0,23.04
2022-04-21,Baltimore (USA),Indian East Coast (Paradip/Vizag/Gangavaram),9500,925,335.6,0,21.39
2022-04-22,Baltimore (USA),Indian East Coast (Paradip/Vizag/Gangavaram),9500,1001,336.29,0,23.91
2022-04-23,Baltimore (USA),Indian East Coast (Paradip/Vizag/Gangavaram),9500,918,331.89,0,23.17
2022-04-24,Baltimore (USA),Indian East Coast (Paradip/Vizag/Gangavaram),9500,919,333.83,0,23.06
2022-04-25,Baltimore (USA),Indian East Coast (Paradip/Vizag/Gangavaram),9500,1105,337.97,0,24.79
2022-04-26,Baltimore (USA),Indian East Coast (Paradip/Vizag/Gangavaram),9500,1115,339.76,0,25.15
2022-04-27,Baltimore (USA),Indian East Coast (Paradip/Vizag/Gangavaram),9500,1211,348.15,0,25.66
2022-04-28,Baltimore (USA),Indian East Coast (Paradip/Vizag/Gangavaram),9500,1207,351.31,0,25.5
2022-04-29,Baltimore (USA),Indian East Coast (Paradip/Vizag/Gangavaram),9500,1238,357.94,0,26.41
2022-04-30,Baltimore (USA),Indian East Coast (Paradip/Vizag/Gangavaram),9500,1222,361.75,0,27.26
2022-05-01,Baltimore (USA),Indian East Coast (Paradip/Vizag/Gangavaram),9500,1198,367.09,0,26.94
2022-05-02,Baltimore (USA),Indian East Coast (Paradip/Vizag/Gangavaram),9500,1131,370.93,0,28.48
2022-05-03,Baltimore (USA),Indian East Coast (Paradip/Vizag/Gangavaram),9500,1153,377.71,0,27.59
2022-05-04,Baltimore (USA),Indian East Coast (Paradip/Vizag/Gangavaram),9500,1082,380.9,0,24.83
2022-05-05,Baltimore (USA),Indian East Coast (Paradip/Vizag/Gangavaram),9500,1121,385.26,0,26.06
2022-05-06,Baltimore (USA),Indian East Coast (Paradip/Vizag/Gangavaram),9500,1188,389.24,0,25.95
2022-05-07,Baltimore (USA),Indian East Coast (Paradip/Vizag/Gangavaram),9500,1201,391.41,0,28.5
2022-05-08,Baltimore (USA),Indian East Coast (Paradip/Vizag/Gangavaram),9500,1167,395.44,0,27.16
2022-05-09,Baltimore (USA),Indian East Coast (Paradip/Vizag/Gangavaram),9500,1186,404.41,0,27.69
2022-05-10,Baltimore (USA),Indian East Coast (Paradip/Vizag/Gangavaram),9500,1150,406.52,0,25.81
2022-05-11,Baltimore (USA),Indian East Coast (Paradip/Vizag/Gangavaram),9500,1203,410.48,0,26.27
2022-05-12,Baltimore (USA),Indian East Coast (Paradip/Vizag/Gangavaram),9500,1060,416.67,0,28.66
2022-05-13,Baltimore (USA),Indian East Coast (Paradip/Vizag/Gangavaram),9500,1026,422.5,0,27.28
2022-05-14,Baltimore (USA),Indian East Coast (Paradip/Vizag/Gangavaram),9500,880,425.21,0,24.48
2022-05-15,Baltimore (USA),Indian East Coast (Paradip/Vizag/Gangavaram),9500,773,421.36,0,24.2
2022-05-16,Baltimore (USA),Indian East Coast (Paradip/Vizag/Gangavaram),9500,866,425.34,0,24.27
2022-05-17,Baltimore (USA),Indian East Coast (Paradip/Vizag/Gangavaram),9500,923,421.83,0,25.95
2022-05-18,Baltimore (USA),Indian East Coast (Paradip/Vizag/Gangavaram),9500,868,428.3,0,24.25
2022-05-19,Baltimore (USA),Indian East Coast (Paradip/Vizag/Gangavaram),9500,762,431.17,0,24.47
2022-05-20,Baltimore (USA),Indian East Coast (Paradip/Vizag/Gangavaram),9500,563,436.25,0,22.34
2022-05-21,Baltimore (USA),Indian East Coast (Paradip/Vizag/Gangavaram),9500,533,436.08,0,22.77
2022-05-22,Baltimore (USA),Indian East Coast (Paradip/Vizag/Gangavaram),9500,702,434.08,0,23.91
2022-05-23,Baltimore (USA),Indian East Coast (Paradip/Vizag/Gangavaram),9500,731,436.95,0,24.63
2022-05-24,Baltimore (USA),Indian East Coast (Paradip/Vizag/Gangavaram),9500,694,438.95,0,23.1
2022-05-25,Baltimore (USA),Indian East Coast (Paradip/Vizag/Gangavaram),9500,725,439.64,0,24.59
2022-05-26,Baltimore (USA),Indian East Coast (Paradip/Vizag/Gangavaram),9500,623,441.82,0,22.5
2022-05-27,Baltimore (USA),Indian East Coast (Paradip/Vizag/Gangavaram),9500,607,451.23,0,22.94
2022-05-28,Baltimore (USA),Indian East Coast (Paradip/Vizag/Gangavaram),9500,617,455.3,0,24.57
2022-05-29,Baltimore (USA),Indian East Coast (Paradip/Vizag/Gangavaram),9500,614,459.88,0,23.51
2022-05-30,Baltimore (USA),Indian East Coast (Paradip/Vizag/Gangavaram),9500,667,463.83,0,23.59
2022-05-31,Baltimore (USA),Indian East Coast (Paradip/Vizag/Gangavaram),9500,689,469.42,0,24.21
2022-06-01,Baltimore (USA),Indian East Coast (Paradip/Vizag/Gangavaram),9500,730,470.4,1,30.09
2022-06-02,Baltimore (USA),Indian East Coast (Paradip/Vizag/Gangavaram),9500,684,466.22,1,29.89
2022-06-03,Baltimore (USA),Indian East Coast (Paradip/Vizag/Gangavaram),9500,739,467.04,1,28.19
2022-06-04,Baltimore (USA),Indian East Coast (Paradip/Vizag/Gangavaram),9500,835,470.49,1,27.93
2022-06-05,Baltimore (USA),Indian East Coast (Paradip/Vizag/Gangavaram),9500,769,469.01,1,29.98
2022-06-06,Baltimore (USA),Indian East Coast (Paradip/Vizag/Gangavaram),9500,710,469.61,1,28.56
2022-06-07,Baltimore (USA),Indian East Coast (Paradip/Vizag/Gangavaram),9500,788,468.71,1,31.63
2022-06-08,Baltimore (USA),Indian East Coast (Paradip/Vizag/Gangavaram),9500,771,473.7,1,28.9
2022-06-09,Baltimore (USA),Indian East Coast (Paradip/Vizag/Gangavaram),9500,848,476.55,1,29.36
2022-06-10,Baltimore (USA),Indian East Coast (Paradip/Vizag/Gangavaram),9500,814,479.05,1,30.07
2022-06-11,Baltimore (USA),Indian East Coast (Paradip/Vizag/Gangavaram),9500,892,481.38,1,28.14
2022-06-12,Baltimore (USA),Indian East Coast (Paradip/Vizag/Gangavaram),9500,889,481.83,1,31.27
2022-06-13,Baltimore (USA),Indian East Coast (Paradip/Vizag/Gangavaram),9500,894,482.82,1,31.32
2022-06-14,Baltimore (USA),Indian East Coast (Paradip/Vizag/Gangavaram),9500,974,479.97,1,33.25
2022-06-15,Baltimore (USA),Indian East Coast (Paradip/Vizag/Gangavaram),9500,940,474.3,1,32.53
2022-06-16,Baltimore (USA),Indian East Coast (Paradip/Vizag/Gangavaram),9500,875,474.9,1,29.93
2022-06-17,Baltimore (USA),Indian East Coast (Paradip/Vizag/Gangavaram),9500,840,475.88,1,28.37
2022-06-18,Baltimore (USA),Indian East Coast (Paradip/Vizag/Gangavaram),9500,858,479.18,1,29.09
2022-06-19,Baltimore (USA),Indian East Coast (Paradip/Vizag/Gangavaram),9500,762,483.37,1,30.79
2022-06-20,Baltimore (USA),Indian East Coast (Paradip/Vizag/Gangavaram),9500,793,487.47,1,29.56
2022-06-21,Baltimore (USA),Indian East Coast (Paradip/Vizag/Gangavaram),9500,757,484.5,1,28.42
2022-06-22,Baltimore (USA),Indian East Coast (Paradip/Vizag/Gangavaram),9500,817,483.19,1,30.58
2022-06-23,Baltimore (USA),Indian East Coast (Paradip/Vizag/Gangavaram),9500,678,484.06,1,27.69
2022-06-24,Baltimore (USA),Indian East Coast (Paradip/Vizag/Gangavaram),9500,634,490.42,1,28.6
2022-06-25,Baltimore (USA),Indian East Coast (Paradip/Vizag/Gangavaram),9500,542,493.84,1,28.13
2022-06-26,Baltimore (USA),Indian East Coast (Paradip/Vizag/Gangavaram),9500,502,496.19,1,26.78
2022-06-27,Baltimore (USA),Indian East Coast (Paradip/Vizag/Gangavaram),9500,522,494.35,1,28.2
2022-06-28,Baltimore (USA),Indian East Coast (Paradip/Vizag/Gangavaram),9500,518,491.08,1,25.46
2022-06-29,Baltimore (USA),Indian East Coast (Paradip/Vizag/Gangavaram),9500,511,492.27,1,29.64
2022-06-30,Baltimore (USA),Indian East Coast (Paradip/Vizag/Gangavaram),9500,509,488.25,1,27.75
2022-07-01,Baltimore (USA),Indian East Coast (Paradip/Vizag/Gangavaram),9500,528,486.48,1,26.96
2022-07-02,Baltimore (USA),Indian East Coast (Paradip/Vizag/Gangavaram),9500,479,484.98,1,27.06
2022-07-03,Baltimore (USA),Indian East Coast (Paradip/Vizag/Gangavaram),9500,526,488.03,1,26.57
2022-07-04,Baltimore (USA),Indian East Coast (Paradip/Vizag/Gangavaram),9500,570,485.72,1,27.41
2022-07-05,Baltimore (USA),Indian East Coast (Paradip/Vizag/Gangavaram),9500,596,477.65,1,28.72
2022-07-06,Baltimore (USA),Indian East Coast (Paradip/Vizag/Gangavaram),9500,632,477.52,1,26.68
2022-07-07,Baltimore (USA),Indian East Coast (Paradip/Vizag/Gangavaram),9500,652,474.05,1,30.36
2022-07-08,Baltimore (USA),Indian East Coast (Paradip/Vizag/Gangavaram),9500,767,472.51,1,29.23
2022-07-09,Baltimore (USA),Indian East Coast (Paradip/Vizag/Gangavaram),9500,761,470.56,1,29.44
2022-07-10,Baltimore (USA),Indian East Coast (Paradip/Vizag/Gangavaram),9500,744,468.03,1,30.3
2022-07-11,Baltimore (USA),Indian East Coast (Paradip/Vizag/Gangavaram),9500,702,468.33,1,29.46
2022-07-12,Baltimore (USA),Indian East Coast (Paradip/Vizag/Gangavaram),9500,647,462.24,1,26.46
2022-07-13,Baltimore (USA),Indian East Coast (Paradip/Vizag/Gangavaram),9500,582,458.86,1,27.06
2022-07-14,Baltimore (USA),Indian East Coast (Paradip/Vizag/Gangavaram),9500,540,458.68,1,25.88
2022-07-15,Baltimore (USA),Indian East Coast (Paradip/Vizag/Gangavaram),9500,544,454.91,1,26.03
2022-07-16,Baltimore (USA),Indian East Coast (Paradip/Vizag/Gangavaram),9500,570,448.38,1,26.07
2022-07-17,Baltimore (USA),Indian East Coast (Paradip/Vizag/Gangavaram),9500,579,447.99,1,24.56
2022-07-18,Baltimore (USA),Indian East Coast (Paradip/Vizag/Gangavaram),9500,544,448.78,1,27.92
2022-07-19,Baltimore (USA),Indian East Coast (Paradip/Vizag/Gangavaram),9500,602,446.35,1,24.45
2022-07-20,Baltimore (USA),Indian East Coast (Paradip/Vizag/Gangavaram),9500,649,438.66,1,26.91
2022-07-21,Baltimore (USA),Indian East Coast (Paradip/Vizag/Gangavaram),9500,645,438.18,1,27.42
2022-07-22,Baltimore (USA),Indian East Coast (Paradip/Vizag/Gangavaram),9500,614,431.22,1,26.62
2022-07-23,Baltimore (USA),Indian East Coast (Paradip/Vizag/Gangavaram),9500,650,429.57,1,26.72
2022-07-24,Baltimore (USA),Indian East Coast (Paradip/Vizag/Gangavaram),9500,665,424.64,1,26.75
2022-07-25,Baltimore (USA),Indian East Coast (Paradip/Vizag/Gangavaram),9500,590,418.92,1,25.81
2022-07-26,Baltimore (USA),Indian East Coast (Paradip/Vizag/Gangavaram),9500,594,415.13,1,28.85
2022-07-27,Baltimore (USA),Indian East Coast (Paradip/Vizag/Gangavaram),9500,616,412.01,1,26.16
2022-07-28,Baltimore (USA),Indian East Coast (Paradip/Vizag/Gangavaram),9500,573,407.61,1,26.41
2022-07-29,Baltimore (USA),Indian East Coast (Paradip/Vizag/Gangavaram),9500,592,406.54,1,24.39
2022-07-30,Baltimore (USA),Indian East Coast (Paradip/Vizag/Gangavaram),9500,520,402.63,1,24.03
2022-07-31,Baltimore (USA),Indian East Coast (Paradip/Vizag/Gangavaram),9500,604,402.59,1,24.48
2022-08-01,Baltimore (USA),Indian East Coast (Paradip/Vizag/Gangavaram),9500,681,400.62,1,27.3
2022-08-02,Baltimore (USA),Indian East Coast (Paradip/Vizag/Gangavaram),9500,672,395.98,1,25.55
2022-08-03,Baltimore (USA),Indian East Coast (Paradip/Vizag/Gangavaram),9500,698,390.87,1,27.26
2022-08-04,Baltimore (USA),Indian East Coast (Paradip/Vizag/Gangavaram),9500,570,383.63,1,24.58
2022-08-05,Baltimore (USA),Indian East Coast (Paradip/Vizag/Gangavaram),9500,516,381.65,1,23.59
2022-08-06,Baltimore (USA),Indian East Coast (Paradip/Vizag/Gangavaram),9500,512,377.91,1,23.91
2022-08-07,Baltimore (USA),Indian East Coast (Paradip/Vizag/Gangavaram),9500,465,368.69,1,22.81
2022-08-08,Baltimore (USA),Indian East Coast (Paradip/Vizag/Gangavaram),9500,518,364.46,1,23.71
2022-08-09,Baltimore (USA),Indian East Coast (Paradip/Vizag/Gangavaram),9500,640,359.25,1,23.12
2022-08-10,Baltimore (USA),Indian East Coast (Paradip/Vizag/Gangavaram),9500,583,360.78,1,24.18
2022-08-11,Baltimore (USA),Indian East Coast (Paradip/Vizag/Gangavaram),9500,547,353.4,1,22.34
2022-08-12,Baltimore (USA),Indian East Coast (Paradip/Vizag/Gangavaram),9500,572,346.75,1,23.18
2022-08-13,Baltimore (USA),Indian East Coast (Paradip/Vizag/Gangavaram),9500,671,347.06,1,22.99
2022-08-14,Baltimore (USA),Indian East Coast (Paradip/Vizag/Gangavaram),9500,611,348.06,1,23.36
2022-08-15,Baltimore (USA),Indian East Coast (Paradip/Vizag/Gangavaram),9500,635,343.36,1,24.75
2022-08-16,Baltimore (USA),Indian East Coast (Paradip/Vizag/Gangavaram),9500,744,339.0,1,25.21
2022-08-17,Baltimore (USA),Indian East Coast (Paradip/Vizag/Gangavaram),9500,659,338.05,1,24.28
2022-08-18,Baltimore (USA),Indian East Coast (Paradip/Vizag/Gangavaram),9500,597,329.14,1,23.71
2022-08-19,Baltimore (USA),Indian East Coast (Paradip/Vizag/Gangavaram),9500,585,321.52,1,24.5
2022-08-20,Baltimore (USA),Indian East Coast (Paradip/Vizag/Gangavaram),9500,568,318.24,1,22.28
2022-08-21,Baltimore (USA),Indian East Coast (Paradip/Vizag/Gangavaram),9500,625,319.98,1,23.7
2022-08-22,Baltimore (USA),Indian East Coast (Paradip/Vizag/Gangavaram),9500,649,316.35,1,23.13
2022-08-23,Baltimore (USA),Indian East Coast (Paradip/Vizag/Gangavaram),9500,561,314.23,1,22.58
2022-08-24,Baltimore (USA),Indian East Coast (Paradip/Vizag/Gangavaram),9500,603,314.97,1,22.9
2022-08-25,Baltimore (USA),Indian East Coast (Paradip/Vizag/Gangavaram),9500,583,318.4,1,22.19
2022-08-26,Baltimore (USA),Indian East Coast (Paradip/Vizag/Gangavaram),9500,666,314.58,1,22.63
2022-08-27,Baltimore (USA),Indian East Coast (Paradip/Vizag/Gangavaram),9500,641,312.34,1,23.06
2022-08-28,Baltimore (USA),Indian East Coast (Paradip/Vizag/Gangavaram),9500,617,315.16,1,21.55
2022-08-29,Baltimore (USA),Indian East Coast (Paradip/Vizag/Gangavaram),9500,659,308.93,1,21.98
2022-08-30,Baltimore (USA),Indian East Coast (Paradip/Vizag/Gangavaram),9500,712,309.71,1,24.37
2022-08-31,Baltimore (USA),Indian East Coast (Paradip/Vizag/Gangavaram),9500,746,304.98,1,24.17
2022-09-01,Baltimore (USA),Indian East Coast (Paradip/Vizag/Gangavaram),9500,662,303.37,1,20.77
2022-09-02,Baltimore (USA),Indian East Coast (Paradip/Vizag/Gangavaram),9500,702,300.88,1,22.49
2022-09-03,Baltimore (USA),Indian East Coast (Paradip/Vizag/Gangavaram),9500,656,296.52,1,22.44
2022-09-04,Baltimore (USA),Indian East Coast (Paradip/Vizag/Gangavaram),9500,681,292.16,1,22.7
2022-09-05,Baltimore (USA),Indian East Coast (Paradip/Vizag/Gangavaram),9500,614,291.3,1,22.36
2022-09-06,Baltimore (USA),Indian East Coast (Paradip/Vizag/Gangavaram),9500,652,292.47,1,21.77
2022-09-07,Baltimore (USA),Indian East Coast (Paradip/Vizag/Gangavaram),9500,620,290.66,1,21.3
2022-09-08,Baltimore (USA),Indian East Coast (Paradip/Vizag/Gangavaram),9500,564,289.47,1,21.78
2022-09-09,Baltimore (USA),Indian East Coast (Paradip/Vizag/Gangavaram),9500,619,289.72,1,22.09
2022-09-10,Baltimore (USA),Indian East Coast (Paradip/Vizag/Gangavaram),9500,647,285.86,1,21.61
2022-09-11,Baltimore (USA),Indian East Coast (Paradip/Vizag/Gangavaram),9500,627,286.74,1,20.96
2022-09-12,Baltimore (USA),Indian East Coast (Paradip/Vizag/Gangavaram),9500,721,287.92,1,21.64
2022-09-13,Baltimore (USA),Indian East Coast (Paradip/Vizag/Gangavaram),9500,709,294.03,1,22.55
2022-09-14,Baltimore (USA),Indian East Coast (Paradip/Vizag/Gangavaram),9500,723,292.14,1,23.12
2022-09-15,Baltimore (USA),Indian East Coast (Paradip/Vizag/Gangavaram),9500,749,290.1,1,21.82
2022-09-16,Baltimore (USA),Indian East Coast (Paradip/Vizag/Gangavaram),9500,726,291.5,1,22.79
2022-09-17,Baltimore (USA),Indian East Coast (Paradip/Vizag/Gangavaram),9500,765,293.12,1,21.17
2022-09-18,Baltimore (USA),Indian East Coast (Paradip/Vizag/Gangavaram),9500,746,291.16,1,23.43
2022-09-19,Baltimore (USA),Indian East Coast (Paradip/Vizag/Gangavaram),9500,736,289.64,1,22.75
2022-09-20,Baltimore (USA),Indian East Coast (Paradip/Vizag/Gangavaram),9500,823,290.79,1,23.8
2022-09-21,Baltimore (USA),Indian East Coast (Paradip/Vizag/Gangavaram),9500,775,288.31,1,24.4
2022-09-22,Baltimore (USA),Indian East Coast (Paradip/Vizag/Gangavaram),9500,654,287.06,1,21.18
2022-09-23,Baltimore (USA),Indian East Coast (Paradip/Vizag/Gangavaram),9500,759,287.27,1,23.29
2022-09-24,Baltimore (USA),Indian East Coast (Paradip/Vizag/Gangavaram),9500,912,290.04,1,25.6
2022-09-25,Baltimore (USA),Indian East Coast (Paradip/Vizag/Gangavaram),9500,897,288.56,1,25.65
2022-09-26,Baltimore (USA),Indian East Coast (Paradip/Vizag/Gangavaram),9500,798,283.81,1,23.84
2022-09-27,Baltimore (USA),Indian East Coast (Paradip/Vizag/Gangavaram),9500,793,280.0,1,21.56
2022-09-28,Baltimore (USA),Indian East Coast (Paradip/Vizag/Gangavaram),9500,790,280.0,1,24.34
2022-09-29,Baltimore (USA),Indian East Coast (Paradip/Vizag/Gangavaram),9500,792,280.0,1,23.04
2022-09-30,Baltimore (USA),Indian East Coast (Paradip/Vizag/Gangavaram),9500,743,280.0,1,22.29
2022-10-01,Baltimore (USA),Indian East Coast (Paradip/Vizag/Gangavaram),9500,790,280.0,0,18.98
2022-10-02,Baltimore (USA),Indian East Coast (Paradip/Vizag/Gangavaram),9500,832,280.0,0,20.02
2022-10-03,Baltimore (USA),Indian East Coast (Paradip/Vizag/Gangavaram),9500,762,280.0,0,19.72
2022-10-04,Baltimore (USA),Indian East Coast (Paradip/Vizag/Gangavaram),9500,815,280.0,0,19.86
2022-10-05,Baltimore (USA),Indian East Coast (Paradip/Vizag/Gangavaram),9500,941,280.0,0,21.38
2022-10-06,Baltimore (USA),Indian East Coast (Paradip/Vizag/Gangavaram),9500,959,280.0,0,21.87
2022-10-07,Baltimore (USA),Indian East Coast (Paradip/Vizag/Gangavaram),9500,949,280.0,0,21.52
2022-10-08,Baltimore (USA),Indian East Coast (Paradip/Vizag/Gangavaram),9500,950,280.0,0,22.33
2022-10-09,Baltimore (USA),Indian East Coast (Paradip/Vizag/Gangavaram),9500,993,280.0,0,22.63
2022-10-10,Baltimore (USA),Indian East Coast (Paradip/Vizag/Gangavaram),9500,906,280.0,0,21.23
2022-10-11,Baltimore (USA),Indian East Coast (Paradip/Vizag/Gangavaram),9500,927,280.0,0,21.22
2022-10-12,Baltimore (USA),Indian East Coast (Paradip/Vizag/Gangavaram),9500,916,280.0,0,21.08
2022-10-13,Baltimore (USA),Indian East Coast (Paradip/Vizag/Gangavaram),9500,1029,280.0,0,23.0
2022-10-14,Baltimore (USA),Indian East Coast (Paradip/Vizag/Gangavaram),9500,1027,280.0,0,22.63
2022-10-15,Baltimore (USA),Indian East Coast (Paradip/Vizag/Gangavaram),9500,1127,280.0,0,22.95
2022-10-16,Baltimore (USA),Indian East Coast (Paradip/Vizag/Gangavaram),9500,1071,280.0,0,23.87
2022-10-17,Baltimore (USA),Indian East Coast (Paradip/Vizag/Gangavaram),9500,1110,280.0,0,23.84
2022-10-18,Baltimore (USA),Indian East Coast (Paradip/Vizag/Gangavaram),9500,1133,282.37,0,22.03
2022-10-19,Baltimore (USA),Indian East Coast (Paradip/Vizag/Gangavaram),9500,1091,280.74,0,23.06
2022-10-20,Baltimore (USA),Indian East Coast (Paradip/Vizag/Gangavaram),9500,1107,282.09,0,24.25
2022-10-21,Baltimore (USA),Indian East Coast (Paradip/Vizag/Gangavaram),9500,1181,282.76,0,24.4
2022-10-22,Baltimore (USA),Indian East Coast (Paradip/Vizag/Gangavaram),9500,1167,283.26,0,23.39
2022-10-23,Baltimore (USA),Indian East Coast (Paradip/Vizag/Gangavaram),9500,1079,283.72,0,23.48
2022-10-24,Baltimore (USA),Indian East Coast (Paradip/Vizag/Gangavaram),9500,1086,284.79,0,23.56
2022-10-25,Baltimore (USA),Indian East Coast (Paradip/Vizag/Gangavaram),9500,1045,287.88,0,23.26
2022-10-26,Baltimore (USA),Indian East Coast (Paradip/Vizag/Gangavaram),9500,1036,292.41,0,22.32
2022-10-27,Baltimore (USA),Indian East Coast (Paradip/Vizag/Gangavaram),9500,1042,293.18,0,22.31
2022-10-28,Baltimore (USA),Indian East Coast (Paradip/Vizag/Gangavaram),9500,959,296.19,0,23.39
2022-10-29,Baltimore (USA),Indian East Coast (Paradip/Vizag/Gangavaram),9500,884,295.07,0,21.44
2022-10-30,Baltimore (USA),Indian East Coast (Paradip/Vizag/Gangavaram),9500,927,297.94,0,23.32
2022-10-31,Baltimore (USA),Indian East Coast (Paradip/Vizag/Gangavaram),9500,913,296.66,0,23.67
2022-11-01,Baltimore (USA),Indian East Coast (Paradip/Vizag/Gangavaram),9500,788,300.43,0,20.73
2022-11-02,Baltimore (USA),Indian East Coast (Paradip/Vizag/Gangavaram),9500,852,307.24,0,21.01
2022-11-03,Baltimore (USA),Indian East Coast (Paradip/Vizag/Gangavaram),9500,886,307.71,0,21.64
2022-11-04,Baltimore (USA),Indian East Coast (Paradip/Vizag/Gangavaram),9500,864,302.55,0,22.91
2022-11-05,Baltimore (USA),Indian East Coast (Paradip/Vizag/Gangavaram),9500,810,301.86,0,21.59
2022-11-06,Baltimore (USA),Indian East Coast (Paradip/Vizag/Gangavaram),9500,877,306.02,0,22.8
2022-11-07,Baltimore (USA),Indian East Coast (Paradip/Vizag/Gangavaram),9500,915,308.33,0,22.49
2022-11-08,Baltimore (USA),Indian East Coast (Paradip/Vizag/Gangavaram),9500,1064,309.82,0,23.26
2022-11-09,Baltimore (USA),Indian East Coast (Paradip/Vizag/Gangavaram),9500,1100,313.38,0,24.14
2022-11-10,Baltimore (USA),Indian East Coast (Paradip/Vizag/Gangavaram),9500,1133,315.51,0,22.69
2022-11-11,Baltimore (USA),Indian East Coast (Paradip/Vizag/Gangavaram),9500,1134,319.64,0,24.08
2022-11-12,Baltimore (USA),Indian East Coast (Paradip/Vizag/Gangavaram),9500,1190,322.97,0,24.04
2022-11-13,Baltimore (USA),Indian East Coast (Paradip/Vizag/Gangavaram),9500,1234,327.93,0,25.67
2022-11-14,Baltimore (USA),Indian East Coast (Paradip/Vizag/Gangavaram),9500,1311,329.73,0,25.24
2022-11-15,Baltimore (USA),Indian East Coast (Paradip/Vizag/Gangavaram),9500,1288,333.01,0,25.37
2022-11-16,Baltimore (USA),Indian East Coast (Paradip/Vizag/Gangavaram),9500,1270,333.01,0,26.72
2022-11-17,Baltimore (USA),Indian East Coast (Paradip/Vizag/Gangavaram),9500,1251,332.2,0,26.28
2022-11-18,Baltimore (USA),Indian East Coast (Paradip/Vizag/Gangavaram),9500,1303,337.67,0,26.52
2022-11-19,Baltimore (USA),Indian East Coast (Paradip/Vizag/Gangavaram),9500,1392,339.09,0,29.41
2022-11-20,Baltimore (USA),Indian East Coast (Paradip/Vizag/Gangavaram),9500,1371,342.12,0,29.09
2022-11-21,Baltimore (USA),Indian East Coast (Paradip/Vizag/Gangavaram),9500,1353,343.29,0,27.28
2022-11-22,Baltimore (USA),Indian East Coast (Paradip/Vizag/Gangavaram),9500,1376,342.53,0,28.64
2022-11-23,Baltimore (USA),Indian East Coast (Paradip/Vizag/Gangavaram),9500,1367,343.4,0,28.97
2022-11-24,Baltimore (USA),Indian East Coast (Paradip/Vizag/Gangavaram),9500,1425,348.15,0,27.84
2022-11-25,Baltimore (USA),Indian East Coast (Paradip/Vizag/Gangavaram),9500,1306,350.5,0,27.25
2022-11-26,Baltimore (USA),Indian East Coast (Paradip/Vizag/Gangavaram),9500,1269,346.69,0,26.33
2022-11-27,Baltimore (USA),Indian East Coast (Paradip/Vizag/Gangavaram),9500,1235,346.95,0,25.7
2022-11-28,Baltimore (USA),Indian East Coast (Paradip/Vizag/Gangavaram),9500,1119,352.64,0,24.86
2022-11-29,Baltimore (USA),Indian East Coast (Paradip/Vizag/Gangavaram),9500,1082,352.91,0,26.19
2022-11-30,Baltimore (USA),Indian East Coast (Paradip/Vizag/Gangavaram),9500,1049,348.86,0,24.98
2022-12-01,Baltimore (USA),Indian East Coast (Paradip/Vizag/Gangavaram),9500,1056,354.86,0,24.67
2022-12-02,Baltimore (USA),Indian East Coast (Paradip/Vizag/Gangavaram),9500,1136,357.56,0,24.98
2022-12-03,Baltimore (USA),Indian East Coast (Paradip/Vizag/Gangavaram),9500,1139,358.23,0,24.97
2022-12-04,Baltimore (USA),Indian East Coast (Paradip/Vizag/Gangavaram),9500,1098,358.07,0,25.34
2022-12-05,Baltimore (USA),Indian East Coast (Paradip/Vizag/Gangavaram),9500,1113,361.87,0,25.98
2022-12-06,Baltimore (USA),Indian East Coast (Paradip/Vizag/Gangavaram),9500,1188,361.25,0,25.87
2022-12-07,Baltimore (USA),Indian East Coast (Paradip/Vizag/Gangavaram),9500,1150,365.23,0,26.67
2022-12-08,Baltimore (USA),Indian East Coast (Paradip/Vizag/Gangavaram),9500,1117,367.56,0,26.07
2022-12-09,Baltimore (USA),Indian East Coast (Paradip/Vizag/Gangavaram),9500,1166,369.08,0,26.54
2022-12-10,Baltimore (USA),Indian East Coast (Paradip/Vizag/Gangavaram),9500,1170,370.34,0,27.89
2022-12-11,Baltimore (USA),Indian East Coast (Paradip/Vizag/Gangavaram),9500,1223,370.72,0,27.77
2022-12-12,Baltimore (USA),Indian East Coast (Paradip/Vizag/Gangavaram),9500,1237,374.43,0,26.06
2022-12-13,Baltimore (USA),Indian East Coast (Paradip/Vizag/Gangavaram),9500,1291,372.94,0,26.46
2022-12-14,Baltimore (USA),Indian East Coast (Paradip/Vizag/Gangavaram),9500,1247,369.39,0,27.26
2022-12-15,Baltimore (USA),Indian East Coast (Paradip/Vizag/Gangavaram),9500,1261,371.92,0,27.51
2022-12-16,Baltimore (USA),Indian East Coast (Paradip/Vizag/Gangavaram),9500,1265,374.5,0,27.91
2022-12-17,Baltimore (USA),Indian East Coast (Paradip/Vizag/Gangavaram),9500,1213,376.67,0,26.98
2022-12-18,Baltimore (USA),Indian East Coast (Paradip/Vizag/Gangavaram),9500,1144,378.64,0,27.84
2022-12-19,Baltimore (USA),Indian East Coast (Paradip/Vizag/Gangavaram),9500,1201,378.64,0,26.06
2022-12-20,Baltimore (USA),Indian East Coast (Paradip/Vizag/Gangavaram),9500,1200,381.64,0,26.54
2022-12-21,Baltimore (USA),Indian East Coast (Paradip/Vizag/Gangavaram),9500,1162,382.39,0,26.41
2022-12-22,Baltimore (USA),Indian East Coast (Paradip/Vizag/Gangavaram),9500,1176,381.93,0,26.13
2022-12-23,Baltimore (USA),Indian East Coast (Paradip/Vizag/Gangavaram),9500,1258,381.95,0,29.07
2022-12-24,Baltimore (USA),Indian East Coast (Paradip/Vizag/Gangavaram),9500,1149,388.31,0,24.03
2022-12-25,Baltimore (USA),Indian East Coast (Paradip/Vizag/Gangavaram),9500,1088,384.46,0,26.43
2022-12-26,Baltimore (USA),Indian East Coast (Paradip/Vizag/Gangavaram),9500,1060,386.68,0,26.72
2022-12-27,Baltimore (USA),Indian East Coast (Paradip/Vizag/Gangavaram),9500,1165,382.98,0,26.71
2022-12-28,Baltimore (USA),Indian East Coast (Paradip/Vizag/Gangavaram),9500,1202,383.56,0,28.02
2022-12-29,Baltimore (USA),Indian East Coast (Paradip/Vizag/Gangavaram),9500,1264,383.25,0,28.74
2022-12-30,Baltimore (USA),Indian East Coast (Paradip/Vizag/Gangavaram),9500,1219,378.44,0,26.75
2022-12-31,Baltimore (USA),Indian East Coast (Paradip/Vizag/Gangavaram),9500,1178,380.37,0,27.5
2023-01-01,Baltimore (USA),Indian East Coast (Paradip/Vizag/Gangavaram),9500,1224,380.2,0,29.62
2023-01-02,Baltimore (USA),Indian East Coast (Paradip/Vizag/Gangavaram),9500,1247,375.36,0,27.05
2023-01-03,Baltimore (USA),Indian East Coast (Paradip/Vizag/Gangavaram),9500,1297,378.51,0,27.46
2023-01-04,Baltimore (USA),Indian East Coast (Paradip/Vizag/Gangavaram),9500,1305,383.28,0,28.9
2023-01-05,Baltimore (USA),Indian East Coast (Paradip/Vizag/Gangavaram),9500,1338,388.2,0,29.75
2023-01-06,Baltimore (USA),Indian East Coast (Paradip/Vizag/Gangavaram),9500,1364,390.05,0,28.98
2023-01-07,Baltimore (USA),Indian East Coast (Paradip/Vizag/Gangavaram),9500,1423,391.04,0,28.56
2023-01-08,Baltimore (USA),Indian East Coast (Paradip/Vizag/Gangavaram),9500,1482,395.52,0,30.89
2023-01-09,Baltimore (USA),Indian East Coast (Paradip/Vizag/Gangavaram),9500,1405,400.96,0,29.53
2023-01-10,Baltimore (USA),Indian East Coast (Paradip/Vizag/Gangavaram),9500,1297,404.91,0,30.28
2023-01-11,Baltimore (USA),Indian East Coast (Paradip/Vizag/Gangavaram),9500,1372,403.21,0,29.35
2023-01-12,Baltimore (USA),Indian East Coast (Paradip/Vizag/Gangavaram),9500,1455,404.62,0,31.21
2023-01-13,Baltimore (USA),Indian East Coast (Paradip/Vizag/Gangavaram),9500,1413,406.68,0,28.82
2023-01-14,Baltimore (USA),Indian East Coast (Paradip/Vizag/Gangavaram),9500,1327,402.62,0,28.26
2023-01-15,Baltimore (USA),Indian East Coast (Paradip/Vizag/Gangavaram),9500,1352,404.76,0,29.77
2023-01-16,Baltimore (USA),Indian East Coast (Paradip/Vizag/Gangavaram),9500,1422,411.81,0,29.59
2023-01-17,Baltimore (USA),Indian East Coast (Paradip/Vizag/Gangavaram),9500,1537,414.41,0,31.71
2023-01-18,Baltimore (USA),Indian East Coast (Paradip/Vizag/Gangavaram),9500,1579,419.28,0,33.26
2023-01-19,Baltimore (USA),Indian East Coast (Paradip/Vizag/Gangavaram),9500,1570,420.64,0,29.08
2023-01-20,Baltimore (USA),Indian East Coast (Paradip/Vizag/Gangavaram),9500,1533,421.3,0,31.37
2023-01-21,Baltimore (USA),Indian East Coast (Paradip/Vizag/Gangavaram),9500,1547,423.19,0,32.38
2023-01-22,Baltimore (USA),Indian East Coast (Paradip/Vizag/Gangavaram),9500,1544,421.83,0,31.06
2023-01-23,Baltimore (USA),Indian East Coast (Paradip/Vizag/Gangavaram),9500,1501,420.07,0,30.21
2023-01-24,Baltimore (USA),Indian East Coast (Paradip/Vizag/Gangavaram),9500,1629,424.37,0,32.17
2023-01-25,Baltimore (USA),Indian East Coast (Paradip/Vizag/Gangavaram),9500,1739,428.95,0,31.83
2023-01-26,Baltimore (USA),Indian East Coast (Paradip/Vizag/Gangavaram),9500,1809,427.11,0,34.59
2023-01-27,Baltimore (USA),Indian East Coast (Paradip/Vizag/Gangavaram),9500,1763,430.6,0,33.5
2023-01-28,Baltimore (USA),Indian East Coast (Paradip/Vizag/Gangavaram),9500,1817,431.21,0,33.95
2023-01-29,Baltimore (USA),Indian East Coast (Paradip/Vizag/Gangavaram),9500,1858,432.99,0,35.62
2023-01-30,Baltimore (USA),Indian East Coast (Paradip/Vizag/Gangavaram),9500,1886,435.09,0,36.31
2023-01-31,Baltimore (USA),Indian East Coast (Paradip/Vizag/Gangavaram),9500,1958,438.64,0,36.89
2023-02-01,Baltimore (USA),Indian East Coast (Paradip/Vizag/Gangavaram),9500,1994,439.71,0,37.6
2023-02-02,Baltimore (USA),Indian East Coast (Paradip/Vizag/Gangavaram),9500,2034,444.39,0,39.36
2023-02-03,Baltimore (USA),Indian East Coast (Paradip/Vizag/Gangavaram),9500,2068,446.08,0,35.97
2023-02-04,Baltimore (USA),Indian East Coast (Paradip/Vizag/Gangavaram),9500,2085,448.62,0,38.46
2023-02-05,Baltimore (USA),Indian East Coast (Paradip/Vizag/Gangavaram),9500,1984,447.19,0,35.39
2023-02-06,Baltimore (USA),Indian East Coast (Paradip/Vizag/Gangavaram),9500,1990,453.9,0,36.3
2023-02-07,Baltimore (USA),Indian East Coast (Paradip/Vizag/Gangavaram),9500,1960,456.02,0,36.23
2023-02-08,Baltimore (USA),Indian East Coast (Paradip/Vizag/Gangavaram),9500,1892,458.79,0,35.22
2023-02-09,Baltimore (USA),Indian East Coast (Paradip/Vizag/Gangavaram),9500,1989,455.25,0,36.95
2023-02-10,Baltimore (USA),Indian East Coast (Paradip/Vizag/Gangavaram),9500,2086,453.85,0,36.13
2023-02-11,Baltimore (USA),Indian East Coast (Paradip/Vizag/Gangavaram),9500,2159,458.05,0,38.49
2023-02-12,Baltimore (USA),Indian East Coast (Paradip/Vizag/Gangavaram),9500,2169,459.66,0,36.05
2023-02-13,Baltimore (USA),Indian East Coast (Paradip/Vizag/Gangavaram),9500,2240,455.28,0,38.12
2023-02-14,Baltimore (USA),Indian East Coast (Paradip/Vizag/Gangavaram),9500,2234,458.93,0,40.04
2023-02-15,Baltimore (USA),Indian East Coast (Paradip/Vizag/Gangavaram),9500,2239,458.28,0,38.55
2023-02-16,Baltimore (USA),Indian East Coast (Paradip/Vizag/Gangavaram),9500,2173,462.94,0,38.13
2023-02-17,Baltimore (USA),Indian East Coast (Paradip/Vizag/Gangavaram),9500,2191,463.52,0,38.58
2023-02-18,Baltimore (USA),Indian East Coast (Paradip/Vizag/Gangavaram),9500,2191,464.89,0,39.34
2023-02-19,Baltimore (USA),Indian East Coast (Paradip/Vizag/Gangavaram),9500,2115,468.92,0,37.57
2023-02-20,Baltimore (USA),Indian East Coast (Paradip/Vizag/Gangavaram),9500,2112,467.29,0,38.3
2023-02-21,Baltimore (USA),Indian East Coast (Paradip/Vizag/Gangavaram),9500,2107,465.4,0,39.2
2023-02-22,Baltimore (USA),Indian East Coast (Paradip/Vizag/Gangavaram),9500,2205,465.68,0,40.67
2023-02-23,Baltimore (USA),Indian East Coast (Paradip/Vizag/Gangavaram),9500,2251,468.74,0,39.0
2023-02-24,Baltimore (USA),Indian East Coast (Paradip/Vizag/Gangavaram),9500,2246,465.92,0,41.69
2023-02-25,Baltimore (USA),Indian East Coast (Paradip/Vizag/Gangavaram),9500,2255,462.19,0,38.92
2023-02-26,Baltimore (USA),Indian East Coast (Paradip/Vizag/Gangavaram),9500,2253,465.23,0,38.4
2023-02-27,Baltimore (USA),Indian East Coast (Paradip/Vizag/Gangavaram),9500,2237,464.39,0,38.17
2023-02-28,Baltimore (USA),Indian East Coast (Paradip/Vizag/Gangavaram),9500,2174,464.12,0,39.71
2023-03-01,Baltimore (USA),Indian East Coast (Paradip/Vizag/Gangavaram),9500,2164,459.86,0,37.36
2023-03-02,Baltimore (USA),Indian East Coast (Paradip/Vizag/Gangavaram),9500,2122,458.81,0,39.04
2023-03-03,Baltimore (USA),Indian East Coast (Paradip/Vizag/Gangavaram),9500,2054,459.58,0,37.66
2023-03-04,Baltimore (USA),Indian East Coast (Paradip/Vizag/Gangavaram),9500,2086,462.89,0,37.75
2023-03-05,Baltimore (USA),Indian East Coast (Paradip/Vizag/Gangavaram),9500,2109,461.58,0,39.51
2023-03-06,Baltimore (USA),Indian East Coast (Paradip/Vizag/Gangavaram),9500,2013,466.87,0,36.13
2023-03-07,Baltimore (USA),Indian East Coast (Paradip/Vizag/Gangavaram),9500,2011,465.79,0,39.99
2023-03-08,Baltimore (USA),Indian East Coast (Paradip/Vizag/Gangavaram),9500,2071,464.71,0,38.73
2023-03-09,Baltimore (USA),Indian East Coast (Paradip/Vizag/Gangavaram),9500,2133,469.66,0,37.71
2023-03-10,Baltimore (USA),Indian East Coast (Paradip/Vizag/Gangavaram),9500,2191,471.01,0,41.09
2023-03-11,Baltimore (USA),Indian East Coast (Paradip/Vizag/Gangavaram),9500,2192,470.28,0,40.26
2023-03-12,Baltimore (USA),Indian East Coast (Paradip/Vizag/Gangavaram),9500,2146,470.62,0,39.22
2023-03-13,Baltimore (USA),Indian East Coast (Paradip/Vizag/Gangavaram),9500,2087,475.06,0,36.43
2023-03-14,Baltimore (USA),Indian East Coast (Paradip/Vizag/Gangavaram),9500,2110,479.81,0,38.6
2023-03-15,Baltimore (USA),Indian East Coast (Paradip/Vizag/Gangavaram),9500,2134,478.35,0,38.25
2023-03-16,Baltimore (USA),Indian East Coast (Paradip/Vizag/Gangavaram),9500,2207,478.99,0,41.08
2023-03-17,Baltimore (USA),Indian East Coast (Paradip/Vizag/Gangavaram),9500,2267,479.98,0,40.72
2023-03-18,Baltimore (USA),Indian East Coast (Paradip/Vizag/Gangavaram),9500,2258,478.05,0,40.59
2023-03-19,Baltimore (USA),Indian East Coast (Paradip/Vizag/Gangavaram),9500,2188,478.64,0,40.22
2023-03-20,Baltimore (USA),Indian East Coast (Paradip/Vizag/Gangavaram),9500,2171,479.4,0,40.37
2023-03-21,Baltimore (USA),Indian East Coast (Paradip/Vizag/Gangavaram),9500,2185,483.24,0,36.69
2023-03-22,Baltimore (USA),Indian East Coast (Paradip/Vizag/Gangavaram),9500,2175,487.26,0,40.71
2023-03-23,Baltimore (USA),Indian East Coast (Paradip/Vizag/Gangavaram),9500,2145,487.1,0,37.77
2023-03-24,Baltimore (USA),Indian East Coast (Paradip/Vizag/Gangavaram),9500,2162,487.25,0,39.34
2023-03-25,Baltimore (USA),Indian East Coast (Paradip/Vizag/Gangavaram),9500,2136,489.78,0,38.58
2023-03-26,Baltimore (USA),Indian East Coast (Paradip/Vizag/Gangavaram),9500,2105,488.91,0,38.46
2023-03-27,Baltimore (USA),Indian East Coast (Paradip/Vizag/Gangavaram),9500,2127,491.23,0,37.73
2023-03-28,Baltimore (USA),Indian East Coast (Paradip/Vizag/Gangavaram),9500,2109,491.71,0,36.76
2023-03-29,Baltimore (USA),Indian East Coast (Paradip/Vizag/Gangavaram),9500,2127,489.79,0,38.43
2023-03-30,Baltimore (USA),Indian East Coast (Paradip/Vizag/Gangavaram),9500,2147,487.89,0,40.16
2023-03-31,Baltimore (USA),Indian East Coast (Paradip/Vizag/Gangavaram),9500,2088,492.54,0,36.68
2023-04-01,Baltimore (USA),Indian East Coast (Paradip/Vizag/Gangavaram),9500,2067,492.81,0,36.85
2023-04-02,Baltimore (USA),Indian East Coast (Paradip/Vizag/Gangavaram),9500,2153,497.98,0,40.06
2023-04-03,Baltimore (USA),Indian East Coast (Paradip/Vizag/Gangavaram),9500,2093,497.27,0,37.54
2023-04-04,Baltimore (USA),Indian East Coast (Paradip/Vizag/Gangavaram),9500,1982,498.76,0,37.13
2023-04-05,Baltimore (USA),Indian East Coast (Paradip/Vizag/Gangavaram),9500,1890,505.96,0,37.36
2023-04-06,Baltimore (USA),Indian East Coast (Paradip/Vizag/Gangavaram),9500,1905,503.76,0,37.81
2023-04-07,Baltimore (USA),Indian East Coast (Paradip/Vizag/Gangavaram),9500,1920,499.28,0,36.19
2023-04-08,Baltimore (USA),Indian East Coast (Paradip/Vizag/Gangavaram),9500,1926,503.46,0,37.45
2023-04-09,Baltimore (USA),Indian East Coast (Paradip/Vizag/Gangavaram),9500,2005,501.89,0,38.09
2023-04-10,Baltimore (USA),Indian East Coast (Paradip/Vizag/Gangavaram),9500,1868,502.5,0,35.08
2023-04-11,Baltimore (USA),Indian East Coast (Paradip/Vizag/Gangavaram),9500,1904,501.57,0,37.85
2023-04-12,Baltimore (USA),Indian East Coast (Paradip/Vizag/Gangavaram),9500,2003,502.97,0,37.06
2023-04-13,Baltimore (USA),Indian East Coast (Paradip/Vizag/Gangavaram),9500,1951,501.04,0,36.95
2023-04-14,Baltimore (USA),Indian East Coast (Paradip/Vizag/Gangavaram),9500,1942,501.2,0,38.97
2023-04-15,Baltimore (USA),Indian East Coast (Paradip/Vizag/Gangavaram),9500,1913,503.08,0,36.54
2023-04-16,Baltimore (USA),Indian East Coast (Paradip/Vizag/Gangavaram),9500,1878,500.98,0,37.9
2023-04-17,Baltimore (USA),Indian East Coast (Paradip/Vizag/Gangavaram),9500,1874,499.72,0,37.95
2023-04-18,Baltimore (USA),Indian East Coast (Paradip/Vizag/Gangavaram),9500,1968,499.42,0,38.71
2023-04-19,Baltimore (USA),Indian East Coast (Paradip/Vizag/Gangavaram),9500,2081,496.16,0,37.67
2023-04-20,Baltimore (USA),Indian East Coast (Paradip/Vizag/Gangavaram),9500,2070,495.65,0,40.05
2023-04-21,Baltimore (USA),Indian East Coast (Paradip/Vizag/Gangavaram),9500,2183,496.6,0,40.9
2023-04-22,Baltimore (USA),Indian East Coast (Paradip/Vizag/Gangavaram),9500,2190,496.13,0,38.15
2023-04-23,Baltimore (USA),Indian East Coast (Paradip/Vizag/Gangavaram),9500,2291,496.01,0,38.42
2023-04-24,Baltimore (USA),Indian East Coast (Paradip/Vizag/Gangavaram),9500,2286,496.57,0,41.65
2023-04-25,Baltimore (USA),Indian East Coast (Paradip/Vizag/Gangavaram),9500,2295,495.4,0,39.76
2023-04-26,Baltimore (USA),Indian East Coast (Paradip/Vizag/Gangavaram),9500,2316,497.89,0,40.71
2023-04-27,Baltimore (USA),Indian East Coast (Paradip/Vizag/Gangavaram),9500,2491,502.39,0,42.19
2023-04-28,Baltimore (USA),Indian East Coast (Paradip/Vizag/Gangavaram),9500,2532,501.73,0,46.01
2023-04-29,Baltimore (USA),Indian East Coast (Paradip/Vizag/Gangavaram),9500,2486,503.64,0,42.64
2023-04-30,Baltimore (USA),Indian East Coast (Paradip/Vizag/Gangavaram),9500,2533,503.58,0,42.79
2023-05-01,Baltimore (USA),Indian East Coast (Paradip/Vizag/Gangavaram),9500,2506,505.16,0,42.93
2023-05-02,Baltimore (USA),Indian East Coast (Paradip/Vizag/Gangavaram),9500,2473,510.0,0,41.47
2023-05-03,Baltimore (USA),Indian East Coast (Paradip/Vizag/Gangavaram),9500,2518,511.96,0,42.09
2023-05-04,Baltimore (USA),Indian East Coast (Paradip/Vizag/Gangavaram),9500,2513,507.7,0,43.93
2023-05-05,Baltimore (USA),Indian East Coast (Paradip/Vizag/Gangavaram),9500,2522,509.5,0,43.26
2023-05-06,Baltimore (USA),Indian East Coast (Paradip/Vizag/Gangavaram),9500,2517,513.42,0,46.2
2023-05-07,Baltimore (USA),Indian East Coast (Paradip/Vizag/Gangavaram),9500,2529,513.38,0,43.61
2023-05-08,Baltimore (USA),Indian East Coast (Paradip/Vizag/Gangavaram),9500,2546,516.64,0,45.11
2023-05-09,Baltimore (USA),Indian East Coast (Paradip/Vizag/Gangavaram),9500,2432,515.31,0,43.38
2023-05-10,Baltimore (USA),Indian East Coast (Paradip/Vizag/Gangavaram),9500,2465,511.81,0,42.55
2023-05-11,Baltimore (USA),Indian East Coast (Paradip/Vizag/Gangavaram),9500,2407,512.73,0,43.37
2023-05-12,Baltimore (USA),Indian East Coast (Paradip/Vizag/Gangavaram),9500,2325,508.49,0,39.57
2023-05-13,Baltimore (USA),Indian East Coast (Paradip/Vizag/Gangavaram),9500,2323,508.37,0,40.21
2023-05-14,Baltimore (USA),Indian East Coast (Paradip/Vizag/Gangavaram),9500,2328,512.4,0,39.78
2023-05-15,Baltimore (USA),Indian East Coast (Paradip/Vizag/Gangavaram),9500,2290,507.72,0,40.65
2023-05-16,Baltimore (USA),Indian East Coast (Paradip/Vizag/Gangavaram),9500,2338,504.76,0,40.28
2023-05-17,Baltimore (USA),Indian East Coast (Paradip/Vizag/Gangavaram),9500,2265,502.46,0,40.65
2023-05-18,Baltimore (USA),Indian East Coast (Paradip/Vizag/Gangavaram),9500,2245,502.79,0,40.13
2023-05-19,Baltimore (USA),Indian East Coast (Paradip/Vizag/Gangavaram),9500,2217,502.3,0,39.8
2023-05-20,Baltimore (USA),Indian East Coast (Paradip/Vizag/Gangavaram),9500,2219,506.6,0,39.34
2023-05-21,Baltimore (USA),Indian East Coast (Paradip/Vizag/Gangavaram),9500,2238,509.69,0,40.93
2023-05-22,Baltimore (USA),Indian East Coast (Paradip/Vizag/Gangavaram),9500,2187,511.53,0,38.85
2023-05-23,Baltimore (USA),Indian East Coast (Paradip/Vizag/Gangavaram),9500,2232,512.4,0,40.12
2023-05-24,Baltimore (USA),Indian East Coast (Paradip/Vizag/Gangavaram),9500,2240,513.95,0,42.22
2023-05-25,Baltimore (USA),Indian East Coast (Paradip/Vizag/Gangavaram),9500,2140,512.08,0,39.76
2023-05-26,Baltimore (USA),Indian East Coast (Paradip/Vizag/Gangavaram),9500,2039,514.88,0,38.72
2023-05-27,Baltimore (USA),Indian East Coast (Paradip/Vizag/Gangavaram),9500,2050,512.31,0,37.85
2023-05-28,Baltimore (USA),Indian East Coast (Paradip/Vizag/Gangavaram),9500,2048,515.04,0,37.42
2023-05-29,Baltimore (USA),Indian East Coast (Paradip/Vizag/Gangavaram),9500,2053,518.72,0,38.8
2023-05-30,Baltimore (USA),Indian East Coast (Paradip/Vizag/Gangavaram),9500,2062,519.74,0,41.35
2023-05-31,Baltimore (USA),Indian East Coast (Paradip/Vizag/Gangavaram),9500,2084,519.7,0,40.37
2023-06-01,Baltimore (USA),Indian East Coast (Paradip/Vizag/Gangavaram),9500,2146,521.23,1,45.38
2023-06-02,Baltimore (USA),Indian East Coast (Paradip/Vizag/Gangavaram),9500,2092,513.88,1,46.72
2023-06-03,Baltimore (USA),Indian East Coast (Paradip/Vizag/Gangavaram),9500,2036,515.13,1,42.04
2023-06-04,Baltimore (USA),Indian East Coast (Paradip/Vizag/Gangavaram),9500,1987,515.24,1,44.09
2023-06-05,Baltimore (USA),Indian East Coast (Paradip/Vizag/Gangavaram),9500,2015,515.52,1,44.14
2023-06-06,Baltimore (USA),Indian East Coast (Paradip/Vizag/Gangavaram),9500,2096,517.85,1,47.53
2023-06-07,Baltimore (USA),Indian East Coast (Paradip/Vizag/Gangavaram),9500,2081,518.05,1,44.79
2023-06-08,Baltimore (USA),Indian East Coast (Paradip/Vizag/Gangavaram),9500,1952,515.35,1,45.42
2023-06-09,Baltimore (USA),Indian East Coast (Paradip/Vizag/Gangavaram),9500,1872,515.36,1,42.55
2023-06-10,Baltimore (USA),Indian East Coast (Paradip/Vizag/Gangavaram),9500,1843,515.94,1,44.43
2023-06-11,Baltimore (USA),Indian East Coast (Paradip/Vizag/Gangavaram),9500,1830,516.63,1,42.69
2023-06-12,Baltimore (USA),Indian East Coast (Paradip/Vizag/Gangavaram),9500,1826,517.45,1,44.25
2023-06-13,Baltimore (USA),Indian East Coast (Paradip/Vizag/Gangavaram),9500,1846,520.65,1,42.55
2023-06-14,Baltimore (USA),Indian East Coast (Paradip/Vizag/Gangavaram),9500,1846,518.07,1,41.28
2023-06-15,Baltimore (USA),Indian East Coast (Paradip/Vizag/Gangavaram),9500,1921,518.91,1,49.57
2023-06-16,Baltimore (USA),Indian East Coast (Paradip/Vizag/Gangavaram),9500,1899,522.78,1,44.11
2023-06-17,Baltimore (USA),Indian East Coast (Paradip/Vizag/Gangavaram),9500,1867,518.41,1,43.19
2023-06-18,Baltimore (USA),Indian East Coast (Paradip/Vizag/Gangavaram),9500,1909,519.25,1,41.98
2023-06-19,Baltimore (USA),Indian East Coast (Paradip/Vizag/Gangavaram),9500,1840,518.0,1,43.51
2023-06-20,Baltimore (USA),Indian East Coast (Paradip/Vizag/Gangavaram),9500,1879,517.32,1,45.23
2023-06-21,Baltimore (USA),Indian East Coast (Paradip/Vizag/Gangavaram),9500,1900,515.19,1,41.84
2023-06-22,Baltimore (USA),Indian East Coast (Paradip/Vizag/Gangavaram),9500,1907,515.06,1,45.56
2023-06-23,Baltimore (USA),Indian East Coast (Paradip/Vizag/Gangavaram),9500,2009,520.39,1,47.37
2023-06-24,Baltimore (USA),Indian East Coast (Paradip/Vizag/Gangavaram),9500,1986,517.26,1,44.15
2023-06-25,Baltimore (USA),Indian East Coast (Paradip/Vizag/Gangavaram),9500,2112,514.39,1,49.9
2023-06-26,Baltimore (USA),Indian East Coast (Paradip/Vizag/Gangavaram),9500,2107,511.15,1,47.73
2023-06-27,Baltimore (USA),Indian East Coast (Paradip/Vizag/Gangavaram),9500,2044,516.15,1,47.06
2023-06-28,Baltimore (USA),Indian East Coast (Paradip/Vizag/Gangavaram),9500,2058,515.18,1,45.42
2023-06-29,Baltimore (USA),Indian East Coast (Paradip/Vizag/Gangavaram),9500,2008,515.4,1,45.46
2023-06-30,Baltimore (USA),Indian East Coast (Paradip/Vizag/Gangavaram),9500,1977,514.58,1,45.39
2023-07-01,Baltimore (USA),Indian East Coast (Paradip/Vizag/Gangavaram),9500,2011,512.29,1,43.59
2023-07-02,Baltimore (USA),Indian East Coast (Paradip/Vizag/Gangavaram),9500,2052,511.92,1,42.16
2023-07-03,Baltimore (USA),Indian East Coast (Paradip/Vizag/Gangavaram),9500,2027,518.87,1,47.44
2023-07-04,Baltimore (USA),Indian East Coast (Paradip/Vizag/Gangavaram),9500,2091,522.92,1,48.62
2023-07-05,Baltimore (USA),Indian East Coast (Paradip/Vizag/Gangavaram),9500,2163,520.85,1,42.43
2023-07-06,Baltimore (USA),Indian East Coast (Paradip/Vizag/Gangavaram),9500,2247,522.86,1,47.74
2023-07-07,Baltimore (USA),Indian East Coast (Paradip/Vizag/Gangavaram),9500,2278,520.84,1,49.08
2023-07-08,Baltimore (USA),Indian East Coast (Paradip/Vizag/Gangavaram),9500,2354,516.24,1,47.44
2023-07-09,Baltimore (USA),Indian East Coast (Paradip/Vizag/Gangavaram),9500,2249,519.25,1,46.45
2023-07-10,Baltimore (USA),Indian East Coast (Paradip/Vizag/Gangavaram),9500,2233,522.63,1,43.96
2023-07-11,Baltimore (USA),Indian East Coast (Paradip/Vizag/Gangavaram),9500,2187,525.69,1,46.24
2023-07-12,Baltimore (USA),Indian East Coast (Paradip/Vizag/Gangavaram),9500,2198,524.63,1,46.82
2023-07-13,Baltimore (USA),Indian East Coast (Paradip/Vizag/Gangavaram),9500,2169,524.38,1,46.4
2023-07-14,Baltimore (USA),Indian East Coast (Paradip/Vizag/Gangavaram),9500,2164,526.62,1,43.36
2023-07-15,Baltimore (USA),Indian East Coast (Paradip/Vizag/Gangavaram),9500,2272,527.88,1,45.44
2023-07-16,Baltimore (USA),Indian East Coast (Paradip/Vizag/Gangavaram),9500,2263,527.0,1,49.94
2023-07-17,Baltimore (USA),Indian East Coast (Paradip/Vizag/Gangavaram),9500,2286,522.78,1,47.55
2023-07-18,Baltimore (USA),Indian East Coast (Paradip/Vizag/Gangavaram),9500,2273,523.27,1,45.64
2023-07-19,Baltimore (USA),Indian East Coast (Paradip/Vizag/Gangavaram),9500,2278,526.38,1,50.46
2023-07-20,Baltimore (USA),Indian East Coast (Paradip/Vizag/Gangavaram),9500,2278,523.29,1,45.59
2023-07-21,Baltimore (USA),Indian East Coast (Paradip/Vizag/Gangavaram),9500,2302,525.19,1,49.43
2023-07-22,Baltimore (USA),Indian East Coast (Paradip/Vizag/Gangavaram),9500,2365,526.25,1,50.06
2023-07-23,Baltimore (USA),Indian East Coast (Paradip/Vizag/Gangavaram),9500,2452,528.44,1,52.92
2023-07-24,Baltimore (USA),Indian East Coast (Paradip/Vizag/Gangavaram),9500,2462,530.96,1,51.87
2023-07-25,Baltimore (USA),Indian East Coast (Paradip/Vizag/Gangavaram),9500,2487,529.2,1,52.05
2023-07-26,Baltimore (USA),Indian East Coast (Paradip/Vizag/Gangavaram),9500,2416,524.94,1,47.03
2023-07-27,Baltimore (USA),Indian East Coast (Paradip/Vizag/Gangavaram),9500,2405,523.62,1,47.39
2023-07-28,Baltimore (USA),Indian East Coast (Paradip/Vizag/Gangavaram),9500,2451,526.15,1,47.62
2023-07-29,Baltimore (USA),Indian East Coast (Paradip/Vizag/Gangavaram),9500,2491,524.8,1,50.94
2023-07-30,Baltimore (USA),Indian East Coast (Paradip/Vizag/Gangavaram),9500,2494,523.02,1,51.74
2023-07-31,Baltimore (USA),Indian East Coast (Paradip/Vizag/Gangavaram),9500,2534,518.17,1,49.56
2023-08-01,Baltimore (USA),Indian East Coast (Paradip/Vizag/Gangavaram),9500,2550,523.03,1,51.29
2023-08-02,Baltimore (USA),Indian East Coast (Paradip/Vizag/Gangavaram),9500,2605,525.37,1,52.47
2023-08-03,Baltimore (USA),Indian East Coast (Paradip/Vizag/Gangavaram),9500,2608,527.55,1,48.14
2023-08-04,Baltimore (USA),Indian East Coast (Paradip/Vizag/Gangavaram),9500,2575,530.26,1,49.03
2023-08-05,Baltimore (USA),Indian East Coast (Paradip/Vizag/Gangavaram),9500,2581,531.91,1,49.59
2023-08-06,Baltimore (USA),Indian East Coast (Paradip/Vizag/Gangavaram),9500,2407,531.31,1,48.98
2023-08-07,Baltimore (USA),Indian East Coast (Paradip/Vizag/Gangavaram),9500,2421,530.93,1,48.54
2023-08-08,Baltimore (USA),Indian East Coast (Paradip/Vizag/Gangavaram),9500,2212,529.82,1,49.62
2023-08-09,Baltimore (USA),Indian East Coast (Paradip/Vizag/Gangavaram),9500,2117,537.04,1,46.97
2023-08-10,Baltimore (USA),Indian East Coast (Paradip/Vizag/Gangavaram),9500,2145,538.6,1,48.12
2023-08-11,Baltimore (USA),Indian East Coast (Paradip/Vizag/Gangavaram),9500,2173,537.37,1,46.69
2023-08-12,Baltimore (USA),Indian East Coast (Paradip/Vizag/Gangavaram),9500,2110,538.67,1,45.92
2023-08-13,Baltimore (USA),Indian East Coast (Paradip/Vizag/Gangavaram),9500,2073,535.95,1,45.69
2023-08-14,Baltimore (USA),Indian East Coast (Paradip/Vizag/Gangavaram),9500,2152,540.07,1,46.53
2023-08-15,Baltimore (USA),Indian East Coast (Paradip/Vizag/Gangavaram),9500,2126,538.28,1,50.27
2023-08-16,Baltimore (USA),Indian East Coast (Paradip/Vizag/Gangavaram),9500,2251,539.66,1,46.28
2023-08-17,Baltimore (USA),Indian East Coast (Paradip/Vizag/Gangavaram),9500,2248,542.56,1,47.5
2023-08-18,Baltimore (USA),Indian East Coast (Paradip/Vizag/Gangavaram),9500,2268,543.61,1,48.01
2023-08-19,Baltimore (USA),Indian East Coast (Paradip/Vizag/Gangavaram),9500,2353,543.86,1,48.5
2023-08-20,Baltimore (USA),Indian East Coast (Paradip/Vizag/Gangavaram),9500,2353,543.87,1,49.82
2023-08-21,Baltimore (USA),Indian East Coast (Paradip/Vizag/Gangavaram),9500,2291,543.7,1,46.14
2023-08-22,Baltimore (USA),Indian East Coast (Paradip/Vizag/Gangavaram),9500,2280,542.11,1,47.76
2023-08-23,Baltimore (USA),Indian East Coast (Paradip/Vizag/Gangavaram),9500,2273,540.85,1,45.91
2023-08-24,Baltimore (USA),Indian East Coast (Paradip/Vizag/Gangavaram),9500,2193,544.84,1,48.93
2023-08-25,Baltimore (USA),Indian East Coast (Paradip/Vizag/Gangavaram),9500,2177,544.5,1,46.8
2023-08-26,Baltimore (USA),Indian East Coast (Paradip/Vizag/Gangavaram),9500,2135,542.32,1,46.44
2023-08-27,Baltimore (USA),Indian East Coast (Paradip/Vizag/Gangavaram),9500,2185,540.86,1,49.31
2023-08-28,Baltimore (USA),Indian East Coast (Paradip/Vizag/Gangavaram),9500,2185,543.79,1,45.12
2023-08-29,Baltimore (USA),Indian East Coast (Paradip/Vizag/Gangavaram),9500,2166,545.56,1,48.55
2023-08-30,Baltimore (USA),Indian East Coast (Paradip/Vizag/Gangavaram),9500,2159,547.02,1,46.46
2023-08-31,Baltimore (USA),Indian East Coast (Paradip/Vizag/Gangavaram),9500,2169,546.24,1,43.74
2023-09-01,Baltimore (USA),Indian East Coast (Paradip/Vizag/Gangavaram),9500,2200,547.72,1,49.5
2023-09-02,Baltimore (USA),Indian East Coast (Paradip/Vizag/Gangavaram),9500,2142,545.88,1,47.62
2023-09-03,Baltimore (USA),Indian East Coast (Paradip/Vizag/Gangavaram),9500,2082,545.08,1,46.45
2023-09-04,Baltimore (USA),Indian East Coast (Paradip/Vizag/Gangavaram),9500,2143,547.61,1,48.08
2023-09-05,Baltimore (USA),Indian East Coast (Paradip/Vizag/Gangavaram),9500,2118,549.89,1,48.65
2023-09-06,Baltimore (USA),Indian East Coast (Paradip/Vizag/Gangavaram),9500,2039,547.1,1,43.59
2023-09-07,Baltimore (USA),Indian East Coast (Paradip/Vizag/Gangavaram),9500,2064,544.66,1,46.79
2023-09-08,Baltimore (USA),Indian East Coast (Paradip/Vizag/Gangavaram),9500,2090,544.83,1,49.1
2023-09-09,Baltimore (USA),Indian East Coast (Paradip/Vizag/Gangavaram),9500,2004,549.4,1,45.72
2023-09-10,Baltimore (USA),Indian East Coast (Paradip/Vizag/Gangavaram),9500,2019,544.05,1,44.19
2023-09-11,Baltimore (USA),Indian East Coast (Paradip/Vizag/Gangavaram),9500,2060,544.67,1,44.85
2023-09-12,Baltimore (USA),Indian East Coast (Paradip/Vizag/Gangavaram),9500,2080,540.78,1,48.86
2023-09-13,Baltimore (USA),Indian East Coast (Paradip/Vizag/Gangavaram),9500,2113,538.9,1,48.52
2023-09-14,Baltimore (USA),Indian East Coast (Paradip/Vizag/Gangavaram),9500,2033,537.75,1,43.17
2023-09-15,Baltimore (USA),Indian East Coast (Paradip/Vizag/Gangavaram),9500,2051,536.44,1,47.55
2023-09-16,Baltimore (USA),Indian East Coast (Paradip/Vizag/Gangavaram),9500,2033,534.82,1,44.49
2023-09-17,Baltimore (USA),Indian East Coast (Paradip/Vizag/Gangavaram),9500,2006,534.67,1,47.17
2023-09-18,Baltimore (USA),Indian East Coast (Paradip/Vizag/Gangavaram),9500,2054,533.03,1,48.01
2023-09-19,Baltimore (USA),Indian East Coast (Paradip/Vizag/Gangavaram),9500,2133,528.87,1,45.36
2023-09-20,Baltimore (USA),Indian East Coast (Paradip/Vizag/Gangavaram),9500,2227,530.8,1,47.88
2023-09-21,Baltimore (USA),Indian East Coast (Paradip/Vizag/Gangavaram),9500,2291,532.65,1,51.5
2023-09-22,Baltimore (USA),Indian East Coast (Paradip/Vizag/Gangavaram),9500,2275,534.74,1,45.69
2023-09-23,Baltimore (USA),Indian East Coast (Paradip/Vizag/Gangavaram),9500,2284,530.34,1,47.34
2023-09-24,Baltimore (USA),Indian East Coast (Paradip/Vizag/Gangavaram),9500,2315,530.94,1,48.26
2023-09-25,Baltimore (USA),Indian East Coast (Paradip/Vizag/Gangavaram),9500,2309,532.56,1,50.85
2023-09-26,Baltimore (USA),Indian East Coast (Paradip/Vizag/Gangavaram),9500,2304,529.52,1,50.42
2023-09-27,Baltimore (USA),Indian East Coast (Paradip/Vizag/Gangavaram),9500,2338,529.32,1,45.97
2023-09-28,Baltimore (USA),Indian East Coast (Paradip/Vizag/Gangavaram),9500,2321,528.77,1,50.21
2023-09-29,Baltimore (USA),Indian East Coast (Paradip/Vizag/Gangavaram),9500,2267,533.53,1,51.14
2023-09-30,Baltimore (USA),Indian East Coast (Paradip/Vizag/Gangavaram),9500,2233,538.52,1,46.41
2023-10-01,Baltimore (USA),Indian East Coast (Paradip/Vizag/Gangavaram),9500,2257,533.74,0,41.35
2023-10-02,Baltimore (USA),Indian East Coast (Paradip/Vizag/Gangavaram),9500,2246,540.27,0,39.37
2023-10-03,Baltimore (USA),Indian East Coast (Paradip/Vizag/Gangavaram),9500,2253,537.51,0,39.95
2023-10-04,Baltimore (USA),Indian East Coast (Paradip/Vizag/Gangavaram),9500,2278,539.91,0,39.65
2023-10-05,Baltimore (USA),Indian East Coast (Paradip/Vizag/Gangavaram),9500,2245,542.28,0,41.36
2023-10-06,Baltimore (USA),Indian East Coast (Paradip/Vizag/Gangavaram),9500,2274,539.29,0,41.6
2023-10-07,Baltimore (USA),Indian East Coast (Paradip/Vizag/Gangavaram),9500,2282,540.34,0,41.84
2023-10-08,Baltimore (USA),Indian East Coast (Paradip/Vizag/Gangavaram),9500,2200,539.76,0,40.52
2023-10-09,Baltimore (USA),Indian East Coast (Paradip/Vizag/Gangavaram),9500,2268,540.97,0,41.43
2023-10-10,Baltimore (USA),Indian East Coast (Paradip/Vizag/Gangavaram),9500,2227,541.29,0,39.98
2023-10-11,Baltimore (USA),Indian East Coast (Paradip/Vizag/Gangavaram),9500,2123,544.24,0,40.67
2023-10-12,Baltimore (USA),Indian East Coast (Paradip/Vizag/Gangavaram),9500,2057,544.13,0,38.64
2023-10-13,Baltimore (USA),Indian East Coast (Paradip/Vizag/Gangavaram),9500,1994,543.36,0,38.54
2023-10-14,Baltimore (USA),Indian East Coast (Paradip/Vizag/Gangavaram),9500,1992,546.02,0,39.87
2023-10-15,Baltimore (USA),Indian East Coast (Paradip/Vizag/Gangavaram),9500,1971,547.27,0,39.85
2023-10-16,Baltimore (USA),Indian East Coast (Paradip/Vizag/Gangavaram),9500,1948,548.92,0,36.96
2023-10-17,Baltimore (USA),Indian East Coast (Paradip/Vizag/Gangavaram),9500,1978,546.78,0,40.6
2023-10-18,Baltimore (USA),Indian East Coast (Paradip/Vizag/Gangavaram),9500,1991,543.59,0,38.62
2023-10-19,Baltimore (USA),Indian East Coast (Paradip/Vizag/Gangavaram),9500,2003,541.69,0,39.64
2023-10-20,Baltimore (USA),Indian East Coast (Paradip/Vizag/Gangavaram),9500,2019,539.65,0,36.8
2023-10-21,Baltimore (USA),Indian East Coast (Paradip/Vizag/Gangavaram),9500,2045,541.43,0,38.68
2023-10-22,Baltimore (USA),Indian East Coast (Paradip/Vizag/Gangavaram),9500,1920,543.72,0,37.64
2023-10-23,Baltimore (USA),Indian East Coast (Paradip/Vizag/Gangavaram),9500,1896,542.93,0,39.78
2023-10-24,Baltimore (USA),Indian East Coast (Paradip/Vizag/Gangavaram),9500,1772,546.44,0,38.13
2023-10-25,Baltimore (USA),Indian East Coast (Paradip/Vizag/Gangavaram),9500,1774,549.78,0,38.01
2023-10-26,Baltimore (USA),Indian East Coast (Paradip/Vizag/Gangavaram),9500,1774,550.06,0,35.8
2023-10-27,Baltimore (USA),Indian East Coast (Paradip/Vizag/Gangavaram),9500,1831,547.43,0,36.91
2023-10-28,Baltimore (USA),Indian East Coast (Paradip/Vizag/Gangavaram),9500,1894,551.32,0,38.2
2023-10-29,Baltimore (USA),Indian East Coast (Paradip/Vizag/Gangavaram),9500,1900,550.76,0,38.04
2023-10-30,Baltimore (USA),Indian East Coast (Paradip/Vizag/Gangavaram),9500,1867,550.69,0,37.99
2023-10-31,Baltimore (USA),Indian East Coast (Paradip/Vizag/Gangavaram),9500,1889,549.36,0,40.83
2023-11-01,Baltimore (USA),Indian East Coast (Paradip/Vizag/Gangavaram),9500,1855,546.52,0,37.16
2023-11-02,Baltimore (USA),Indian East Coast (Paradip/Vizag/Gangavaram),9500,1850,542.11,0,37.68
2023-11-03,Baltimore (USA),Indian East Coast (Paradip/Vizag/Gangavaram),9500,1900,543.4,0,36.37
2023-11-04,Baltimore (USA),Indian East Coast (Paradip/Vizag/Gangavaram),9500,1863,540.84,0,38.11
2023-11-05,Baltimore (USA),Indian East Coast (Paradip/Vizag/Gangavaram),9500,1901,548.73,0,40.52
2023-11-06,Baltimore (USA),Indian East Coast (Paradip/Vizag/Gangavaram),9500,1932,545.33,0,36.53
2023-11-07,Baltimore (USA),Indian East Coast (Paradip/Vizag/Gangavaram),9500,1871,541.47,0,38.85
2023-11-08,Baltimore (USA),Indian East Coast (Paradip/Vizag/Gangavaram),9500,1918,542.41,0,40.16
2023-11-09,Baltimore (USA),Indian East Coast (Paradip/Vizag/Gangavaram),9500,1948,546.11,0,37.24
2023-11-10,Baltimore (USA),Indian East Coast (Paradip/Vizag/Gangavaram),9500,1944,545.83,0,38.5
2023-11-11,Baltimore (USA),Indian East Coast (Paradip/Vizag/Gangavaram),9500,1892,546.92,0,39.91
2023-11-12,Baltimore (USA),Indian East Coast (Paradip/Vizag/Gangavaram),9500,1836,541.44,0,37.89
2023-11-13,Baltimore (USA),Indian East Coast (Paradip/Vizag/Gangavaram),9500,1800,539.12,0,38.1
2023-11-14,Baltimore (USA),Indian East Coast (Paradip/Vizag/Gangavaram),9500,1825,535.72,0,35.07
2023-11-15,Baltimore (USA),Indian East Coast (Paradip/Vizag/Gangavaram),9500,1765,530.08,0,36.95
2023-11-16,Baltimore (USA),Indian East Coast (Paradip/Vizag/Gangavaram),9500,1785,529.91,0,37.16
2023-11-17,Baltimore (USA),Indian East Coast (Paradip/Vizag/Gangavaram),9500,1712,523.32,0,34.66
2023-11-18,Baltimore (USA),Indian East Coast (Paradip/Vizag/Gangavaram),9500,1700,519.23,0,35.31
2023-11-19,Baltimore (USA),Indian East Coast (Paradip/Vizag/Gangavaram),9500,1706,517.27,0,35.13
2023-11-20,Baltimore (USA),Indian East Coast (Paradip/Vizag/Gangavaram),9500,1842,514.5,0,36.91
2023-11-21,Baltimore (USA),Indian East Coast (Paradip/Vizag/Gangavaram),9500,1762,515.07,0,37.31
2023-11-22,Baltimore (USA),Indian East Coast (Paradip/Vizag/Gangavaram),9500,1844,515.38,0,37.59
2023-11-23,Baltimore (USA),Indian East Coast (Paradip/Vizag/Gangavaram),9500,1850,517.3,0,37.79
2023-11-24,Baltimore (USA),Indian East Coast (Paradip/Vizag/Gangavaram),9500,1872,518.82,0,36.71
2023-11-25,Baltimore (USA),Indian East Coast (Paradip/Vizag/Gangavaram),9500,1877,521.39,0,38.3
2023-11-26,Baltimore (USA),Indian East Coast (Paradip/Vizag/Gangavaram),9500,1901,520.86,0,37.84
2023-11-27,Baltimore (USA),Indian East Coast (Paradip/Vizag/Gangavaram),9500,1892,521.14,0,38.25
2023-11-28,Baltimore (USA),Indian East Coast (Paradip/Vizag/Gangavaram),9500,1975,522.0,0,37.76
2023-11-29,Baltimore (USA),Indian East Coast (Paradip/Vizag/Gangavaram),9500,1947,521.84,0,39.56
2023-11-30,Baltimore (USA),Indian East Coast (Paradip/Vizag/Gangavaram),9500,2012,520.21,0,38.87
2023-12-01,Baltimore (USA),Indian East Coast (Paradip/Vizag/Gangavaram),9500,1973,518.75,0,38.98
2023-12-02,Baltimore (USA),Indian East Coast (Paradip/Vizag/Gangavaram),9500,1970,515.97,0,39.18
2023-12-03,Baltimore (USA),Indian East Coast (Paradip/Vizag/Gangavaram),9500,1907,516.55,0,37.6
2023-12-04,Baltimore (USA),Indian East Coast (Paradip/Vizag/Gangavaram),9500,1937,515.73,0,35.87
2023-12-05,Baltimore (USA),Indian East Coast (Paradip/Vizag/Gangavaram),9500,2026,513.36,0,39.41
2023-12-06,Baltimore (USA),Indian East Coast (Paradip/Vizag/Gangavaram),9500,2022,510.98,0,40.24
2023-12-07,Baltimore (USA),Indian East Coast (Paradip/Vizag/Gangavaram),9500,2011,507.11,0,39.35
2023-12-08,Baltimore (USA),Indian East Coast (Paradip/Vizag/Gangavaram),9500,1944,509.19,0,37.58
2023-12-09,Baltimore (USA),Indian East Coast (Paradip/Vizag/Gangavaram),9500,1933,508.82,0,36.88
2023-12-10,Baltimore (USA),Indian East Coast (Paradip/Vizag/Gangavaram),9500,1838,505.88,0,36.62
2023-12-11,Baltimore (USA),Indian East Coast (Paradip/Vizag/Gangavaram),9500,1788,507.49,0,36.06
2023-12-12,Baltimore (USA),Indian East Coast (Paradip/Vizag/Gangavaram),9500,1810,505.36,0,37.78
2023-12-13,Baltimore (USA),Indian East Coast (Paradip/Vizag/Gangavaram),9500,1902,500.94,0,36.48
2023-12-14,Baltimore (USA),Indian East Coast (Paradip/Vizag/Gangavaram),9500,2086,503.11,0,38.02
2023-12-15,Baltimore (USA),Indian East Coast (Paradip/Vizag/Gangavaram),9500,2048,501.04,0,37.41
2023-12-16,Baltimore (USA),Indian East Coast (Paradip/Vizag/Gangavaram),9500,2142,499.31,0,41.78
2023-12-17,Baltimore (USA),Indian East Coast (Paradip/Vizag/Gangavaram),9500,2155,498.81,0,40.04
2023-12-18,Baltimore (USA),Indian East Coast (Paradip/Vizag/Gangavaram),9500,2143,501.29,0,39.11
2023-12-19,Baltimore (USA),Indian East Coast (Paradip/Vizag/Gangavaram),9500,2168,500.72,0,38.16
2023-12-20,Baltimore (USA),Indian East Coast (Paradip/Vizag/Gangavaram),9500,2168,496.83,0,38.75
2023-12-21,Baltimore (USA),Indian East Coast (Paradip/Vizag/Gangavaram),9500,2171,497.68,0,40.5
2023-12-22,Baltimore (USA),Indian East Coast (Paradip/Vizag/Gangavaram),9500,2138,495.73,0,40.21
2023-12-23,Baltimore (USA),Indian East Coast (Paradip/Vizag/Gangavaram),9500,2039,500.22,0,38.47
2023-12-24,Baltimore (USA),Indian East Coast (Paradip/Vizag/Gangavaram),9500,1931,499.58,0,37.35
2023-12-25,Baltimore (USA),Indian East Coast (Paradip/Vizag/Gangavaram),9500,1976,492.85,0,39.02
2023-12-26,Baltimore (USA),Indian East Coast (Paradip/Vizag/Gangavaram),9500,1955,493.18,0,40.89
2023-12-27,Baltimore (USA),Indian East Coast (Paradip/Vizag/Gangavaram),9500,1913,497.81,0,38.54
2023-12-28,Baltimore (USA),Indian East Coast (Paradip/Vizag/Gangavaram),9500,1912,501.45,0,38.83
2023-12-29,Baltimore (USA),Indian East Coast (Paradip/Vizag/Gangavaram),9500,1965,505.77,0,38.79
2023-12-30,Baltimore (USA),Indian East Coast (Paradip/Vizag/Gangavaram),9500,1973,502.33,0,39.39
2023-12-31,Baltimore (USA),Indian East Coast (Paradip/Vizag/Gangavaram),9500,1922,504.15,0,36.84
2024-01-01,Baltimore (USA),Indian East Coast (Paradip/Vizag/Gangavaram),9500,2003,536.51,0,37.21
2024-01-02,Baltimore (USA),Indian East Coast (Paradip/Vizag/Gangavaram),9500,2106,536.45,0,42.03
2024-01-03,Baltimore (USA),Indian East Coast (Paradip/Vizag/Gangavaram),9500,2128,532.31,0,39.39
2024-01-04,Baltimore (USA),Indian East Coast (Paradip/Vizag/Gangavaram),9500,2182,529.88,0,38.98
2024-01-05,Baltimore (USA),Indian East Coast (Paradip/Vizag/Gangavaram),9500,2252,527.36,0,39.98
2024-01-06,Baltimore (USA),Indian East Coast (Paradip/Vizag/Gangavaram),9500,2310,529.12,0,40.95
2024-01-07,Baltimore (USA),Indian East Coast (Paradip/Vizag/Gangavaram),9500,2329,530.61,0,39.68
2024-01-08,Baltimore (USA),Indian East Coast (Paradip/Vizag/Gangavaram),9500,2346,530.67,0,40.65
2024-01-09,Baltimore (USA),Indian East Coast (Paradip/Vizag/Gangavaram),9500,2354,526.3,0,40.45
2024-01-10,Baltimore (USA),Indian East Coast (Paradip/Vizag/Gangavaram),9500,2248,524.76,0,39.14
2024-01-11,Baltimore (USA),Indian East Coast (Paradip/Vizag/Gangavaram),9500,2270,522.03,0,41.7
2024-01-12,Baltimore (USA),Indian East Coast (Paradip/Vizag/Gangavaram),9500,2147,523.69,0,40.38
2024-01-13,Baltimore (USA),Indian East Coast (Paradip/Vizag/Gangavaram),9500,2066,526.19,0,40.15
2024-01-14,Baltimore (USA),Indian East Coast (Paradip/Vizag/Gangavaram),9500,2133,528.36,0,40.6
2024-01-15,Baltimore (USA),Indian East Coast (Paradip/Vizag/Gangavaram),9500,2164,525.59,0,39.96
2024-01-16,Baltimore (USA),Indian East Coast (Paradip/Vizag/Gangavaram),9500,2237,517.43,0,42.16
2024-01-17,Baltimore (USA),Indian East Coast (Paradip/Vizag/Gangavaram),9500,2185,511.91,0,40.85
2024-01-18,Baltimore (USA),Indian East Coast (Paradip/Vizag/Gangavaram),9500,2073,515.06,0,38.46
2024-01-19,Baltimore (USA),Indian East Coast (Paradip/Vizag/Gangavaram),9500,2027,513.24,0,36.33
2024-01-20,Baltimore (USA),Indian East Coast (Paradip/Vizag/Gangavaram),9500,2004,510.48,0,38.91
2024-01-21,Baltimore (USA),Indian East Coast (Paradip/Vizag/Gangavaram),9500,1980,514.22,0,36.67
2024-01-22,Baltimore (USA),Indian East Coast (Paradip/Vizag/Gangavaram),9500,2027,516.93,0,40.4
2024-01-23,Baltimore (USA),Indian East Coast (Paradip/Vizag/Gangavaram),9500,1971,516.27,0,38.06
2024-01-24,Baltimore (USA),Indian East Coast (Paradip/Vizag/Gangavaram),9500,1963,514.73,0,36.67
2024-01-25,Baltimore (USA),Indian East Coast (Paradip/Vizag/Gangavaram),9500,1866,513.64,0,37.66
2024-01-26,Baltimore (USA),Indian East Coast (Paradip/Vizag/Gangavaram),9500,1866,513.52,0,38.11
2024-01-27,Baltimore (USA),Indian East Coast (Paradip/Vizag/Gangavaram),9500,1837,517.13,0,36.7
2024-01-28,Baltimore (USA),Indian East Coast (Paradip/Vizag/Gangavaram),9500,1758,517.53,0,37.1
2024-01-29,Baltimore (USA),Indian East Coast (Paradip/Vizag/Gangavaram),9500,1716,518.76,0,35.06
2024-01-30,Baltimore (USA),Indian East Coast (Paradip/Vizag/Gangavaram),9500,1678,521.2,0,37.53
2024-01-31,Baltimore (USA),Indian East Coast (Paradip/Vizag/Gangavaram),9500,1636,517.27,0,34.49
2024-02-01,Baltimore (USA),Indian East Coast (Paradip/Vizag/Gangavaram),9500,1723,518.57,0,34.1
2024-02-02,Baltimore (USA),Indian East Coast (Paradip/Vizag/Gangavaram),9500,1688,517.01,0,36.13
2024-02-03,Baltimore (USA),Indian East Coast (Paradip/Vizag/Gangavaram),9500,1645,509.41,0,36.59
2024-02-04,Baltimore (USA),Indian East Coast (Paradip/Vizag/Gangavaram),9500,1489,502.86,0,33.87
2024-02-05,Baltimore (USA),Indian East Coast (Paradip/Vizag/Gangavaram),9500,1414,499.34,0,32.18
2024-02-06,Baltimore (USA),Indian East Coast (Paradip/Vizag/Gangavaram),9500,1380,500.02,0,30.56
2024-02-07,Baltimore (USA),Indian East Coast (Paradip/Vizag/Gangavaram),9500,1321,499.56,0,32.77
2024-02-08,Baltimore (USA),Indian East Coast (Paradip/Vizag/Gangavaram),9500,1389,499.3,0,30.19
2024-02-09,Baltimore (USA),Indian East Coast (Paradip/Vizag/Gangavaram),9500,1361,503.84,0,32.14
2024-02-10,Baltimore (USA),Indian East Coast (Paradip/Vizag/Gangavaram),9500,1420,499.62,0,35.43
2024-02-11,Baltimore (USA),Indian East Coast (Paradip/Vizag/Gangavaram),9500,1403,498.77,0,31.85
2024-02-12,Baltimore (USA),Indian East Coast (Paradip/Vizag/Gangavaram),9500,1386,498.83,0,32.5
2024-02-13,Baltimore (USA),Indian East Coast (Paradip/Vizag/Gangavaram),9500,1362,496.05,0,32.42
2024-02-14,Baltimore (USA),Indian East Coast (Paradip/Vizag/Gangavaram),9500,1344,495.35,0,31.82
2024-02-15,Baltimore (USA),Indian East Coast (Paradip/Vizag/Gangavaram),9500,1425,490.22,0,33.88
2024-02-16,Baltimore (USA),Indian East Coast (Paradip/Vizag/Gangavaram),9500,1272,493.28,0,29.66
2024-02-17,Baltimore (USA),Indian East Coast (Paradip/Vizag/Gangavaram),9500,1145,490.64,0,28.97
2024-02-18,Baltimore (USA),Indian East Coast (Paradip/Vizag/Gangavaram),9500,1105,495.39,0,28.73
2024-02-19,Baltimore (USA),Indian East Coast (Paradip/Vizag/Gangavaram),9500,1098,494.52,0,29.84
2024-02-20,Baltimore (USA),Indian East Coast (Paradip/Vizag/Gangavaram),9500,1129,496.53,0,29.28
2024-02-21,Baltimore (USA),Indian East Coast (Paradip/Vizag/Gangavaram),9500,1147,495.6,0,29.76
2024-02-22,Baltimore (USA),Indian East Coast (Paradip/Vizag/Gangavaram),9500,1116,494.73,0,30.69
2024-02-23,Baltimore (USA),Indian East Coast (Paradip/Vizag/Gangavaram),9500,1165,492.35,0,30.46
2024-02-24,Baltimore (USA),Indian East Coast (Paradip/Vizag/Gangavaram),9500,1213,491.88,0,31.1
2024-02-25,Baltimore (USA),Indian East Coast (Paradip/Vizag/Gangavaram),9500,1212,491.96,0,31.6
2024-02-26,Baltimore (USA),Indian East Coast (Paradip/Vizag/Gangavaram),9500,1255,489.03,0,30.36
2024-02-27,Baltimore (USA),Indian East Coast (Paradip/Vizag/Gangavaram),9500,1258,487.9,0,29.82
2024-02-28,Baltimore (USA),Indian East Coast (Paradip/Vizag/Gangavaram),9500,1216,485.44,0,30.16
2024-02-29,Baltimore (USA),Indian East Coast (Paradip/Vizag/Gangavaram),9500,1245,490.9,0,29.74
2024-03-01,Baltimore (USA),Indian East Coast (Paradip/Vizag/Gangavaram),9500,1240,489.86,0,33.15
2024-03-02,Baltimore (USA),Indian East Coast (Paradip/Vizag/Gangavaram),9500,1230,493.27,0,29.86
2024-03-03,Baltimore (USA),Indian East Coast (Paradip/Vizag/Gangavaram),9500,1300,491.94,0,30.89
2024-03-04,Baltimore (USA),Indian East Coast (Paradip/Vizag/Gangavaram),9500,1152,491.84,0,28.14
2024-03-05,Baltimore (USA),Indian East Coast (Paradip/Vizag/Gangavaram),9500,1066,487.45,0,28.93
2024-03-06,Baltimore (USA),Indian East Coast (Paradip/Vizag/Gangavaram),9500,995,485.43,0,27.61
2024-03-07,Baltimore (USA),Indian East Coast (Paradip/Vizag/Gangavaram),9500,972,485.2,0,28.55
2024-03-08,Baltimore (USA),Indian East Coast (Paradip/Vizag/Gangavaram),9500,956,488.72,0,28.58
2024-03-09,Baltimore (USA),Indian East Coast (Paradip/Vizag/Gangavaram),9500,871,488.52,0,29.1
2024-03-10,Baltimore (USA),Indian East Coast (Paradip/Vizag/Gangavaram),9500,817,491.48,0,28.06
2024-03-11,Baltimore (USA),Indian East Coast (Paradip/Vizag/Gangavaram),9500,772,492.42,0,25.43
2024-03-12,Baltimore (USA),Indian East Coast (Paradip/Vizag/Gangavaram),9500,911,496.04,0,26.62
2024-03-13,Baltimore (USA),Indian East Coast (Paradip/Vizag/Gangavaram),9500,1009,495.07,0,27.63
2024-03-14,Baltimore (USA),Indian East Coast (Paradip/Vizag/Gangavaram),9500,982,500.77,0,28.85
2024-03-15,Baltimore (USA),Indian East Coast (Paradip/Vizag/Gangavaram),9500,958,498.64,0,27.8
2024-03-16,Baltimore (USA),Indian East Coast (Paradip/Vizag/Gangavaram),9500,891,495.75,0,27.34
2024-03-17,Baltimore (USA),Indian East Coast (Paradip/Vizag/Gangavaram),9500,785,491.65,0,25.32
2024-03-18,Baltimore (USA),Indian East Coast (Paradip/Vizag/Gangavaram),9500,781,497.19,0,27.23
2024-03-19,Baltimore (USA),Indian East Coast (Paradip/Vizag/Gangavaram),9500,728,498.61,0,24.53
2024-03-20,Baltimore (USA),Indian East Coast (Paradip/Vizag/Gangavaram),9500,728,496.89,0,25.25
2024-03-21,Baltimore (USA),Indian East Coast (Paradip/Vizag/Gangavaram),9500,644,499.48,0,23.86
2024-03-22,Baltimore (USA),Indian East Coast (Paradip/Vizag/Gangavaram),9500,609,500.55,0,25.0
2024-03-23,Baltimore (USA),Indian East Coast (Paradip/Vizag/Gangavaram),9500,624,505.09,0,26.2
2024-03-24,Baltimore (USA),Indian East Coast (Paradip/Vizag/Gangavaram),9500,652,500.07,0,24.43
2024-03-25,Baltimore (USA),Indian East Coast (Paradip/Vizag/Gangavaram),9500,681,498.54,0,25.51
2024-03-26,Baltimore (USA),Indian East Coast (Paradip/Vizag/Gangavaram),9500,613,496.47,0,24.62
2024-03-27,Baltimore (USA),Indian East Coast (Paradip/Vizag/Gangavaram),9500,667,490.3,0,25.33
2024-03-28,Baltimore (USA),Indian East Coast (Paradip/Vizag/Gangavaram),9500,628,492.37,0,25.75
2024-03-29,Baltimore (USA),Indian East Coast (Paradip/Vizag/Gangavaram),9500,669,490.83,0,25.51
2024-03-30,Baltimore (USA),Indian East Coast (Paradip/Vizag/Gangavaram),9500,673,492.03,0,24.42
2024-03-31,Baltimore (USA),Indian East Coast (Paradip/Vizag/Gangavaram),9500,602,497.65,0,24.72
2024-04-01,Baltimore (USA),Indian East Coast (Paradip/Vizag/Gangavaram),9500,591,495.88,0,25.55
2024-04-02,Baltimore (USA),Indian East Coast (Paradip/Vizag/Gangavaram),9500,618,493.93,0,26.96
2024-04-03,Baltimore (USA),Indian East Coast (Paradip/Vizag/Gangavaram),9500,658,493.44,0,28.38
2024-04-04,Baltimore (USA),Indian East Coast (Paradip/Vizag/Gangavaram),9500,654,495.32,0,29.36
2024-04-05,Baltimore (USA),Indian East Coast (Paradip/Vizag/Gangavaram),9500,743,492.98,0,29.41
2024-04-06,Baltimore (USA),Indian East Coast (Paradip/Vizag/Gangavaram),9500,799,490.46,0,29.33
2024-04-07,Baltimore (USA),Indian East Coast (Paradip/Vizag/Gangavaram),9500,784,492.53,0,29.52
2024-04-08,Baltimore (USA),Indian East Coast (Paradip/Vizag/Gangavaram),9500,825,492.75,0,30.7
2024-04-09,Baltimore (USA),Indian East Coast (Paradip/Vizag/Gangavaram),9500,929,486.39,0,32.4
2024-04-10,Baltimore (USA),Indian East Coast (Paradip/Vizag/Gangavaram),9500,1031,482.25,0,34.27
2024-04-11,Baltimore (USA),Indian East Coast (Paradip/Vizag/Gangavaram),9500,954,485.54,0,35.03
2024-04-12,Baltimore (USA),Indian East Coast (Paradip/Vizag/Gangavaram),9500,896,485.83,0,33.66
2024-04-13,Baltimore (USA),Indian East Coast (Paradip/Vizag/Gangavaram),9500,973,482.95,0,37.51
2024-04-14,Baltimore (USA),Indian East Coast (Paradip/Vizag/Gangavaram),9500,907,481.69,0,34.17
2024-04-15,Baltimore (USA),Indian East Coast (Paradip/Vizag/Gangavaram),9500,828,480.93,0,34.36
2024-04-16,Baltimore (USA),Indian East Coast (Paradip/Vizag/Gangavaram),9500,798,482.13,0,37.93
2024-04-17,Baltimore (USA),Indian East Coast (Paradip/Vizag/Gangavaram),9500,819,477.64,0,36.52
2024-04-18,Baltimore (USA),Indian East Coast (Paradip/Vizag/Gangavaram),9500,811,474.56,0,36.68
2024-04-19,Baltimore (USA),Indian East Coast (Paradip/Vizag/Gangavaram),9500,772,474.51,0,39.84
2024-04-20,Baltimore (USA),Indian East Coast (Paradip/Vizag/Gangavaram),9500,734,473.44,0,37.01
2024-04-21,Baltimore (USA),Indian East Coast (Paradip/Vizag/Gangavaram),9500,694,474.2,0,34.44
2024-04-22,Baltimore (USA),Indian East Coast (Paradip/Vizag/Gangavaram),9500,647,470.07,0,36.92
2024-04-23,Baltimore (USA),Indian East Coast (Paradip/Vizag/Gangavaram),9500,775,470.25,0,37.48
2024-04-24,Baltimore (USA),Indian East Coast (Paradip/Vizag/Gangavaram),9500,789,472.43,0,39.51
2024-04-25,Baltimore (USA),Indian East Coast (Paradip/Vizag/Gangavaram),9500,835,472.97,0,41.45
2024-04-26,Baltimore (USA),Indian East Coast (Paradip/Vizag/Gangavaram),9500,804,472.56,0,40.96
2024-04-27,Baltimore (USA),Indian East Coast (Paradip/Vizag/Gangavaram),9500,791,471.51,0,41.16
2024-04-28,Baltimore (USA),Indian East Coast (Paradip/Vizag/Gangavaram),9500,748,468.46,0,39.86
2024-04-29,Baltimore (USA),Indian East Coast (Paradip/Vizag/Gangavaram),9500,601,467.48,0,39.29
2024-04-30,Baltimore (USA),Indian East Coast (Paradip/Vizag/Gangavaram),9500,529,470.13,0,36.12
2024-05-01,Baltimore (USA),Indian East Coast (Paradip/Vizag/Gangavaram),9500,435,469.02,0,38.01
2024-05-02,Baltimore (USA),Indian East Coast (Paradip/Vizag/Gangavaram),9500,400,465.82,0,36.09
2024-05-03,Baltimore (USA),Indian East Coast (Paradip/Vizag/Gangavaram),9500,400,463.71,0,37.7
2024-05-04,Baltimore (USA),Indian East Coast (Paradip/Vizag/Gangavaram),9500,400,463.48,0,34.66
2024-05-05,Baltimore (USA),Indian East Coast (Paradip/Vizag/Gangavaram),9500,400,461.69,0,37.99
2024-05-06,Baltimore (USA),Indian East Coast (Paradip/Vizag/Gangavaram),9500,448,462.24,0,36.47
2024-05-07,Baltimore (USA),Indian East Coast (Paradip/Vizag/Gangavaram),9500,480,462.89,0,35.14
2024-05-08,Baltimore (USA),Indian East Coast (Paradip/Vizag/Gangavaram),9500,531,464.54,0,37.38
2024-05-09,Baltimore (USA),Indian East Coast (Paradip/Vizag/Gangavaram),9500,487,467.65,0,37.45
2024-05-10,Baltimore (USA),Indian East Coast (Paradip/Vizag/Gangavaram),9500,523,469.59,0,37.43
2024-05-11,Baltimore (USA),Indian East Coast (Paradip/Vizag/Gangavaram),9500,570,466.29,0,38.77
2024-05-12,Baltimore (USA),Indian East Coast (Paradip/Vizag/Gangavaram),9500,542,463.07,0,36.52
2024-05-13,Baltimore (USA),Indian East Coast (Paradip/Vizag/Gangavaram),9500,579,462.11,0,35.29
2024-05-14,Baltimore (USA),Indian East Coast (Paradip/Vizag/Gangavaram),9500,614,460.12,0,37.76
2024-05-15,Baltimore (USA),Indian East Coast (Paradip/Vizag/Gangavaram),9500,587,456.27,0,35.23
2024-05-16,Baltimore (USA),Indian East Coast (Paradip/Vizag/Gangavaram),9500,529,454.32,0,32.38
2024-05-17,Baltimore (USA),Indian East Coast (Paradip/Vizag/Gangavaram),9500,470,452.28,0,33.4
2024-05-18,Baltimore (USA),Indian East Coast (Paradip/Vizag/Gangavaram),9500,483,449.7,0,32.47
2024-05-19,Baltimore (USA),Indian East Coast (Paradip/Vizag/Gangavaram),9500,508,448.1,0,32.98
2024-05-20,Baltimore (USA),Indian East Coast (Paradip/Vizag/Gangavaram),9500,471,450.56,0,30.53
2024-05-21,Baltimore (USA),Indian East Coast (Paradip/Vizag/Gangavaram),9500,481,450.36,0,29.33
2024-05-22,Baltimore (USA),Indian East Coast (Paradip/Vizag/Gangavaram),9500,520,456.35,0,29.76
2024-05-23,Baltimore (USA),Indian East Coast (Paradip/Vizag/Gangavaram),9500,560,456.07,0,31.45
2024-05-24,Baltimore (USA),Indian East Coast (Paradip/Vizag/Gangavaram),9500,650,454.55,0,29.18
2024-05-25,Baltimore (USA),Indian East Coast (Paradip/Vizag/Gangavaram),9500,722,453.83,0,32.99
2024-05-26,Baltimore (USA),Indian East Coast (Paradip/Vizag/Gangavaram),9500,667,453.8,0,27.78
2024-05-27,Baltimore (USA),Indian East Coast (Paradip/Vizag/Gangavaram),9500,760,454.25,0,30.35
2024-05-28,Baltimore (USA),Indian East Coast (Paradip/Vizag/Gangavaram),9500,729,459.18,0,29.33
2024-05-29,Baltimore (USA),Indian East Coast (Paradip/Vizag/Gangavaram),9500,785,456.16,0,30.23
2024-05-30,Baltimore (USA),Indian East Coast (Paradip/Vizag/Gangavaram),9500,786,457.77,0,29.32
2024-05-31,Baltimore (USA),Indian East Coast (Paradip/Vizag/Gangavaram),9500,761,457.62,0,27.68
2024-06-01,Baltimore (USA),Indian East Coast (Paradip/Vizag/Gangavaram),9500,659,452.63,1,28.62
2024-06-02,Baltimore (USA),Indian East Coast (Paradip/Vizag/Gangavaram),9500,651,454.02,1,30.11
2024-06-03,Baltimore (USA),Indian East Coast (Paradip/Vizag/Gangavaram),9500,569,456.76,1,27.51
2024-06-04,Baltimore (USA),Indian East Coast (Paradip/Vizag/Gangavaram),9500,629,453.72,1,25.91
2024-06-05,Baltimore (USA),Indian East Coast (Paradip/Vizag/Gangavaram),9500,719,452.99,1,27.39
2024-06-06,Baltimore (USA),Indian East Coast (Paradip/Vizag/Gangavaram),9500,679,447.6,1,27.46
2024-06-07,Baltimore (USA),Indian East Coast (Paradip/Vizag/Gangavaram),9500,702,443.48,1,29.38
2024-06-08,Baltimore (USA),Indian East Coast (Paradip/Vizag/Gangavaram),9500,667,445.64,1,28.6
2024-06-09,Baltimore (USA),Indian East Coast (Paradip/Vizag/Gangavaram),9500,639,443.68,1,25.95
2024-06-10,Baltimore (USA),Indian East Coast (Paradip/Vizag/Gangavaram),9500,694,439.97,1,26.9
2024-06-11,Baltimore (USA),Indian East Coast (Paradip/Vizag/Gangavaram),9500,700,439.91,1,28.41
2024-06-12,Baltimore (USA),Indian East Coast (Paradip/Vizag/Gangavaram),9500,811,437.81,1,30.85
2024-06-13,Baltimore (USA),Indian East Coast (Paradip/Vizag/Gangavaram),9500,788,435.85,1,27.89
2024-06-14,Baltimore (USA),Indian East Coast (Paradip/Vizag/Gangavaram),9500,855,437.18,1,28.34
2024-06-15,Baltimore (USA),Indian East Coast (Paradip/Vizag/Gangavaram),9500,866,433.35,1,29.57
2024-06-16,Baltimore (USA),Indian East Coast (Paradip/Vizag/Gangavaram),9500,919,430.22,1,33.06
2024-06-17,Baltimore (USA),Indian East Coast (Paradip/Vizag/Gangavaram),9500,893,429.97,1,30.14
2024-06-18,Baltimore (USA),Indian East Coast (Paradip/Vizag/Gangavaram),9500,893,431.94,1,29.87
2024-06-19,Baltimore (USA),Indian East Coast (Paradip/Vizag/Gangavaram),9500,887,434.65,1,30.28
2024-06-20,Baltimore (USA),Indian East Coast (Paradip/Vizag/Gangavaram),9500,835,432.18,1,27.33
2024-06-21,Baltimore (USA),Indian East Coast (Paradip/Vizag/Gangavaram),9500,878,434.08,1,30.3
2024-06-22,Baltimore (USA),Indian East Coast (Paradip/Vizag/Gangavaram),9500,919,431.3,1,28.98
2024-06-23,Baltimore (USA),Indian East Coast (Paradip/Vizag/Gangavaram),9500,953,435.62,1,27.89
2024-06-24,Baltimore (USA),Indian East Coast (Paradip/Vizag/Gangavaram),9500,1044,431.89,1,29.66
2024-06-25,Baltimore (USA),Indian East Coast (Paradip/Vizag/Gangavaram),9500,1125,434.87,1,33.88
2024-06-26,Baltimore (USA),Indian East Coast (Paradip/Vizag/Gangavaram),9500,1087,432.44,1,31.13
2024-06-27,Baltimore (USA),Indian East Coast (Paradip/Vizag/Gangavaram),9500,1095,437.29,1,32.21
2024-06-28,Baltimore (USA),Indian East Coast (Paradip/Vizag/Gangavaram),9500,1040,438.27,1,29.41
2024-06-29,Baltimore (USA),Indian East Coast (Paradip/Vizag/Gangavaram),9500,1026,434.88,1,30.86
2024-06-30,Baltimore (USA),Indian East Coast (Paradip/Vizag/Gangavaram),9500,973,432.84,1,31.52
2024-07-01,Baltimore (USA),Indian East Coast (Paradip/Vizag/Gangavaram),9500,1056,434.34,1,31.93
2024-07-02,Baltimore (USA),Indian East Coast (Paradip/Vizag/Gangavaram),9500,1059,436.59,1,30.78
2024-07-03,Baltimore (USA),Indian East Coast (Paradip/Vizag/Gangavaram),9500,1026,435.79,1,31.38
2024-07-04,Baltimore (USA),Indian East Coast (Paradip/Vizag/Gangavaram),9500,1077,435.31,1,31.23
2024-07-05,Baltimore (USA),Indian East Coast (Paradip/Vizag/Gangavaram),9500,928,436.77,1,30.88
2024-07-06,Baltimore (USA),Indian East Coast (Paradip/Vizag/Gangavaram),9500,796,436.53,1,30.25
2024-07-07,Baltimore (USA),Indian East Coast (Paradip/Vizag/Gangavaram),9500,832,432.41,1,29.08
2024-07-08,Baltimore (USA),Indian East Coast (Paradip/Vizag/Gangavaram),9500,824,429.61,1,28.82
2024-07-09,Baltimore (USA),Indian East Coast (Paradip/Vizag/Gangavaram),9500,828,429.66,1,28.89
2024-07-10,Baltimore (USA),Indian East Coast (Paradip/Vizag/Gangavaram),9500,744,432.39,1,28.19
2024-07-11,Baltimore (USA),Indian East Coast (Paradip/Vizag/Gangavaram),9500,737,436.2,1,26.7
2024-07-12,Baltimore (USA),Indian East Coast (Paradip/Vizag/Gangavaram),9500,843,437.75,1,29.55
2024-07-13,Baltimore (USA),Indian East Coast (Paradip/Vizag/Gangavaram),9500,881,437.96,1,28.71
2024-07-14,Baltimore (USA),Indian East Coast (Paradip/Vizag/Gangavaram),9500,882,439.43,1,30.61
2024-07-15,Baltimore (USA),Indian East Coast (Paradip/Vizag/Gangavaram),9500,851,437.05,1,29.03
2024-07-16,Baltimore (USA),Indian East Coast (Paradip/Vizag/Gangavaram),9500,824,436.07,1,29.83
2024-07-17,Baltimore (USA),Indian East Coast (Paradip/Vizag/Gangavaram),9500,702,433.28,1,28.97
2024-07-18,Baltimore (USA),Indian East Coast (Paradip/Vizag/Gangavaram),9500,716,429.33,1,28.11
2024-07-19,Baltimore (USA),Indian East Coast (Paradip/Vizag/Gangavaram),9500,762,429.69,1,27.04
2024-07-20,Baltimore (USA),Indian East Coast (Paradip/Vizag/Gangavaram),9500,673,429.66,1,26.8
2024-07-21,Baltimore (USA),Indian East Coast (Paradip/Vizag/Gangavaram),9500,638,430.99,1,27.34
2024-07-22,Baltimore (USA),Indian East Coast (Paradip/Vizag/Gangavaram),9500,576,431.94,1,27.6
2024-07-23,Baltimore (USA),Indian East Coast (Paradip/Vizag/Gangavaram),9500,528,432.07,1,26.14
2024-07-24,Baltimore (USA),Indian East Coast (Paradip/Vizag/Gangavaram),9500,537,433.06,1,23.16
2024-07-25,Baltimore (USA),Indian East Coast (Paradip/Vizag/Gangavaram),9500,428,432.43,1,26.9
2024-07-26,Baltimore (USA),Indian East Coast (Paradip/Vizag/Gangavaram),9500,471,433.03,1,26.26
2024-07-27,Baltimore (USA),Indian East Coast (Paradip/Vizag/Gangavaram),9500,521,430.55,1,25.09
2024-07-28,Baltimore (USA),Indian East Coast (Paradip/Vizag/Gangavaram),9500,514,431.04,1,24.65
2024-07-29,Baltimore (USA),Indian East Coast (Paradip/Vizag/Gangavaram),9500,400,432.36,1,23.88
2024-07-30,Baltimore (USA),Indian East Coast (Paradip/Vizag/Gangavaram),9500,400,430.04,1,23.98
2024-07-31,Baltimore (USA),Indian East Coast (Paradip/Vizag/Gangavaram),9500,423,429.69,1,23.05
2024-08-01,Baltimore (USA),Indian East Coast (Paradip/Vizag/Gangavaram),9500,400,427.5,1,21.01
2024-08-02,Baltimore (USA),Indian East Coast (Paradip/Vizag/Gangavaram),9500,400,425.59,1,24.39
2024-08-03,Baltimore (USA),Indian East Coast (Paradip/Vizag/Gangavaram),9500,400,422.05,1,23.0
2024-08-04,Baltimore (USA),Indian East Coast (Paradip/Vizag/Gangavaram),9500,400,425.02,1,25.51
2024-08-05,Baltimore (USA),Indian East Coast (Paradip/Vizag/Gangavaram),9500,400,427.45,1,22.51
2024-08-06,Baltimore (USA),Indian East Coast (Paradip/Vizag/Gangavaram),9500,400,428.44,1,24.43
2024-08-07,Baltimore (USA),Indian East Coast (Paradip/Vizag/Gangavaram),9500,400,433.35,1,24.79
2024-08-08,Baltimore (USA),Indian East Coast (Paradip/Vizag/Gangavaram),9500,468,432.38,1,26.07
2024-08-09,Baltimore (USA),Indian East Coast (Paradip/Vizag/Gangavaram),9500,466,440.17,1,24.43
2024-08-10,Baltimore (USA),Indian East Coast (Paradip/Vizag/Gangavaram),9500,497,439.11,1,26.92
2024-08-11,Baltimore (USA),Indian East Coast (Paradip/Vizag/Gangavaram),9500,424,439.36,1,24.04
2024-08-12,Baltimore (USA),Indian East Coast (Paradip/Vizag/Gangavaram),9500,502,437.84,1,25.0
2024-08-13,Baltimore (USA),Indian East Coast (Paradip/Vizag/Gangavaram),9500,469,438.42,1,26.16
2024-08-14,Baltimore (USA),Indian East Coast (Paradip/Vizag/Gangavaram),9500,448,440.27,1,25.9
2024-08-15,Baltimore (USA),Indian East Coast (Paradip/Vizag/Gangavaram),9500,458,439.54,1,26.42
2024-08-16,Baltimore (USA),Indian East Coast (Paradip/Vizag/Gangavaram),9500,400,443.95,1,22.8
2024-08-17,Baltimore (USA),Indian East Coast (Paradip/Vizag/Gangavaram),9500,410,444.19,1,23.13
2024-08-18,Baltimore (USA),Indian East Coast (Paradip/Vizag/Gangavaram),9500,476,444.52,1,26.22
2024-08-19,Baltimore (USA),Indian East Coast (Paradip/Vizag/Gangavaram),9500,503,441.64,1,26.22
2024-08-20,Baltimore (USA),Indian East Coast (Paradip/Vizag/Gangavaram),9500,425,442.39,1,25.01
2024-08-21,Baltimore (USA),Indian East Coast (Paradip/Vizag/Gangavaram),9500,431,441.63,1,24.76
2024-08-22,Baltimore (USA),Indian East Coast (Paradip/Vizag/Gangavaram),9500,485,439.59,1,26.2
2024-08-23,Baltimore (USA),Indian East Coast (Paradip/Vizag/Gangavaram),9500,400,437.09,1,24.61
2024-08-24,Baltimore (USA),Indian East Coast (Paradip/Vizag/Gangavaram),9500,400,443.98,1,24.03
2024-08-25,Baltimore (USA),Indian East Coast (Paradip/Vizag/Gangavaram),9500,412,442.9,1,24.68
2024-08-26,Baltimore (USA),Indian East Coast (Paradip/Vizag/Gangavaram),9500,441,438.57,1,24.32
2024-08-27,Baltimore (USA),Indian East Coast (Paradip/Vizag/Gangavaram),9500,476,436.31,1,25.06
2024-08-28,Baltimore (USA),Indian East Coast (Paradip/Vizag/Gangavaram),9500,591,435.81,1,26.61
2024-08-29,Baltimore (USA),Indian East Coast (Paradip/Vizag/Gangavaram),9500,625,436.95,1,24.86
2024-08-30,Baltimore (USA),Indian East Coast (Paradip/Vizag/Gangavaram),9500,668,438.11,1,27.0
2024-08-31,Baltimore (USA),Indian East Coast (Paradip/Vizag/Gangavaram),9500,823,439.61,1,30.13
2024-09-01,Baltimore (USA),Indian East Coast (Paradip/Vizag/Gangavaram),9500,811,437.52,1,30.58
2024-09-02,Baltimore (USA),Indian East Coast (Paradip/Vizag/Gangavaram),9500,769,438.12,1,29.14
2024-09-03,Baltimore (USA),Indian East Coast (Paradip/Vizag/Gangavaram),9500,795,435.41,1,28.89
2024-09-04,Baltimore (USA),Indian East Coast (Paradip/Vizag/Gangavaram),9500,821,433.4,1,27.66
2024-09-05,Baltimore (USA),Indian East Coast (Paradip/Vizag/Gangavaram),9500,793,430.59,1,26.39
2024-09-06,Baltimore (USA),Indian East Coast (Paradip/Vizag/Gangavaram),9500,739,427.05,1,27.41
2024-09-07,Baltimore (USA),Indian East Coast (Paradip/Vizag/Gangavaram),9500,870,429.64,1,28.39
2024-09-08,Baltimore (USA),Indian East Coast (Paradip/Vizag/Gangavaram),9500,888,431.22,1,28.44
2024-09-09,Baltimore (USA),Indian East Coast (Paradip/Vizag/Gangavaram),9500,847,433.58,1,29.13
2024-09-10,Baltimore (USA),Indian East Coast (Paradip/Vizag/Gangavaram),9500,898,433.4,1,29.87
2024-09-11,Baltimore (USA),Indian East Coast (Paradip/Vizag/Gangavaram),9500,892,435.23,1,29.45
2024-09-12,Baltimore (USA),Indian East Coast (Paradip/Vizag/Gangavaram),9500,878,430.17,1,28.88
2024-09-13,Baltimore (USA),Indian East Coast (Paradip/Vizag/Gangavaram),9500,909,432.24,1,27.79
2024-09-14,Baltimore (USA),Indian East Coast (Paradip/Vizag/Gangavaram),9500,838,432.46,1,29.51
2024-09-15,Baltimore (USA),Indian East Coast (Paradip/Vizag/Gangavaram),9500,859,433.91,1,29.43
2024-09-16,Baltimore (USA),Indian East Coast (Paradip/Vizag/Gangavaram),9500,966,434.68,1,31.88
2024-09-17,Baltimore (USA),Indian East Coast (Paradip/Vizag/Gangavaram),9500,990,431.75,1,28.38
2024-09-18,Baltimore (USA),Indian East Coast (Paradip/Vizag/Gangavaram),9500,967,427.43,1,29.73
2024-09-19,Baltimore (USA),Indian East Coast (Paradip/Vizag/Gangavaram),9500,937,425.26,1,32.17
2024-09-20,Baltimore (USA),Indian East Coast (Paradip/Vizag/Gangavaram),9500,914,426.56,1,29.6
2024-09-21,Baltimore (USA),Indian East Coast (Paradip/Vizag/Gangavaram),9500,901,428.21,1,30.28
2024-09-22,Baltimore (USA),Indian East Coast (Paradip/Vizag/Gangavaram),9500,882,424.27,1,29.53
2024-09-23,Baltimore (USA),Indian East Coast (Paradip/Vizag/Gangavaram),9500,934,421.39,1,30.33
2024-09-24,Baltimore (USA),Indian East Coast (Paradip/Vizag/Gangavaram),9500,839,419.21,1,28.37
2024-09-25,Baltimore (USA),Indian East Coast (Paradip/Vizag/Gangavaram),9500,891,418.03,1,28.6
2024-09-26,Baltimore (USA),Indian East Coast (Paradip/Vizag/Gangavaram),9500,872,414.13,1,29.22
2024-09-27,Baltimore (USA),Indian East Coast (Paradip/Vizag/Gangavaram),9500,896,410.07,1,26.13
2024-09-28,Baltimore (USA),Indian East Coast (Paradip/Vizag/Gangavaram),9500,837,407.65,1,28.52
2024-09-29,Baltimore (USA),Indian East Coast (Paradip/Vizag/Gangavaram),9500,915,407.7,1,29.69
2024-09-30,Baltimore (USA),Indian East Coast (Paradip/Vizag/Gangavaram),9500,986,404.31,1,29.16
2024-10-01,Baltimore (USA),Indian East Coast (Paradip/Vizag/Gangavaram),9500,1038,403.83,0,26.44
2024-10-02,Baltimore (USA),Indian East Coast (Paradip/Vizag/Gangavaram),9500,953,406.54,0,26.83
2024-10-03,Baltimore (USA),Indian East Coast (Paradip/Vizag/Gangavaram),9500,1001,402.84,0,26.19
2024-10-04,Baltimore (USA),Indian East Coast (Paradip/Vizag/Gangavaram),9500,1023,402.13,0,25.82
2024-10-05,Baltimore (USA),Indian East Coast (Paradip/Vizag/Gangavaram),9500,934,404.77,0,24.83
2024-10-06,Baltimore (USA),Indian East Coast (Paradip/Vizag/Gangavaram),9500,936,403.49,0,25.22
2024-10-07,Baltimore (USA),Indian East Coast (Paradip/Vizag/Gangavaram),9500,959,401.79,0,26.9
2024-10-08,Baltimore (USA),Indian East Coast (Paradip/Vizag/Gangavaram),9500,992,404.82,0,24.3
2024-10-09,Baltimore (USA),Indian East Coast (Paradip/Vizag/Gangavaram),9500,1003,403.87,0,26.49
2024-10-10,Baltimore (USA),Indian East Coast (Paradip/Vizag/Gangavaram),9500,1020,406.75,0,26.99
2024-10-11,Baltimore (USA),Indian East Coast (Paradip/Vizag/Gangavaram),9500,1102,407.8,0,27.56
2024-10-12,Baltimore (USA),Indian East Coast (Paradip/Vizag/Gangavaram),9500,1168,406.76,0,27.44
2024-10-13,Baltimore (USA),Indian East Coast (Paradip/Vizag/Gangavaram),9500,1006,407.97,0,26.17
2024-10-14,Baltimore (USA),Indian East Coast (Paradip/Vizag/Gangavaram),9500,991,408.74,0,26.43
2024-10-15,Baltimore (USA),Indian East Coast (Paradip/Vizag/Gangavaram),9500,984,411.43,0,26.19
2024-10-16,Baltimore (USA),Indian East Coast (Paradip/Vizag/Gangavaram),9500,891,409.85,0,25.84
2024-10-17,Baltimore (USA),Indian East Coast (Paradip/Vizag/Gangavaram),9500,903,409.89,0,26.26
2024-10-18,Baltimore (USA),Indian East Coast (Paradip/Vizag/Gangavaram),9500,978,409.65,0,25.54
2024-10-19,Baltimore (USA),Indian East Coast (Paradip/Vizag/Gangavaram),9500,922,411.5,0,25.4
2024-10-20,Baltimore (USA),Indian East Coast (Paradip/Vizag/Gangavaram),9500,947,408.65,0,25.18
2024-10-21,Baltimore (USA),Indian East Coast (Paradip/Vizag/Gangavaram),9500,902,411.36,0,25.39
2024-10-22,Baltimore (USA),Indian East Coast (Paradip/Vizag/Gangavaram),9500,872,412.58,0,24.14
2024-10-23,Baltimore (USA),Indian East Coast (Paradip/Vizag/Gangavaram),9500,962,408.95,0,25.42
2024-10-24,Baltimore (USA),Indian East Coast (Paradip/Vizag/Gangavaram),9500,938,412.2,0,24.56
2024-10-25,Baltimore (USA),Indian East Coast (Paradip/Vizag/Gangavaram),9500,970,418.24,0,25.64
2024-10-26,Baltimore (USA),Indian East Coast (Paradip/Vizag/Gangavaram),9500,873,420.94,0,24.75
2024-10-27,Baltimore (USA),Indian East Coast (Paradip/Vizag/Gangavaram),9500,985,424.8,0,25.46
2024-10-28,Baltimore (USA),Indian East Coast (Paradip/Vizag/Gangavaram),9500,1024,425.02,0,24.82
2024-10-29,Baltimore (USA),Indian East Coast (Paradip/Vizag/Gangavaram),9500,1019,420.49,0,26.16
2024-10-30,Baltimore (USA),Indian East Coast (Paradip/Vizag/Gangavaram),9500,1055,415.47,0,26.92
2024-10-31,Baltimore (USA),Indian East Coast (Paradip/Vizag/Gangavaram),9500,982,416.17,0,25.69
2024-11-01,Baltimore (USA),Indian East Coast (Paradip/Vizag/Gangavaram),9500,1053,414.57,0,26.42
2024-11-02,Baltimore (USA),Indian East Coast (Paradip/Vizag/Gangavaram),9500,1040,412.1,0,26.6
2024-11-03,Baltimore (USA),Indian East Coast (Paradip/Vizag/Gangavaram),9500,1034,411.95,0,27.33
2024-11-04,Baltimore (USA),Indian East Coast (Paradip/Vizag/Gangavaram),9500,1013,413.65,0,27.19
2024-11-05,Baltimore (USA),Indian East Coast (Paradip/Vizag/Gangavaram),9500,987,409.73,0,24.01
2024-11-06,Baltimore (USA),Indian East Coast (Paradip/Vizag/Gangavaram),9500,1033,408.55,0,25.45
2024-11-07,Baltimore (USA),Indian East Coast (Paradip/Vizag/Gangavaram),9500,1054,412.7,0,27.89
2024-11-08,Baltimore (USA),Indian East Coast (Paradip/Vizag/Gangavaram),9500,1095,409.82,0,26.75
2024-11-09,Baltimore (USA),Indian East Coast (Paradip/Vizag/Gangavaram),9500,1100,412.24,0,27.73
2024-11-10,Baltimore (USA),Indian East Coast (Paradip/Vizag/Gangavaram),9500,1132,410.99,0,26.16
2024-11-11,Baltimore (USA),Indian East Coast (Paradip/Vizag/Gangavaram),9500,1113,412.54,0,26.45
2024-11-12,Baltimore (USA),Indian East Coast (Paradip/Vizag/Gangavaram),9500,1241,415.6,0,28.87
2024-11-13,Baltimore (USA),Indian East Coast (Paradip/Vizag/Gangavaram),9500,1155,417.69,0,27.57
2024-11-14,Baltimore (USA),Indian East Coast (Paradip/Vizag/Gangavaram),9500,1228,420.25,0,27.83
2024-11-15,Baltimore (USA),Indian East Coast (Paradip/Vizag/Gangavaram),9500,1305,417.21,0,29.21
2024-11-16,Baltimore (USA),Indian East Coast (Paradip/Vizag/Gangavaram),9500,1257,420.33,0,28.85
2024-11-17,Baltimore (USA),Indian East Coast (Paradip/Vizag/Gangavaram),9500,1380,418.12,0,30.63
2024-11-18,Baltimore (USA),Indian East Coast (Paradip/Vizag/Gangavaram),9500,1432,418.93,0,31.97
2024-11-19,Baltimore (USA),Indian East Coast (Paradip/Vizag/Gangavaram),9500,1480,419.75,0,29.99
2024-11-20,Baltimore (USA),Indian East Coast (Paradip/Vizag/Gangavaram),9500,1476,421.19,0,30.26
2024-11-21,Baltimore (USA),Indian East Coast (Paradip/Vizag/Gangavaram),9500,1458,422.23,0,31.1
2024-11-22,Baltimore (USA),Indian East Coast (Paradip/Vizag/Gangavaram),9500,1441,420.06,0,31.11
2024-11-23,Baltimore (USA),Indian East Coast (Paradip/Vizag/Gangavaram),9500,1459,416.53,0,30.42
2024-11-24,Baltimore (USA),Indian East Coast (Paradip/Vizag/Gangavaram),9500,1531,419.05,0,31.22
2024-11-25,Baltimore (USA),Indian East Coast (Paradip/Vizag/Gangavaram),9500,1534,419.7,0,29.87
2024-11-26,Baltimore (USA),Indian East Coast (Paradip/Vizag/Gangavaram),9500,1478,422.98,0,30.69
2024-11-27,Baltimore (USA),Indian East Coast (Paradip/Vizag/Gangavaram),9500,1518,423.02,0,30.19
2024-11-28,Baltimore (USA),Indian East Coast (Paradip/Vizag/Gangavaram),9500,1563,419.36,0,32.29
2024-11-29,Baltimore (USA),Indian East Coast (Paradip/Vizag/Gangavaram),9500,1593,422.16,0,30.67
2024-11-30,Baltimore (USA),Indian East Coast (Paradip/Vizag/Gangavaram),9500,1626,421.33,0,32.59
2024-12-01,Baltimore (USA),Indian East Coast (Paradip/Vizag/Gangavaram),9500,1602,422.45,0,32.12
2024-12-02,Baltimore (USA),Indian East Coast (Paradip/Vizag/Gangavaram),9500,1543,420.88,0,31.7
2024-12-03,Baltimore (USA),Indian East Coast (Paradip/Vizag/Gangavaram),9500,1490,425.54,0,30.66
2024-12-04,Baltimore (USA),Indian East Coast (Paradip/Vizag/Gangavaram),9500,1397,423.36,0,30.96
2024-12-05,Baltimore (USA),Indian East Coast (Paradip/Vizag/Gangavaram),9500,1411,422.65,0,31.11
2024-12-06,Baltimore (USA),Indian East Coast (Paradip/Vizag/Gangavaram),9500,1406,423.15,0,29.72
2024-12-07,Baltimore (USA),Indian East Coast (Paradip/Vizag/Gangavaram),9500,1382,420.4,0,29.59
2024-12-08,Baltimore (USA),Indian East Coast (Paradip/Vizag/Gangavaram),9500,1221,421.52,0,27.46
2024-12-09,Baltimore (USA),Indian East Coast (Paradip/Vizag/Gangavaram),9500,1160,426.14,0,28.57
2024-12-10,Baltimore (USA),Indian East Coast (Paradip/Vizag/Gangavaram),9500,1232,425.04,0,28.92
2024-12-11,Baltimore (USA),Indian East Coast (Paradip/Vizag/Gangavaram),9500,1203,426.35,0,27.98
2024-12-12,Baltimore (USA),Indian East Coast (Paradip/Vizag/Gangavaram),9500,1231,419.12,0,28.52
2024-12-13,Baltimore (USA),Indian East Coast (Paradip/Vizag/Gangavaram),9500,1163,419.27,0,27.42
2024-12-14,Baltimore (USA),Indian East Coast (Paradip/Vizag/Gangavaram),9500,1253,418.67,0,29.56
2024-12-15,Baltimore (USA),Indian East Coast (Paradip/Vizag/Gangavaram),9500,1253,416.71,0,28.1
2024-12-16,Baltimore (USA),Indian East Coast (Paradip/Vizag/Gangavaram),9500,1277,419.92,0,27.42
2024-12-17,Baltimore (USA),Indian East Coast (Paradip/Vizag/Gangavaram),9500,1412,419.31,0,29.97
2024-12-18,Baltimore (USA),Indian East Coast (Paradip/Vizag/Gangavaram),9500,1498,419.1,0,33.25
2024-12-19,Baltimore (USA),Indian East Coast (Paradip/Vizag/Gangavaram),9500,1482,418.36,0,32.73
2024-12-20,Baltimore (USA),Indian East Coast (Paradip/Vizag/Gangavaram),9500,1450,413.44,0,28.46
2024-12-21,Baltimore (USA),Indian East Coast (Paradip/Vizag/Gangavaram),9500,1435,410.66,0,29.97
2024-12-22,Baltimore (USA),Indian East Coast (Paradip/Vizag/Gangavaram),9500,1466,413.57,0,30.56
2024-12-23,Baltimore (USA),Indian East Coast (Paradip/Vizag/Gangavaram),9500,1462,408.14,0,30.35
2024-12-24,Baltimore (USA),Indian East Coast (Paradip/Vizag/Gangavaram),9500,1443,406.37,0,30.12
2024-12-25,Baltimore (USA),Indian East Coast (Paradip/Vizag/Gangavaram),9500,1528,405.6,0,30.97
2024-12-26,Baltimore (USA),Indian East Coast (Paradip/Vizag/Gangavaram),9500,1522,410.67,0,30.25
2024-12-27,Baltimore (USA),Indian East Coast (Paradip/Vizag/Gangavaram),9500,1650,413.09,0,33.63
2024-12-28,Baltimore (USA),Indian East Coast (Paradip/Vizag/Gangavaram),9500,1652,411.91,0,30.76
2024-12-29,Baltimore (USA),Indian East Coast (Paradip/Vizag/Gangavaram),9500,1748,415.8,0,31.73
2024-12-30,Baltimore (USA),Indian East Coast (Paradip/Vizag/Gangavaram),9500,1761,414.13,0,32.37
2024-12-31,Baltimore (USA),Indian East Coast (Paradip/Vizag/Gangavaram),9500,1808,417.22,0,33.94
2025-01-01,Baltimore (USA),Indian East Coast (Paradip/Vizag/Gangavaram),9500,1761,413.89,0,33.91
2025-01-02,Baltimore (USA),Indian East Coast (Paradip/Vizag/Gangavaram),9500,1708,417.17,0,32.66
2025-01-03,Baltimore (USA),Indian East Coast (Paradip/Vizag/Gangavaram),9500,1730,416.43,0,32.05
2025-01-04,Baltimore (USA),Indian East Coast (Paradip/Vizag/Gangavaram),9500,1781,414.0,0,31.91
2025-01-05,Baltimore (USA),Indian East Coast (Paradip/Vizag/Gangavaram),9500,1777,413.79,0,32.82
2025-01-06,Baltimore (USA),Indian East Coast (Paradip/Vizag/Gangavaram),9500,1701,414.93,0,32.69
2025-01-07,Baltimore (USA),Indian East Coast (Paradip/Vizag/Gangavaram),9500,1624,413.97,0,32.37
2025-01-08,Baltimore (USA),Indian East Coast (Paradip/Vizag/Gangavaram),9500,1547,415.87,0,30.0
2025-01-09,Baltimore (USA),Indian East Coast (Paradip/Vizag/Gangavaram),9500,1453,414.69,0,31.16
2025-01-10,Baltimore (USA),Indian East Coast (Paradip/Vizag/Gangavaram),9500,1466,416.78,0,29.66
2025-01-11,Baltimore (USA),Indian East Coast (Paradip/Vizag/Gangavaram),9500,1535,418.39,0,31.62
2025-01-12,Baltimore (USA),Indian East Coast (Paradip/Vizag/Gangavaram),9500,1539,418.64,0,33.08
2025-01-13,Baltimore (USA),Indian East Coast (Paradip/Vizag/Gangavaram),9500,1420,417.86,0,28.04
2025-01-14,Baltimore (USA),Indian East Coast (Paradip/Vizag/Gangavaram),9500,1418,418.7,0,30.39
2025-01-15,Baltimore (USA),Indian East Coast (Paradip/Vizag/Gangavaram),9500,1419,420.63,0,30.36
2025-01-16,Baltimore (USA),Indian East Coast (Paradip/Vizag/Gangavaram),9500,1544,426.67,0,30.97
2025-01-17,Baltimore (USA),Indian East Coast (Paradip/Vizag/Gangavaram),9500,1470,429.67,0,30.1
2025-01-18,Baltimore (USA),Indian East Coast (Paradip/Vizag/Gangavaram),9500,1457,432.77,0,31.68
2025-01-19,Baltimore (USA),Indian East Coast (Paradip/Vizag/Gangavaram),9500,1560,441.62,0,32.94
2025-01-20,Baltimore (USA),Indian East Coast (Paradip/Vizag/Gangavaram),9500,1590,443.48,0,33.33
2025-01-21,Baltimore (USA),Indian East Coast (Paradip/Vizag/Gangavaram),9500,1626,445.26,0,35.3
2025-01-22,Baltimore (USA),Indian East Coast (Paradip/Vizag/Gangavaram),9500,1636,447.64,0,32.29
2025-01-23,Baltimore (USA),Indian East Coast (Paradip/Vizag/Gangavaram),9500,1658,445.36,0,31.58
2025-01-24,Baltimore (USA),Indian East Coast (Paradip/Vizag/Gangavaram),9500,1705,444.63,0,33.7
2025-01-25,Baltimore (USA),Indian East Coast (Paradip/Vizag/Gangavaram),9500,1662,443.74,0,33.48
2025-01-26,Baltimore (USA),Indian East Coast (Paradip/Vizag/Gangavaram),9500,1714,445.98,0,31.88
2025-01-27,Baltimore (USA),Indian East Coast (Paradip/Vizag/Gangavaram),9500,1640,446.0,0,32.56
2025-01-28,Baltimore (USA),Indian East Coast (Paradip/Vizag/Gangavaram),9500,1663,446.87,0,32.62
2025-01-29,Baltimore (USA),Indian East Coast (Paradip/Vizag/Gangavaram),9500,1678,450.33,0,34.38
2025-01-30,Baltimore (USA),Indian East Coast (Paradip/Vizag/Gangavaram),9500,1648,453.18,0,34.18
2025-01-31,Baltimore (USA),Indian East Coast (Paradip/Vizag/Gangavaram),9500,1652,453.25,0,32.91
2025-02-01,Baltimore (USA),Indian East Coast (Paradip/Vizag/Gangavaram),9500,1623,451.94,0,32.87
2025-02-02,Baltimore (USA),Indian East Coast (Paradip/Vizag/Gangavaram),9500,1571,455.55,0,31.37
2025-02-03,Baltimore (USA),Indian East Coast (Paradip/Vizag/Gangavaram),9500,1560,458.18,0,33.14
2025-02-04,Baltimore (USA),Indian East Coast (Paradip/Vizag/Gangavaram),9500,1508,454.34,0,30.96
2025-02-05,Baltimore (USA),Indian East Coast (Paradip/Vizag/Gangavaram),9500,1538,454.02,0,32.24
2025-02-06,Baltimore (USA),Indian East Coast (Paradip/Vizag/Gangavaram),9500,1485,455.01,0,30.66
2025-02-07,Baltimore (USA),Indian East Coast (Paradip/Vizag/Gangavaram),9500,1537,457.67,0,33.02
2025-02-08,Baltimore (USA),Indian East Coast (Paradip/Vizag/Gangavaram),9500,1483,460.7,0,32.28
2025-02-09,Baltimore (USA),Indian East Coast (Paradip/Vizag/Gangavaram),9500,1465,462.02,0,31.62
2025-02-10,Baltimore (USA),Indian East Coast (Paradip/Vizag/Gangavaram),9500,1444,464.17,0,33.12
2025-02-11,Baltimore (USA),Indian East Coast (Paradip/Vizag/Gangavaram),9500,1532,464.9,0,32.79
2025-02-12,Baltimore (USA),Indian East Coast (Paradip/Vizag/Gangavaram),9500,1562,463.64,0,33.02
2025-02-13,Baltimore (USA),Indian East Coast (Paradip/Vizag/Gangavaram),9500,1562,463.5,0,32.55
2025-02-14,Baltimore (USA),Indian East Coast (Paradip/Vizag/Gangavaram),9500,1601,464.12,0,32.27
2025-02-15,Baltimore (USA),Indian East Coast (Paradip/Vizag/Gangavaram),9500,1495,464.61,0,32.34
2025-02-16,Baltimore (USA),Indian East Coast (Paradip/Vizag/Gangavaram),9500,1507,460.06,0,31.9
2025-02-17,Baltimore (USA),Indian East Coast (Paradip/Vizag/Gangavaram),9500,1631,459.57,0,31.56
2025-02-18,Baltimore (USA),Indian East Coast (Paradip/Vizag/Gangavaram),9500,1648,460.32,0,32.67
2025-02-19,Baltimore (USA),Indian East Coast (Paradip/Vizag/Gangavaram),9500,1661,460.15,0,33.0
2025-02-20,Baltimore (USA),Indian East Coast (Paradip/Vizag/Gangavaram),9500,1701,460.08,0,33.38
2025-02-21,Baltimore (USA),Indian East Coast (Paradip/Vizag/Gangavaram),9500,1758,462.01,0,34.95
2025-02-22,Baltimore (USA),Indian East Coast (Paradip/Vizag/Gangavaram),9500,1655,459.68,0,34.17
2025-02-23,Baltimore (USA),Indian East Coast (Paradip/Vizag/Gangavaram),9500,1572,455.87,0,32.58
2025-02-24,Baltimore (USA),Indian East Coast (Paradip/Vizag/Gangavaram),9500,1597,455.54,0,33.89
2025-02-25,Baltimore (USA),Indian East Coast (Paradip/Vizag/Gangavaram),9500,1570,458.24,0,31.45
2025-02-26,Baltimore (USA),Indian East Coast (Paradip/Vizag/Gangavaram),9500,1656,463.46,0,33.66
2025-02-27,Baltimore (USA),Indian East Coast (Paradip/Vizag/Gangavaram),9500,1650,466.21,0,33.05
2025-02-28,Baltimore (USA),Indian East Coast (Paradip/Vizag/Gangavaram),9500,1555,462.85,0,33.14
2025-03-01,Baltimore (USA),Indian East Coast (Paradip/Vizag/Gangavaram),9500,1500,462.86,0,32.79
2025-03-02,Baltimore (USA),Indian East Coast (Paradip/Vizag/Gangavaram),9500,1366,464.2,0,29.77
2025-03-03,Baltimore (USA),Indian East Coast (Paradip/Vizag/Gangavaram),9500,1375,465.33,0,30.67
2025-03-04,Baltimore (USA),Indian East Coast (Paradip/Vizag/Gangavaram),9500,1386,467.45,0,30.44
2025-03-05,Baltimore (USA),Indian East Coast (Paradip/Vizag/Gangavaram),9500,1384,465.61,0,31.31
2025-03-06,Baltimore (USA),Indian East Coast (Paradip/Vizag/Gangavaram),9500,1466,466.44,0,32.52
2025-03-07,Baltimore (USA),Indian East Coast (Paradip/Vizag/Gangavaram),9500,1551,468.25,0,32.48
2025-03-08,Baltimore (USA),Indian East Coast (Paradip/Vizag/Gangavaram),9500,1558,471.16,0,33.02
2025-03-09,Baltimore (USA),Indian East Coast (Paradip/Vizag/Gangavaram),9500,1457,469.64,0,33.05
2025-03-10,Baltimore (USA),Indian East Coast (Paradip/Vizag/Gangavaram),9500,1511,469.37,0,31.31
2025-03-11,Baltimore (USA),Indian East Coast (Paradip/Vizag/Gangavaram),9500,1560,462.69,0,31.57
2025-03-12,Baltimore (USA),Indian East Coast (Paradip/Vizag/Gangavaram),9500,1594,461.68,0,32.13
2025-03-13,Baltimore (USA),Indian East Coast (Paradip/Vizag/Gangavaram),9500,1663,460.94,0,32.4
2025-03-14,Baltimore (USA),Indian East Coast (Paradip/Vizag/Gangavaram),9500,1613,458.85,0,33.4
2025-03-15,Baltimore (USA),Indian East Coast (Paradip/Vizag/Gangavaram),9500,1739,460.0,0,35.96
2025-03-16,Baltimore (USA),Indian East Coast (Paradip/Vizag/Gangavaram),9500,1698,460.54,0,36.43
2025-03-17,Baltimore (USA),Indian East Coast (Paradip/Vizag/Gangavaram),9500,1752,455.09,0,33.44
2025-03-18,Baltimore (USA),Indian East Coast (Paradip/Vizag/Gangavaram),9500,1670,456.38,0,34.12
2025-03-19,Baltimore (USA),Indian East Coast (Paradip/Vizag/Gangavaram),9500,1633,454.56,0,33.54
2025-03-20,Baltimore (USA),Indian East Coast (Paradip/Vizag/Gangavaram),9500,1733,456.59,0,32.69
2025-03-21,Baltimore (USA),Indian East Coast (Paradip/Vizag/Gangavaram),9500,1731,453.82,0,34.12
2025-03-22,Baltimore (USA),Indian East Coast (Paradip/Vizag/Gangavaram),9500,1790,454.62,0,34.73
2025-03-23,Baltimore (USA),Indian East Coast (Paradip/Vizag/Gangavaram),9500,1813,454.56,0,35.34
2025-03-24,Baltimore (USA),Indian East Coast (Paradip/Vizag/Gangavaram),9500,1818,456.11,0,34.3
2025-03-25,Baltimore (USA),Indian East Coast (Paradip/Vizag/Gangavaram),9500,1903,457.18,0,36.32
2025-03-26,Baltimore (USA),Indian East Coast (Paradip/Vizag/Gangavaram),9500,1897,457.21,0,35.33
2025-03-27,Baltimore (USA),Indian East Coast (Paradip/Vizag/Gangavaram),9500,1807,453.77,0,33.33
2025-03-28,Baltimore (USA),Indian East Coast (Paradip/Vizag/Gangavaram),9500,1774,450.48,0,33.93
2025-03-29,Baltimore (USA),Indian East Coast (Paradip/Vizag/Gangavaram),9500,1817,449.63,0,36.08
2025-03-30,Baltimore (USA),Indian East Coast (Paradip/Vizag/Gangavaram),9500,1850,450.35,0,35.07
2025-03-31,Baltimore (USA),Indian East Coast (Paradip/Vizag/Gangavaram),9500,1773,449.44,0,35.25
2025-04-01,Baltimore (USA),Indian East Coast (Paradip/Vizag/Gangavaram),9500,1747,451.89,0,35.46
2025-04-02,Baltimore (USA),Indian East Coast (Paradip/Vizag/Gangavaram),9500,1729,451.88,0,33.71
2025-04-03,Baltimore (USA),Indian East Coast (Paradip/Vizag/Gangavaram),9500,1723,450.01,0,32.82
2025-04-04,Baltimore (USA),Indian East Coast (Paradip/Vizag/Gangavaram),9500,1663,450.01,0,32.69
2025-04-05,Baltimore (USA),Indian East Coast (Paradip/Vizag/Gangavaram),9500,1646,451.39,0,34.98
2025-04-06,Baltimore (USA),Indian East Coast (Paradip/Vizag/Gangavaram),9500,1624,453.03,0,33.23
2025-04-07,Baltimore (USA),Indian East Coast (Paradip/Vizag/Gangavaram),9500,1685,458.91,0,31.07
2025-04-08,Baltimore (USA),Indian East Coast (Paradip/Vizag/Gangavaram),9500,1747,457.85,0,35.52
2025-04-09,Baltimore (USA),Indian East Coast (Paradip/Vizag/Gangavaram),9500,1754,458.43,0,32.18
2025-04-10,Baltimore (USA),Indian East Coast (Paradip/Vizag/Gangavaram),9500,1747,460.36,0,33.57
2025-04-11,Baltimore (USA),Indian East Coast (Paradip/Vizag/Gangavaram),9500,1770,461.07,0,34.99
2025-04-12,Baltimore (USA),Indian East Coast (Paradip/Vizag/Gangavaram),9500,1740,460.49,0,37.75
2025-04-13,Baltimore (USA),Indian East Coast (Paradip/Vizag/Gangavaram),9500,1693,457.05,0,35.65
2025-04-14,Baltimore (USA),Indian East Coast (Paradip/Vizag/Gangavaram),9500,1659,456.45,0,32.58
2025-04-15,Baltimore (USA),Indian East Coast (Paradip/Vizag/Gangavaram),9500,1643,454.32,0,32.68
2025-04-16,Baltimore (USA),Indian East Coast (Paradip/Vizag/Gangavaram),9500,1599,450.41,0,33.84
2025-04-17,Baltimore (USA),Indian East Coast (Paradip/Vizag/Gangavaram),9500,1629,449.04,0,34.56
2025-04-18,Baltimore (USA),Indian East Coast (Paradip/Vizag/Gangavaram),9500,1690,446.98,0,32.69
2025-04-19,Baltimore (USA),Indian East Coast (Paradip/Vizag/Gangavaram),9500,1621,449.36,0,32.73
2025-04-20,Baltimore (USA),Indian East Coast (Paradip/Vizag/Gangavaram),9500,1643,451.8,0,32.7
2025-04-21,Baltimore (USA),Indian East Coast (Paradip/Vizag/Gangavaram),9500,1651,450.14,0,33.31
2025-04-22,Baltimore (USA),Indian East Coast (Paradip/Vizag/Gangavaram),9500,1690,450.24,0,34.16
2025-04-23,Baltimore (USA),Indian East Coast (Paradip/Vizag/Gangavaram),9500,1709,445.99,0,31.43
2025-04-24,Baltimore (USA),Indian East Coast (Paradip/Vizag/Gangavaram),9500,1647,445.45,0,32.6
2025-04-25,Baltimore (USA),Indian East Coast (Paradip/Vizag/Gangavaram),9500,1598,447.35,0,31.82
2025-04-26,Baltimore (USA),Indian East Coast (Paradip/Vizag/Gangavaram),9500,1623,450.4,0,32.99
2025-04-27,Baltimore (USA),Indian East Coast (Paradip/Vizag/Gangavaram),9500,1701,449.28,0,32.49
2025-04-28,Baltimore (USA),Indian East Coast (Paradip/Vizag/Gangavaram),9500,1598,452.95,0,32.61
2025-04-29,Baltimore (USA),Indian East Coast (Paradip/Vizag/Gangavaram),9500,1640,449.65,0,33.77
2025-04-30,Baltimore (USA),Indian East Coast (Paradip/Vizag/Gangavaram),9500,1727,447.07,0,33.4
2025-05-01,Baltimore (USA),Indian East Coast (Paradip/Vizag/Gangavaram),9500,1738,449.83,0,34.36
2025-05-02,Baltimore (USA),Indian East Coast (Paradip/Vizag/Gangavaram),9500,1786,455.2,0,35.66
2025-05-03,Baltimore (USA),Indian East Coast (Paradip/Vizag/Gangavaram),9500,1764,457.36,0,35.77
2025-05-04,Baltimore (USA),Indian East Coast (Paradip/Vizag/Gangavaram),9500,1775,458.08,0,35.16
2025-05-05,Baltimore (USA),Indian East Coast (Paradip/Vizag/Gangavaram),9500,1704,452.94,0,33.6
2025-05-06,Baltimore (USA),Indian East Coast (Paradip/Vizag/Gangavaram),9500,1595,448.27,0,31.33
2025-05-07,Baltimore (USA),Indian East Coast (Paradip/Vizag/Gangavaram),9500,1670,449.45,0,34.56
2025-05-08,Baltimore (USA),Indian East Coast (Paradip/Vizag/Gangavaram),9500,1638,449.31,0,32.76
2025-05-09,Baltimore (USA),Indian East Coast (Paradip/Vizag/Gangavaram),9500,1635,447.14,0,33.42
2025-05-10,Baltimore (USA),Indian East Coast (Paradip/Vizag/Gangavaram),9500,1582,448.16,0,33.41
2025-05-11,Baltimore (USA),Indian East Coast (Paradip/Vizag/Gangavaram),9500,1529,449.31,0,33.03
2025-05-12,Baltimore (USA),Indian East Coast (Paradip/Vizag/Gangavaram),9500,1546,452.72,0,33.07
2025-05-13,Baltimore (USA),Indian East Coast (Paradip/Vizag/Gangavaram),9500,1532,453.93,0,32.43
2025-05-14,Baltimore (USA),Indian East Coast (Paradip/Vizag/Gangavaram),9500,1579,458.12,0,34.55
2025-05-15,Baltimore (USA),Indian East Coast (Paradip/Vizag/Gangavaram),9500,1629,458.98,0,34.6
2025-05-16,Baltimore (USA),Indian East Coast (Paradip/Vizag/Gangavaram),9500,1671,459.52,0,35.64
2025-05-17,Baltimore (USA),Indian East Coast (Paradip/Vizag/Gangavaram),9500,1706,463.26,0,32.65
2025-05-18,Baltimore (USA),Indian East Coast (Paradip/Vizag/Gangavaram),9500,1814,461.45,0,34.73
2025-05-19,Baltimore (USA),Indian East Coast (Paradip/Vizag/Gangavaram),9500,1772,469.95,0,33.6
2025-05-20,Baltimore (USA),Indian East Coast (Paradip/Vizag/Gangavaram),9500,1788,471.82,0,36.15
2025-05-21,Baltimore (USA),Indian East Coast (Paradip/Vizag/Gangavaram),9500,1869,473.71,0,36.44
2025-05-22,Baltimore (USA),Indian East Coast (Paradip/Vizag/Gangavaram),9500,1954,475.99,0,34.94
2025-05-23,Baltimore (USA),Indian East Coast (Paradip/Vizag/Gangavaram),9500,1888,481.95,0,37.29
2025-05-24,Baltimore (USA),Indian East Coast (Paradip/Vizag/Gangavaram),9500,1886,484.96,0,35.68
2025-05-25,Baltimore (USA),Indian East Coast (Paradip/Vizag/Gangavaram),9500,1976,481.46,0,37.4
2025-05-26,Baltimore (USA),Indian East Coast (Paradip/Vizag/Gangavaram),9500,2016,486.13,0,35.7
2025-05-27,Baltimore (USA),Indian East Coast (Paradip/Vizag/Gangavaram),9500,2037,486.06,0,37.64
2025-05-28,Baltimore (USA),Indian East Coast (Paradip/Vizag/Gangavaram),9500,2036,487.21,0,38.62
2025-05-29,Baltimore (USA),Indian East Coast (Paradip/Vizag/Gangavaram),9500,2025,484.59,0,37.45
2025-05-30,Baltimore (USA),Indian East Coast (Paradip/Vizag/Gangavaram),9500,2051,486.88,0,36.96
2025-05-31,Baltimore (USA),Indian East Coast (Paradip/Vizag/Gangavaram),9500,2047,485.97,0,41.09
2025-06-01,Baltimore (USA),Indian East Coast (Paradip/Vizag/Gangavaram),9500,2055,487.11,1,42.17
2025-06-02,Baltimore (USA),Indian East Coast (Paradip/Vizag/Gangavaram),9500,2069,487.2,1,41.66
2025-06-03,Baltimore (USA),Indian East Coast (Paradip/Vizag/Gangavaram),9500,2041,493.3,1,45.21
2025-06-04,Baltimore (USA),Indian East Coast (Paradip/Vizag/Gangavaram),9500,2080,499.55,1,42.24
2025-06-05,Baltimore (USA),Indian East Coast (Paradip/Vizag/Gangavaram),9500,2249,500.54,1,45.1
2025-06-06,Baltimore (USA),Indian East Coast (Paradip/Vizag/Gangavaram),9500,2155,501.58,1,47.7
2025-06-07,Baltimore (USA),Indian East Coast (Paradip/Vizag/Gangavaram),9500,2179,501.43,1,48.35
2025-06-08,Baltimore (USA),Indian East Coast (Paradip/Vizag/Gangavaram),9500,2143,505.31,1,46.77
2025-06-09,Baltimore (USA),Indian East Coast (Paradip/Vizag/Gangavaram),9500,2182,505.28,1,47.73
2025-06-10,Baltimore (USA),Indian East Coast (Paradip/Vizag/Gangavaram),9500,2190,505.0,1,44.59
2025-06-11,Baltimore (USA),Indian East Coast (Paradip/Vizag/Gangavaram),9500,2237,508.53,1,45.28
2025-06-12,Baltimore (USA),Indian East Coast (Paradip/Vizag/Gangavaram),9500,2305,507.93,1,46.55
2025-06-13,Baltimore (USA),Indian East Coast (Paradip/Vizag/Gangavaram),9500,2317,508.7,1,51.53
2025-06-14,Baltimore (USA),Indian East Coast (Paradip/Vizag/Gangavaram),9500,2381,505.26,1,48.2
2025-06-15,Baltimore (USA),Indian East Coast (Paradip/Vizag/Gangavaram),9500,2251,508.04,1,46.12
2025-06-16,Baltimore (USA),Indian East Coast (Paradip/Vizag/Gangavaram),9500,2341,514.19,1,50.11
2025-06-17,Baltimore (USA),Indian East Coast (Paradip/Vizag/Gangavaram),9500,2362,517.02,1,46.8
2025-06-18,Baltimore (USA),Indian East Coast (Paradip/Vizag/Gangavaram),9500,2421,521.87,1,48.19
2025-06-19,Baltimore (USA),Indian East Coast (Paradip/Vizag/Gangavaram),9500,2351,520.43,1,44.87
2025-06-20,Baltimore (USA),Indian East Coast (Paradip/Vizag/Gangavaram),9500,2306,521.94,1,45.98
2025-06-21,Baltimore (USA),Indian East Coast (Paradip/Vizag/Gangavaram),9500,2315,520.24,1,50.28
2025-06-22,Baltimore (USA),Indian East Coast (Paradip/Vizag/Gangavaram),9500,2315,520.49,1,43.46
2025-06-23,Baltimore (USA),Indian East Coast (Paradip/Vizag/Gangavaram),9500,2332,523.46,1,48.0
2025-06-24,Baltimore (USA),Indian East Coast (Paradip/Vizag/Gangavaram),9500,2392,524.6,1,50.26
2025-06-25,Baltimore (USA),Indian East Coast (Paradip/Vizag/Gangavaram),9500,2294,521.63,1,48.05
2025-06-26,Baltimore (USA),Indian East Coast (Paradip/Vizag/Gangavaram),9500,2349,518.92,1,49.68
2025-06-27,Baltimore (USA),Indian East Coast (Paradip/Vizag/Gangavaram),9500,2350,516.03,1,49.33
2025-06-28,Baltimore (USA),Indian East Coast (Paradip/Vizag/Gangavaram),9500,2339,518.23,1,48.3
2025-06-29,Baltimore (USA),Indian East Coast (Paradip/Vizag/Gangavaram),9500,2258,524.71,1,45.21
2025-06-30,Baltimore (USA),Indian East Coast (Paradip/Vizag/Gangavaram),9500,2289,529.28,1,45.73
2025-07-01,Baltimore (USA),Indian East Coast (Paradip/Vizag/Gangavaram),9500,2158,524.98,1,47.32
2025-07-02,Baltimore (USA),Indian East Coast (Paradip/Vizag/Gangavaram),9500,2201,529.71,1,47.92
2025-07-03,Baltimore (USA),Indian East Coast (Paradip/Vizag/Gangavaram),9500,2124,533.12,1,47.91
2025-07-04,Baltimore (USA),Indian East Coast (Paradip/Vizag/Gangavaram),9500,2135,529.78,1,46.99
2025-07-05,Baltimore (USA),Indian East Coast (Paradip/Vizag/Gangavaram),9500,2136,529.82,1,46.98
2025-07-06,Baltimore (USA),Indian East Coast (Paradip/Vizag/Gangavaram),9500,2207,533.66,1,47.13
2025-07-07,Baltimore (USA),Indian East Coast (Paradip/Vizag/Gangavaram),9500,2202,536.02,1,48.63
2025-07-08,Baltimore (USA),Indian East Coast (Paradip/Vizag/Gangavaram),9500,2169,533.32,1,48.25
2025-07-09,Baltimore (USA),Indian East Coast (Paradip/Vizag/Gangavaram),9500,2147,535.84,1,48.23
2025-07-10,Baltimore (USA),Indian East Coast (Paradip/Vizag/Gangavaram),9500,2224,530.88,1,43.95
2025-07-11,Baltimore (USA),Indian East Coast (Paradip/Vizag/Gangavaram),9500,2258,531.13,1,48.3
2025-07-12,Baltimore (USA),Indian East Coast (Paradip/Vizag/Gangavaram),9500,2240,535.08,1,46.28
2025-07-13,Baltimore (USA),Indian East Coast (Paradip/Vizag/Gangavaram),9500,2230,535.99,1,47.72
2025-07-14,Baltimore (USA),Indian East Coast (Paradip/Vizag/Gangavaram),9500,2148,535.48,1,47.66
2025-07-15,Baltimore (USA),Indian East Coast (Paradip/Vizag/Gangavaram),9500,2176,538.75,1,52.69
2025-07-16,Baltimore (USA),Indian East Coast (Paradip/Vizag/Gangavaram),9500,2085,542.26,1,41.61
2025-07-17,Baltimore (USA),Indian East Coast (Paradip/Vizag/Gangavaram),9500,2135,546.67,1,46.94
2025-07-18,Baltimore (USA),Indian East Coast (Paradip/Vizag/Gangavaram),9500,2149,549.9,1,47.8
2025-07-19,Baltimore (USA),Indian East Coast (Paradip/Vizag/Gangavaram),9500,2287,553.69,1,49.21
2025-07-20,Baltimore (USA),Indian East Coast (Paradip/Vizag/Gangavaram),9500,2228,556.53,1,50.74
2025-07-21,Baltimore (USA),Indian East Coast (Paradip/Vizag/Gangavaram),9500,2226,558.09,1,48.68
2025-07-22,Baltimore (USA),Indian East Coast (Paradip/Vizag/Gangavaram),9500,2329,559.18,1,47.67
2025-07-23,Baltimore (USA),Indian East Coast (Paradip/Vizag/Gangavaram),9500,2394,559.38,1,50.84
2025-07-24,Baltimore (USA),Indian East Coast (Paradip/Vizag/Gangavaram),9500,2354,556.92,1,51.36
2025-07-25,Baltimore (USA),Indian East Coast (Paradip/Vizag/Gangavaram),9500,2365,555.16,1,48.08
2025-07-26,Baltimore (USA),Indian East Coast (Paradip/Vizag/Gangavaram),9500,2364,555.23,1,51.13
2025-07-27,Baltimore (USA),Indian East Coast (Paradip/Vizag/Gangavaram),9500,2378,556.73,1,51.26
2025-07-28,Baltimore (USA),Indian East Coast (Paradip/Vizag/Gangavaram),9500,2338,561.48,1,51.17
2025-07-29,Baltimore (USA),Indian East Coast (Paradip/Vizag/Gangavaram),9500,2332,562.2,1,52.04
2025-07-30,Baltimore (USA),Indian East Coast (Paradip/Vizag/Gangavaram),9500,2244,565.76,1,47.35
2025-07-31,Baltimore (USA),Indian East Coast (Paradip/Vizag/Gangavaram),9500,2254,569.52,1,48.76
2025-08-01,Baltimore (USA),Indian East Coast (Paradip/Vizag/Gangavaram),9500,2280,569.72,1,49.64
2025-08-02,Baltimore (USA),Indian East Coast (Paradip/Vizag/Gangavaram),9500,2269,572.17,1,49.48
2025-08-03,Baltimore (USA),Indian East Coast (Paradip/Vizag/Gangavaram),9500,2182,572.33,1,45.85
2025-08-04,Baltimore (USA),Indian East Coast (Paradip/Vizag/Gangavaram),9500,2240,576.75,1,46.6
2025-08-05,Baltimore (USA),Indian East Coast (Paradip/Vizag/Gangavaram),9500,2263,579.3,1,45.63
2025-08-06,Baltimore (USA),Indian East Coast (Paradip/Vizag/Gangavaram),9500,2224,576.88,1,49.47
2025-08-07,Baltimore (USA),Indian East Coast (Paradip/Vizag/Gangavaram),9500,2211,578.13,1,46.98
2025-08-08,Baltimore (USA),Indian East Coast (Paradip/Vizag/Gangavaram),9500,2132,583.43,1,48.73
2025-08-09,Baltimore (USA),Indian East Coast (Paradip/Vizag/Gangavaram),9500,2081,583.75,1,50.16
2025-08-10,Baltimore (USA),Indian East Coast (Paradip/Vizag/Gangavaram),9500,2059,585.78,1,45.8
2025-08-11,Baltimore (USA),Indian East Coast (Paradip/Vizag/Gangavaram),9500,2135,588.07,1,45.97
2025-08-12,Baltimore (USA),Indian East Coast (Paradip/Vizag/Gangavaram),9500,2105,586.06,1,46.19
2025-08-13,Baltimore (USA),Indian East Coast (Paradip/Vizag/Gangavaram),9500,2146,588.25,1,46.85
2025-08-14,Baltimore (USA),Indian East Coast (Paradip/Vizag/Gangavaram),9500,2121,585.26,1,44.82
2025-08-15,Baltimore (USA),Indian East Coast (Paradip/Vizag/Gangavaram),9500,2141,584.36,1,50.91
2025-08-16,Baltimore (USA),Indian East Coast (Paradip/Vizag/Gangavaram),9500,2138,588.08,1,50.39
2025-08-17,Baltimore (USA),Indian East Coast (Paradip/Vizag/Gangavaram),9500,2190,589.84,1,48.39
2025-08-18,Baltimore (USA),Indian East Coast (Paradip/Vizag/Gangavaram),9500,2164,589.81,1,48.05
2025-08-19,Baltimore (USA),Indian East Coast (Paradip/Vizag/Gangavaram),9500,2081,591.81,1,47.86
2025-08-20,Baltimore (USA),Indian East Coast (Paradip/Vizag/Gangavaram),9500,2011,592.44,1,46.87
2025-08-21,Baltimore (USA),Indian East Coast (Paradip/Vizag/Gangavaram),9500,1991,593.25,1,47.62
2025-08-22,Baltimore (USA),Indian East Coast (Paradip/Vizag/Gangavaram),9500,1932,595.82,1,45.06
2025-08-23,Baltimore (USA),Indian East Coast (Paradip/Vizag/Gangavaram),9500,1966,594.62,1,43.78
2025-08-24,Baltimore (USA),Indian East Coast (Paradip/Vizag/Gangavaram),9500,1950,595.51,1,42.47
2025-08-25,Baltimore (USA),Indian East Coast (Paradip/Vizag/Gangavaram),9500,2091,595.44,1,46.16
2025-08-26,Baltimore (USA),Indian East Coast (Paradip/Vizag/Gangavaram),9500,2001,591.89,1,48.47
2025-08-27,Baltimore (USA),Indian East Coast (Paradip/Vizag/Gangavaram),9500,2020,590.16,1,50.21
2025-08-28,Baltimore (USA),Indian East Coast (Paradip/Vizag/Gangavaram),9500,1966,595.19,1,50.17
2025-08-29,Baltimore (USA),Indian East Coast (Paradip/Vizag/Gangavaram),9500,1948,597.0,1,45.75
2025-08-30,Baltimore (USA),Indian East Coast (Paradip/Vizag/Gangavaram),9500,1966,594.16,1,46.7
2025-08-31,Baltimore (USA),Indian East Coast (Paradip/Vizag/Gangavaram),9500,1847,590.73,1,42.34
2025-09-01,Baltimore (USA),Indian East Coast (Paradip/Vizag/Gangavaram),9500,1874,591.18,1,45.43
2025-09-02,Baltimore (USA),Indian East Coast (Paradip/Vizag/Gangavaram),9500,1990,596.17,1,47.18
2025-09-03,Baltimore (USA),Indian East Coast (Paradip/Vizag/Gangavaram),9500,1973,596.41,1,49.12
2025-09-04,Baltimore (USA),Indian East Coast (Paradip/Vizag/Gangavaram),9500,1996,600.72,1,48.47
2025-09-05,Baltimore (USA),Indian East Coast (Paradip/Vizag/Gangavaram),9500,2060,602.41,1,48.08
2025-09-06,Baltimore (USA),Indian East Coast (Paradip/Vizag/Gangavaram),9500,2056,604.44,1,46.83
2025-09-07,Baltimore (USA),Indian East Coast (Paradip/Vizag/Gangavaram),9500,2029,601.54,1,46.92
2025-09-08,Baltimore (USA),Indian East Coast (Paradip/Vizag/Gangavaram),9500,1910,604.82,1,47.21
2025-09-09,Baltimore (USA),Indian East Coast (Paradip/Vizag/Gangavaram),9500,1955,604.64,1,48.19
2025-09-10,Baltimore (USA),Indian East Coast (Paradip/Vizag/Gangavaram),9500,1957,607.71,1,46.95
2025-09-11,Baltimore (USA),Indian East Coast (Paradip/Vizag/Gangavaram),9500,1909,606.22,1,46.06
2025-09-12,Baltimore (USA),Indian East Coast (Paradip/Vizag/Gangavaram),9500,1926,607.43,1,43.79
2025-09-13,Baltimore (USA),Indian East Coast (Paradip/Vizag/Gangavaram),9500,1902,609.1,1,47.06
2025-09-14,Baltimore (USA),Indian East Coast (Paradip/Vizag/Gangavaram),9500,1883,609.39,1,44.5
2025-09-15,Baltimore (USA),Indian East Coast (Paradip/Vizag/Gangavaram),9500,1926,611.2,1,45.91
2025-09-16,Baltimore (USA),Indian East Coast (Paradip/Vizag/Gangavaram),9500,1861,611.19,1,43.46
2025-09-17,Baltimore (USA),Indian East Coast (Paradip/Vizag/Gangavaram),9500,1929,610.12,1,48.05
2025-09-18,Baltimore (USA),Indian East Coast (Paradip/Vizag/Gangavaram),9500,1860,615.19,1,45.1
2025-09-19,Baltimore (USA),Indian East Coast (Paradip/Vizag/Gangavaram),9500,1834,618.74,1,43.93
2025-09-20,Baltimore (USA),Indian East Coast (Paradip/Vizag/Gangavaram),9500,1950,617.36,1,46.94
2025-09-21,Baltimore (USA),Indian East Coast (Paradip/Vizag/Gangavaram),9500,2019,619.6,1,48.41
2025-09-22,Baltimore (USA),Indian East Coast (Paradip/Vizag/Gangavaram),9500,2029,618.26,1,45.96
2025-09-23,Baltimore (USA),Indian East Coast (Paradip/Vizag/Gangavaram),9500,1980,615.72,1,47.67
2025-09-24,Baltimore (USA),Indian East Coast (Paradip/Vizag/Gangavaram),9500,1957,619.21,1,46.16
2025-09-25,Baltimore (USA),Indian East Coast (Paradip/Vizag/Gangavaram),9500,1966,615.25,1,47.8
2025-09-26,Baltimore (USA),Indian East Coast (Paradip/Vizag/Gangavaram),9500,1974,618.44,1,48.21
2025-09-27,Baltimore (USA),Indian East Coast (Paradip/Vizag/Gangavaram),9500,1974,618.42,1,46.35
2025-09-28,Baltimore (USA),Indian East Coast (Paradip/Vizag/Gangavaram),9500,1977,618.51,1,48.9
2025-09-29,Baltimore (USA),Indian East Coast (Paradip/Vizag/Gangavaram),9500,1969,620.28,1,46.12
2025-09-30,Baltimore (USA),Indian East Coast (Paradip/Vizag/Gangavaram),9500,1894,622.52,1,46.12
2025-10-01,Baltimore (USA),Indian East Coast (Paradip/Vizag/Gangavaram),9500,1873,620.92,0,42.87
2025-10-02,Baltimore (USA),Indian East Coast (Paradip/Vizag/Gangavaram),9500,1931,623.52,0,38.15
2025-10-03,Baltimore (USA),Indian East Coast (Paradip/Vizag/Gangavaram),9500,1861,624.47,0,39.92
2025-10-04,Baltimore (USA),Indian East Coast (Paradip/Vizag/Gangavaram),9500,1858,621.69,0,40.42
2025-10-05,Baltimore (USA),Indian East Coast (Paradip/Vizag/Gangavaram),9500,1820,621.87,0,41.2
2025-10-06,Baltimore (USA),Indian East Coast (Paradip/Vizag/Gangavaram),9500,1835,626.25,0,39.85
2025-10-07,Baltimore (USA),Indian East Coast (Paradip/Vizag/Gangavaram),9500,1822,631.44,0,43.58
2025-10-08,Baltimore (USA),Indian East Coast (Paradip/Vizag/Gangavaram),9500,1911,634.02,0,42.42
2025-10-09,Baltimore (USA),Indian East Coast (Paradip/Vizag/Gangavaram),9500,1944,631.4,0,38.65
2025-10-10,Baltimore (USA),Indian East Coast (Paradip/Vizag/Gangavaram),9500,1876,633.35,0,40.01
2025-10-11,Baltimore (USA),Indian East Coast (Paradip/Vizag/Gangavaram),9500,1918,636.27,0,42.05
2025-10-12,Baltimore (USA),Indian East Coast (Paradip/Vizag/Gangavaram),9500,1880,638.85,0,39.29
2025-10-13,Baltimore (USA),Indian East Coast (Paradip/Vizag/Gangavaram),9500,1853,641.59,0,41.59
2025-10-14,Baltimore (USA),Indian East Coast (Paradip/Vizag/Gangavaram),9500,1876,643.17,0,41.21
2025-10-15,Baltimore (USA),Indian East Coast (Paradip/Vizag/Gangavaram),9500,1854,643.57,0,38.69
2025-10-16,Baltimore (USA),Indian East Coast (Paradip/Vizag/Gangavaram),9500,1909,642.5,0,41.21
2025-10-17,Baltimore (USA),Indian East Coast (Paradip/Vizag/Gangavaram),9500,1870,637.93,0,41.25
2025-10-18,Baltimore (USA),Indian East Coast (Paradip/Vizag/Gangavaram),9500,1841,639.43,0,38.52
2025-10-19,Baltimore (USA),Indian East Coast (Paradip/Vizag/Gangavaram),9500,1810,640.51,0,41.46
2025-10-20,Baltimore (USA),Indian East Coast (Paradip/Vizag/Gangavaram),9500,1785,642.6,0,41.28
2025-10-21,Baltimore (USA),Indian East Coast (Paradip/Vizag/Gangavaram),9500,1853,639.53,0,39.39
2025-10-22,Baltimore (USA),Indian East Coast (Paradip/Vizag/Gangavaram),9500,1892,641.84,0,39.82
2025-10-23,Baltimore (USA),Indian East Coast (Paradip/Vizag/Gangavaram),9500,1988,647.99,0,41.98
2025-10-24,Baltimore (USA),Indian East Coast (Paradip/Vizag/Gangavaram),9500,2112,648.76,0,41.75
2025-10-25,Baltimore (USA),Indian East Coast (Paradip/Vizag/Gangavaram),9500,2050,649.14,0,41.5
2025-10-26,Baltimore (USA),Indian East Coast (Paradip/Vizag/Gangavaram),9500,2051,650.52,0,46.44
2025-10-27,Baltimore (USA),Indian East Coast (Paradip/Vizag/Gangavaram),9500,1983,656.59,0,40.76
2025-10-28,Baltimore (USA),Indian East Coast (Paradip/Vizag/Gangavaram),9500,1939,654.34,0,40.57
2025-10-29,Baltimore (USA),Indian East Coast (Paradip/Vizag/Gangavaram),9500,1904,655.42,0,42.37
2025-10-30,Baltimore (USA),Indian East Coast (Paradip/Vizag/Gangavaram),9500,1847,653.77,0,40.79
2025-10-31,Baltimore (USA),Indian East Coast (Paradip/Vizag/Gangavaram),9500,1792,652.81,0,43.02
2025-11-01,Baltimore (USA),Indian East Coast (Paradip/Vizag/Gangavaram),9500,1788,653.19,0,39.8
2025-11-02,Baltimore (USA),Indian East Coast (Paradip/Vizag/Gangavaram),9500,1726,657.36,0,39.74
2025-11-03,Baltimore (USA),Indian East Coast (Paradip/Vizag/Gangavaram),9500,1778,662.77,0,40.17
2025-11-04,Baltimore (USA),Indian East Coast (Paradip/Vizag/Gangavaram),9500,1732,664.49,0,39.65
2025-11-05,Baltimore (USA),Indian East Coast (Paradip/Vizag/Gangavaram),9500,1892,663.96,0,42.67
2025-11-06,Baltimore (USA),Indian East Coast (Paradip/Vizag/Gangavaram),9500,1867,671.23,0,42.31
2025-11-07,Baltimore (USA),Indian East Coast (Paradip/Vizag/Gangavaram),9500,1872,670.56,0,41.76
2025-11-08,Baltimore (USA),Indian East Coast (Paradip/Vizag/Gangavaram),9500,1801,669.48,0,41.58
2025-11-09,Baltimore (USA),Indian East Coast (Paradip/Vizag/Gangavaram),9500,1897,665.13,0,43.99
2025-11-10,Baltimore (USA),Indian East Coast (Paradip/Vizag/Gangavaram),9500,1957,669.4,0,42.24
2025-11-11,Baltimore (USA),Indian East Coast (Paradip/Vizag/Gangavaram),9500,1970,672.5,0,42.71
2025-11-12,Baltimore (USA),Indian East Coast (Paradip/Vizag/Gangavaram),9500,1892,679.54,0,43.77
2025-11-13,Baltimore (USA),Indian East Coast (Paradip/Vizag/Gangavaram),9500,1902,676.22,0,40.72
2025-11-14,Baltimore (USA),Indian East Coast (Paradip/Vizag/Gangavaram),9500,1838,680.64,0,44.67
2025-11-15,Baltimore (USA),Indian East Coast (Paradip/Vizag/Gangavaram),9500,1918,681.28,0,40.9
2025-11-16,Baltimore (USA),Indian East Coast (Paradip/Vizag/Gangavaram),9500,1959,683.91,0,41.2
2025-11-17,Baltimore (USA),Indian East Coast (Paradip/Vizag/Gangavaram),9500,1960,679.86,0,41.96
2025-11-18,Baltimore (USA),Indian East Coast (Paradip/Vizag/Gangavaram),9500,1821,684.29,0,42.2
2025-11-19,Baltimore (USA),Indian East Coast (Paradip/Vizag/Gangavaram),9500,1766,686.85,0,39.77
2025-11-20,Baltimore (USA),Indian East Coast (Paradip/Vizag/Gangavaram),9500,1805,687.17,0,42.29
2025-11-21,Baltimore (USA),Indian East Coast (Paradip/Vizag/Gangavaram),9500,1871,689.34,0,42.93
2025-11-22,Baltimore (USA),Indian East Coast (Paradip/Vizag/Gangavaram),9500,1929,687.67,0,44.83
2025-11-23,Baltimore (USA),Indian East Coast (Paradip/Vizag/Gangavaram),9500,1836,686.5,0,41.02
2025-11-24,Baltimore (USA),Indian East Coast (Paradip/Vizag/Gangavaram),9500,1851,685.64,0,40.76
2025-11-25,Baltimore (USA),Indian East Coast (Paradip/Vizag/Gangavaram),9500,1904,681.0,0,41.03
2025-11-26,Baltimore (USA),Indian East Coast (Paradip/Vizag/Gangavaram),9500,1807,683.73,0,42.11
2025-11-27,Baltimore (USA),Indian East Coast (Paradip/Vizag/Gangavaram),9500,1805,687.35,0,41.44
2025-11-28,Baltimore (USA),Indian East Coast (Paradip/Vizag/Gangavaram),9500,1818,685.83,0,41.76
2025-11-29,Baltimore (USA),Indian East Coast (Paradip/Vizag/Gangavaram),9500,1799,687.15,0,40.15
2025-11-30,Baltimore (USA),Indian East Coast (Paradip/Vizag/Gangavaram),9500,1694,686.79,0,41.76
2025-12-01,Baltimore (USA),Indian East Coast (Paradip/Vizag/Gangavaram),9500,1678,688.05,0,43.68
2025-12-02,Baltimore (USA),Indian East Coast (Paradip/Vizag/Gangavaram),9500,1661,686.7,0,40.26
2025-12-03,Baltimore (USA),Indian East Coast (Paradip/Vizag/Gangavaram),9500,1655,684.65,0,42.47
2025-12-04,Baltimore (USA),Indian East Coast (Paradip/Vizag/Gangavaram),9500,1625,687.86,0,40.45
2025-12-05,Baltimore (USA),Indian East Coast (Paradip/Vizag/Gangavaram),9500,1604,688.03,0,42.37
2025-12-06,Baltimore (USA),Indian East Coast (Paradip/Vizag/Gangavaram),9500,1604,693.86,0,40.16
2025-12-07,Baltimore (USA),Indian East Coast (Paradip/Vizag/Gangavaram),9500,1632,694.32,0,40.22
2025-12-08,Baltimore (USA),Indian East Coast (Paradip/Vizag/Gangavaram),9500,1616,692.13,0,41.24
2025-12-09,Baltimore (USA),Indian East Coast (Paradip/Vizag/Gangavaram),9500,1596,695.78,0,38.93
2025-12-10,Baltimore (USA),Indian East Coast (Paradip/Vizag/Gangavaram),9500,1603,697.81,0,40.11
2025-12-11,Baltimore (USA),Indian East Coast (Paradip/Vizag/Gangavaram),9500,1499,700.1,0,40.21
2025-12-12,Baltimore (USA),Indian East Coast (Paradip/Vizag/Gangavaram),9500,1531,703.64,0,40.01
2025-12-13,Baltimore (USA),Indian East Coast (Paradip/Vizag/Gangavaram),9500,1535,702.16,0,39.41
2025-12-14,Baltimore (USA),Indian East Coast (Paradip/Vizag/Gangavaram),9500,1541,702.11,0,39.42
2025-12-15,Baltimore (USA),Indian East Coast (Paradip/Vizag/Gangavaram),9500,1596,701.93,0,41.75
2025-12-16,Baltimore (USA),Indian East Coast (Paradip/Vizag/Gangavaram),9500,1490,698.7,0,41.26
2025-12-17,Baltimore (USA),Indian East Coast (Paradip/Vizag/Gangavaram),9500,1386,698.26,0,38.34
2025-12-18,Baltimore (USA),Indian East Coast (Paradip/Vizag/Gangavaram),9500,1409,702.17,0,38.7
2025-12-19,Baltimore (USA),Indian East Coast (Paradip/Vizag/Gangavaram),9500,1415,703.08,0,37.86
2025-12-20,Baltimore (USA),Indian East Coast (Paradip/Vizag/Gangavaram),9500,1431,699.67,0,37.37
2025-12-21,Baltimore (USA),Indian East Coast (Paradip/Vizag/Gangavaram),9500,1411,695.69,0,37.93
2025-12-22,Baltimore (USA),Indian East Coast (Paradip/Vizag/Gangavaram),9500,1453,700.47,0,40.51
2025-12-23,Baltimore (USA),Indian East Coast (Paradip/Vizag/Gangavaram),9500,1509,700.47,0,40.28
2025-12-24,Baltimore (USA),Indian East Coast (Paradip/Vizag/Gangavaram),9500,1537,698.94,0,38.66
2025-12-25,Baltimore (USA),Indian East Coast (Paradip/Vizag/Gangavaram),9500,1524,698.43,0,39.8
2025-12-26,Baltimore (USA),Indian East Coast (Paradip/Vizag/Gangavaram),9500,1409,694.63,0,37.02
2025-12-27,Baltimore (USA),Indian East Coast (Paradip/Vizag/Gangavaram),9500,1456,698.72,0,36.86
2025-12-28,Baltimore (USA),Indian East Coast (Paradip/Vizag/Gangavaram),9500,1526,697.87,0,38.66
2025-12-29,Baltimore (USA),Indian East Coast (Paradip/Vizag/Gangavaram),9500,1562,701.79,0,40.89
2025-12-30,Baltimore (USA),Indian East Coast (Paradip/Vizag/Gangavaram),9500,1512,702.14,0,39.95
